/* READ THIS - First Execute Schema Only File, and then Execute this File.*/

USE [ECommerce]
GO
SET IDENTITY_INSERT [dbo].[ProductCategories] ON 

INSERT [dbo].[ProductCategories] ([CategoryId], [Category], [SubCategory]) VALUES (1, N'fruits&Vegetables', N'vegetables')
INSERT [dbo].[ProductCategories] ([CategoryId], [Category], [SubCategory]) VALUES (2, N'dairy&eggs', N'dairy')
INSERT [dbo].[ProductCategories] ([CategoryId], [Category], [SubCategory]) VALUES (3, N'dairy&eggs', N'eggs')
INSERT [dbo].[ProductCategories] ([CategoryId], [Category], [SubCategory]) VALUES (4, N'fruits&Vegetables', N'fruits')
INSERT [dbo].[ProductCategories] ([CategoryId], [Category], [SubCategory]) VALUES (5, N'Meat', N'cock meat')
INSERT [dbo].[ProductCategories] ([CategoryId], [Category], [SubCategory]) VALUES (6, N'Meat', N' goat meat')
INSERT [dbo].[ProductCategories] ([CategoryId], [Category], [SubCategory]) VALUES (7, N'Meat', N'poultry')
INSERT [dbo].[ProductCategories] ([CategoryId], [Category], [SubCategory]) VALUES (8, N'Meat', N'Fish')
INSERT [dbo].[ProductCategories] ([CategoryId], [Category], [SubCategory]) VALUES (9, N'fruits&Vegetables', N'flowers')
INSERT [dbo].[ProductCategories] ([CategoryId], [Category], [SubCategory]) VALUES (10, N'Others', N'others')
SET IDENTITY_INSERT [dbo].[ProductCategories] OFF
GO
SET IDENTITY_INSERT [dbo].[Offers] ON 

INSERT [dbo].[Offers] ([OfferId], [Title], [Discount]) VALUES (1, N'diwali dhamaka', 25)
INSERT [dbo].[Offers] ([OfferId], [Title], [Discount]) VALUES (2, N'christmas sale', 15)
INSERT [dbo].[Offers] ([OfferId], [Title], [Discount]) VALUES (3, N'ausgust special', 5)
INSERT [dbo].[Offers] ([OfferId], [Title], [Discount]) VALUES (4, N'crazy shopping sale', 40)
INSERT [dbo].[Offers] ([OfferId], [Title], [Discount]) VALUES (5, N'holi sale', 10)
SET IDENTITY_INSERT [dbo].[Offers] OFF
GO
SET IDENTITY_INSERT [dbo].[Products] ON 

INSERT INTO [dbo].[Products](ProductId,Title,Description,CategoryId,OfferId,Price,Quantity,ImageName) VALUES (38,'chilli','chilli it is very good',1,1,40,0,'https://encrypted-tbn0.gstatic.com/images?q=tbn:ANd9GcSSJ_86O9c50E_RUmCr2sbTFSTW9gugjRpZ-Q&usqp=CAU');
INSERT INTO [dbo].[Products](ProductId,Title,Description,CategoryId,OfferId,Price,Quantity,ImageName) VALUES (43,'brocolli','this is brocolli',1,1,40,50,'data:image/jpeg;base64,/9j/4AAQSkZJRgABAQAAAQABAAD/2wCEAAoHCBYVFBgSFRUVGRUYGh0cGBocFRwaHRkcGRwcGhgZGBwcIS4mHiMrHxodJzomKzA1NTc1HSQ7QDs0PzBCNjEBDAwMEA8QHhISHzQrJSw0NDQ0NDQ2NDQ0NDQ0ND00NDQ9NDQ0NjQ0NDQ0NDY0NDQ0NTQ0NDQ0NjQ9NDQ0NDY0NP/AABEIAMABBgMBIgACEQEDEQH/xAAcAAEAAgMBAQEAAAAAAAAAAAAABAYBAgUHAwj/xAA/EAACAgECBAIIBAUCAwkAAAABAgARAxIhBAUxQSJRBhMXMlRhk9JCcYGRUqGxwfAUIxVikgcWJDNydNHh8f/EABoBAQADAQEBAAAAAAAAAAAAAAABAgMEBQb/xAAlEQEBAAICAQQCAgMAAAAAAAAAAQIRAyExBBJBURNxYaEFsfD/2gAMAwEAAhEDEQA/APZoiICIiAiIgIiICIiAiJgmAmpMXMSUkTkc59IMPDrbMGYmlRTZJ+de7+sqnMvTLKfc041sqL6k9BZZfM9v7SmXJjPKNvQia3PSAe3l1nkPGcflIKu2RmtSGZiQdVAkBb010BrY12mmfjHULkVMnQ6qqwBRB/Or2r+cz/N/CPc9imZ5jg9IuIXIKyNXhtXUMGWrLWD4asC/lLLyv0uxudOYDGTsrWSrG6YdPCb8+v6S05castUzNQe8zNEMxEQEREBERAREQEREBERAREQEREBERAREQEREDBmpmxlQ9LefPjvFgKggW7knwAjYLQNnz/PzkXKYzdN6dPmvpFiwEoTqcA+Edj2DHt/OVXL6dZG1KExqDQvdiNfhUqbokf3EruXh8e7s7nU3W7BsbVf5iiPlW8OMQLb5FCkUdB07MCL76QTVfM9Zz5c1VuT48I+slGbS5vTqJL61JF6QAKAHnZHXvPqnF1ZyFVdlLIrC/CnvAXWpjddu2/nFzYDRyO6urLW2oMqg2tadzbW35He5ngMmtTqRGNKMdgsisE/irchruqFAdzM9RX3N8+PKHXJiOvh9xQcKysQQyszmmAYbA+ZHSS/9EUUKDrUE6gVZnsra+sNgbgkG9t/2+GHmB8asgCKlsDSjckIoU3qWrPY7AVvNuJRw+rUU8RUK7FUfbweJTQ+ViybuRZrwbbKqoRQfT4DpCOSCzAbbdPCVIuqPlcioSuR0LjYWQSl6mJ0qwBvvWujeq77SThzq6Em1ANICzfg1U+qt0tQepuukkcagQpmOlQxRXtTtYADhgPnRBo0DVVJ89JlTOU+kWfhyosHD1dXJOgdgjDagBvv1PQ9r3yHna8Qp8Oh1ALLqDCiLBUjqO112nlGNmZASSodVfa1ZWo1pYje9G4b59p1eScUceZHJBZNmKqq2aDElRuCdTA0aod9yNcMrP0nb1uZkXhOLTKupGDD5Hpe+8kzoWZiYmYCIiAiIgIiICIiAiIgIiICIiAiIgYmjuACxNACzfYDqZrmzKil2YKqiySaAHmSZQueekeTKXXGSuLTpClVt2NiyTvV7dv8A5pllMUW6a+kfpkSrLjJRLrXqAZipOta6jYGqu5V8jtV62VUpnFhSyqBa03Q6g2x7dZH4otky4xpPgdXYCvBdAaiTTdWoAeV95nK9rqcorrpBOlW024ZQTf5eY37TnttvbO1tw3GM50lCyFjYUGiqvS7jbYVdX023EzxHGHSzBWdUyge6yjQ26Ov8dbdKv5EzRnRrIDCw5Ft4Ge1KsQAeoJ6gDc9SLmmHE7UArHEihEUkEsCtPbKrArRBXUB0ruZS4ykqRnyM6OiBwzBlTUhCraUu5qrBrUehXv35XDcY5xIi7urBX986d6bV8106yu/badHPxL06uNTAZGZG8AKBiF0su7FaG23nttfM5bwwxPkwuQyq2pfCWvUKDDyLHw3dkEjrL4zSLXZ5vxIfFjoP6zGgY+H3ywXUPDY90PQsVf77Y8CI2l0XSzLZdteoll0adR8TKQo6bCuveDy/IuRqUaHsM+IoFDrZCaQSNwLHbYUZGyorMhLYWRfWFUd6XVrYra76dmZT8wK2kidxXFLhxtqRtLMUKlTj06mOvS2nSy2Bd2RqqplUOFMSvkDBdWgaxbBV8RcMxDDsQK8/lHHprRGZuJRUJXTp8TL13AGmvCN6J2A+Zn5cCErrUutpaug16t6dx0u3A3HlItEMgjMDRCo2Rmdn8YF6mG25VfdIPYqV8y4bKyMoOlXKhSgcKNRACrivqdK7DsQaPik7jc6er8SkpqNsAt49RLUwY7bKVIG0xxPCklVxkB6ZiLpXQkmsdDZ189NHXvfaLaPpyPn+XAikMdDjZSFJBQHVsvVQQFsfPtL36M+ka8Si6hpYgEdg19q7H5Tyt8arjOYIp0MTtd2727DuBTjYla6V3nRwJTBULaSTpYtbIToKAsbIF+K/mvnL452LyvZonB9F+YnJi0uSXTYk/iH4Ws9TXX59zO9OmXc2uzERAREQEREBERAREQEREBERAREQKV6ac0YMOGXodJfpe7ChudhQJlLLXjVh0ZgtEspsEKdI3vdAfKrvzHR9J+IP+ozOVN2UHY6QQpXetz126j9JFyuWRXagxLAgKCCoNupJ6WuxN9WO85M7bkxyrjvm1Lr1WPWKtaR4dTDwLqG+nUR5Xt2ImjEFcjsKL3QchGXQilCwA8JDE7HyHXpJPEtpAsAJYYNWnSQbcMB1Y1Xy3G0griLO2wCOh1WzEiwtOT1AsgaexvyNxO5tDPLOJzvprUrqVt2XwuQG1Fh+IhCvQgA1M83zMpZ8aroOMqRbKHYFTqUjcsCTS/8AKZJd8bKzaayllGhna6ZkDsqsKGxYBwOg67SLlzWUfJhIO7Fy2soutaKDcKwXYCh1reJlL38iRwOTVhRkZ2dNJbIEGpmdgXQte6kFe46ee45fqHd2zBUAQIoxqxJC2uQEb01XWknzrykjNxWpnKZPfZNYclQpBtdKgLqsCz0uQOGa3JWwzamZVUhGUVVC6ok/nQk4y90ffgRqyf6gIxUodmCjxeJKQdAg7n9p2eGKuGRkUlmOvGcerwilQ0NkIAsbk9ZGKgIas4yg8H/lrSEEv33tlOnuD3mr8xVG11nOl20klba0VgQR1Fgm96AMXdH34l1QroV31ahshYBdtJKE0ARTMfkO035jxCOVs+ItkfGWZSA6ABU2sMCRYWxuvXafLlXGUh0N4Q7GtAYo49wLR91gew+U+jOX14tLF0Rw4saCjt6xMjMR4vxXttZ2BEJTs/Bpl8D41A1KNjpYBVJXVvaGyDW9jubqaJmBVNC+MqHx+AhbS1Yk0CCFHUUOhmH4lLb1BTdgpIYufdFFgTuqsSD5Hr5iLwSAIoWgSPCFY6WKjXswa1ItwfLUPIGTrsdTiBZ9cmnVRDkFyDW6lR0IJXSb3WupqQ8LkratePZBbFm0hUXZ8YvYUNxsWO8cv41ldFdEtwtHSWDhzTgH5E2f37iRs4GLKmMtSksNRRQSxZSMhZAbYsBTUN1N9JWzViVt9E+PIypTUpUFm20urUA1DcWVbqBuJ6RPHeVlg4fSadQxXc0wBY1/DuaHY0xnr2B9Sq3mAfLqJ08fhfGvtERLrEREBERAREQEREBERAREQMTnZuaorFW1CjRNWB8z3nRnN4/l2oll6nqPOu4+crlvXSK8158hOfIfBo10CWLFlOolgw8yQK67SFy/iA2Ni7WEe1IQ+IMPEDuSbOofmflLJz7kpKsFG5BFEb79RPPVbJw+TSNQIu1IJDG7tixIINL/ANM5bvbGu3zXhSQcaA6CSpIYe6xZqonYqV6nYDz783iiSXxEhQQAMjLYReoAG1MzWb6TtcFwGZl148frBkrUUbUVbU6guDWjqfEdqHWhM8y4ZsGn1uBlaqBIBpT7wV7OoV2HSZ3PUm519mq42Pl/r/GrZ9fhDLS0QbBZLWlVgWojbp3nQ5hyBtVB3A0AFd/GFP4h3odvmPM1ryzjkwgMmskKFogeEAmiK22va5E4P0uZMrJmV/Uk+BidbJ/6j+Id/MdBY2nPnOa57x1JP7TNaQ+P4/TaugPZyTdhbpQKFVczyvikbWiBV1rQHkb20kV89vlLJzPkycQhyIVO2oEHYgiww+U89yBsTWniKsCCN+m+4m/FyXLq+UaWhUVlGTS2oKw0E0XAFW3mSi9eu1dttMD+Jsqk05TQFUs2jWR4WYVV+W24B+UbgubjOoUYwMoJfSWBR6B1FbrTsfdN+71m3EpkfUXtGpQFU6AFK3jO+x3rfrR/e83L2NsjBFcB3Vn1Mi+o1WyuPVgeGhdb/kK+e+FmRA7uxBJTMNOoMpV3IcVq62pbfqfKfFkVCjj1rYyFcGrsAU2pQSSbN+I9CRPqjuFCqHBFsrkKLemABs2ALN7dj5mWmXetDThs6BmYMehZVGTUpJFviL1sLIIIOrceU+nD8QVyOGS1TJQCqLCm9OmiRsFDE9djPlwXE0CqEeGiSVqwBp8JAon8P5VNuKx7vkVQzI4rSQpZlIKrkD7sAykFr36Aby/hLoFkDqRRp1bUopV1+BXG4JUjzB6neSObbs+k0vqyCQLCPRcL5gshsn9B8onL8bC7SnKBSpA2yMQUQKSKCgAggjt17/Xnj2V1alBX1j9L1HSuMkXvurKQDWxNCRct9CTy1nGQFl8HvdAXtwWO/U02ob+ZHUb+yp0H5TzT0R5fkbNjzMmoqLORfdALM1ANuw7X13sT02b8c62viTMjYOLRyQpuupHT9D3/AEkiXXZiIgIiICIiAiIgIiICIiAiIgQeY8H6xCAdLUdLeR7WO4+UpPEcr4otpycNjyVsHWwG6HUCfdG/Qjz6z0OJTLGZK3GVQk9DSzW2NVtQSddiz1U0Lsft85O/7qOE9WHGn+Es+n9un8pb4kfjx1o9seXcz9Fs2HU4VSnbSbI87urH6Sm8XwBdiAhDjdkI7fxLfafoDIgIIIsHqJUOe+j9ePGxUX17i/wm+qnpvOPn48uObx8f6Vyw+lE9D8rKmTh390CwP+V7Dj8ro/qZYcvI8BVm0Nr0aW3tmXUgJJ7NR63sGM5qYhizOxGnwENsa3Zdx8p014txkRtRKkgEbbq1A9vIA/pOH8+u6SIWT0Q4YDbUKGsMHXalD7kLuOv8pu/o7jxI48RIIYbd9ZVWGwGw/wA3nS4/inGM4weiUTQsitIv/O0cPx5fEFYWepJPXe+lS85/djvf6LI4KclyJbkqQx94GmIa9Q03QNeQ/mLkfj+WomF8gGkgeG3ZRqJCgE33P9T5yz4+JDL6yiVAJoCzt2A7n5Sqc14jNxLL61GwcMDao+zv2B09Sf5CzJw91ymVvRqSOVwHCDImimqiWayyAk/hBPUeY2udrl/IMmQ+ssFlW6GnV4ejEdW3G9dgfyk/k3J3yZUxsunHSkCwaAu9Xmarr5z1Hh+FVAAqgUKG29Dtf5zq48byy6vX2mY78vLuA5C7YnyHG7q9WNIs6QTq3BuzRnSvh8joj8Nn1IL16u4WiNPu6SL3+fSeh4sKrYAoEkn8z1mmXhlbcqL8+h/cTox4bj87/Z7VFx+kmZV9Tg4cY1Twgsxc7Hr0H87m+HhuL4nSMmR2APQAKN/4tIA/eXJeW4h+C/zJP9TJSqAKAAHkJrMb81Ml+UTlnAjEtd/6fKTYmZdYiIgIiICIiAiIgIiICIiAiIgIiICIiBifPLjDKVPQijPpMyLNzVFB5nywZLwsOpIO9dPn2/OcdeEfh20lw6KfDY3AHZj3/OXfmXD/AO7fnvKnztfB8zY/tPl88ssc8uO+JaXGa20TP631h8lUfuS3944bGVAWbcMipie6BbT/AEknhwvh8Q/eXk1JJUe3bPD4iigHuSxH86lUTgXfO7vuzMST+uw/IDb9Jd8gBdQN/wD8Mj8BwGrOE7E7/kNyZ05ZSSYzzeoXHay8g4EIisR4iP2E7E1UVtNp7HFxzjwmMWrMRE1QREQEREBERAREQEREBERAREQEREBERAREQEREBMEzM1IvYwOVxOdHIKk30G0q/HZV1FWAIDbfrLdx2ABNgBvewrfzlJ53iIyk9jRnzPr+HPHO3Kzv6W30hAOuRdR2ux/adfIqs48WkfiA7/l5TGbBaI3cV/n85FU+MTHkzuMx0SadXh08Wwodp1uR8NTO56nYf3kDhxQ261/edXgVfUDXg87+W36zv9LZeTHct1/H/eE2dOsJmYEzPdUIiICIiAiIgIiICIiAiIgIiICIiAiIgIiICIiAiIgIiIHw4pbU/v8AtKXzPjVLlXUCm09zfl28pdOK90/lKdzVEDKzDxDv510ueL/lM5jYti+3DujihVDb/LkDLh05Y4jjAyqq2CoJ7V26fsZ91OoK3eePnnLNfHwv1XU4ZbH8p1eVZdSkdlNA/wAz/nznJ4Ztqna5djCpt3JP+ftPX/xuVuWkZRMEzET22ZERAREQEREBERAREQEREBETEDMTEzAREQEREBERAREQMREhczzMuM6QbOwI7fO+0z5M5hjcr8D68WfDXnKhzZSzV5SVy/jmAK5C1X0azXnTV/WfTjcAK60OoeU+Z9ZzTmz929T6aSdK8cJv9JN4f/bABJJomu99akxOD/F8uk5+fCS7f8olLx46iJfb26PDM92QtbHzG/bzud/lr6izA+HoBvsQTe0qmt0QHVsR0lp5Hfq96vy/SdnoO+aY/XZctx1IiJ9CoREQEREBERAREQEREBERARKf7S+V/Fr9PL9ke0vlfxa/Ty/ZAuESn+0vlfxa/Ty/ZHtL5X8Wv08v2QLhEp/tL5X8Wv08v2R7S+V/Fr9PL9kC4RKf7S+V/Fr9PL9ke0vlfxa/Ty/ZAuESn+0vlfxa/Ty/ZHtL5X8Wv08v2QLhEp/tL5X8Wv08v2R7S+V/Fr9PL9kC4TUrexlR9pfK/i1+nl+yPaXyv4tfp5fsgWQ8Cvax+20+K8sAvxHf5D+04PtK5X8Wv08v2R7S+V/Fr9PL9k5c/R8Gd3ljEy2O7/w41QYf9P8A9yO/JCSTrFHqAh/rqnK9pfK/i1+nl+yPaXyv4tfp5fskT0PBPGP90t27P/BF0gFm28qH9jJ3DcOEFAk/nKx7S+V/Fr9PL9ke0vlfxa/Ty/ZNMPT8WGXuxmqhcIlP9pfK/i1+nl+yPaXyv4tfp5fsm4uESn+0vlfxa/Ty/ZHtL5X8Wv08v2QLhEp/tL5X8Wv08v2R7S+V/Fr9PL9kC4RKf7S+V/Fr9PL9ke0vlfxa/Ty/ZAuESn+0vlfxa/Ty/ZHtL5X8Wv08v2QLhEp/tL5X8Wv08v2R7S+V/Fr9PL9kC4RKf7S+V/Fr9PL9kQPzHPSvQT0I4ficKcTmORvE2rGRoR1DerpGDBmosrF18I93rPNZYeWemPG8PiXBhzacaXpHqsbEAtrI1MpNat6vuYF44b/sw4dlxsc/EDUFUgoisHZkWypNoDrB0N4gBv125HNPQfAmD/UJlzFW4V+IQMFB8I4RlVq/9y11/CJxz6f8wNf+I6MGH+zh94EMCfBubUHfrW8+uD03y/6PJwmRTkZ09WjlkC48YXEoUKMeonThAvXR2JBIshUIiICIiAiIgIiICIiAiIgIiICIiAiIgIiICIiAiIgdDh8eAqNWR1bvSBgNz8x2r+e8+jYOHBcesdgB4SFoFrOx2O1AG9u/5STi9KeKVVRXXSqqo/2kOydNyu5I2J7jrMJ6UcSAQGQAlmP+0nvNepvd6nUf3gfD1fC7ePN87VRtZuquzWnbbvv2kfjVwgL6pnN3q1ACulAV17zov6U8QSrak1KWOrQtnUVNHboNIofNh0JEhcy5tl4jSMrBtFhaRVq6v3QPIQOdERA//9k=');
INSERT INTO [dbo].[Products](ProductId,Title,Description,CategoryId,OfferId,Price,Quantity,ImageName) VALUES (44,'cabbage','this is cabbage',1,1,40,40,'data:image/jpeg;base64,/9j/4AAQSkZJRgABAQAAAQABAAD/2wCEAAoHCBYVFRgWFhYZGBgaGhgdHBwcHBoaGBwaGh4ZGRgaGhwcIS4lHB4rHxgeJjgmKy8xNTU1GiQ7QDs0Py40NTEBDAwMEA8QHhISHzQrJSs0NDQ0NDQ1NDQ0MTQ0NDQ0NDQ0NDQ0NDQ0NDQ0NDQ0NDQ0NDE0NDQ0NDQ0NDQ0MTQ0NP/AABEIAMIBAwMBIgACEQEDEQH/xAAbAAEAAgMBAQAAAAAAAAAAAAAAAwQBAgUGB//EADgQAAEDAgQEAwgCAgEEAwAAAAEAAhEDIQQSMUEFUWFxIoGhBjJSkbHB0fATQuHxFBUjYpIHgrL/xAAaAQEAAwEBAQAAAAAAAAAAAAAAAQIDBQQG/8QAJxEAAgIBBQACAQQDAAAAAAAAAAECESEDBBIxQSJRYTJxkbEFFKH/2gAMAwEAAhEDEQA/APsyIiAIiIAiIgCIiAIiIAiIgMIiifWA7qspKKtglWCVVfXO1vUqBzi7W/f8BYS3EVhFXJHSlYlc7M74oC0c7m71UPc14OR1AsrmUqke6fWVucbBvHlqpjuYV8sBSR0EVWnjWnWR3VkFbRnGXTLGyIiuAiIgCIiAIiIAiIgCIiAIiIAiIgCIiAIiIAiIgMLSo8ASTCjr4hrdSuXiMSxxkk9BsvPq7iMMXkhui3U4gCcrbk/sqrXxd4b5lQAskkOLSRGgsOkKSnhWEWdPoSudPWlqPsplkD8Q51h5lRsx4aYBk7k6BS4nCPNg4NHJczE8KdEArzTnNPorRdfxdg3zHrorGG4g13wjsvJ1ODVJ1HzUmH4ZUHvPaPNUjryT6FM9b/Gx14W7KLG3AXFoMazWoT0AlX/+fAsx56mAt46se2skFp7QTMXUtGu5umnL8Lkt4i+fdHmt/wDlvP8AUDstI66TtWSnR6OlVDhZSrzuGrO5kFdCljzoQT1EW/K9+luYyWcF1L7OksqNjwRIK3XqTsuZREUgIiIAiIgCIiAIiIAiIgCIiAIiIDCgxNXKLaqYlcDiWNzOyt1Xm3GqoR/LIZjEPBNzJ6Ku5g5FXMNhRHiF1OKYXNlByyyrZx30bWn6qs7O27TK7r6Y2t2UFXDB1xY8/wArDU0UyLOZQ4y4eF4kcirgyVPceWO5at+RUGIwYcIIv+6LkVqLmXbdvqF5XKcVUsr/AKSqZfxjcRTuQHDmACP8Ki3ij/gb8lcwHGyLOuFfqYSnVGZkA9PwkVGX6W/2ZDs5jOJv+Fg8grreIuI91p8ly8dw+pfLDhvGvyXObnZ70hTycfsrbPQ/9QZ/anHULduKpu0eW9CFx6eJzahS5GlFOXj/AJB3GGdHA9it2VHNMHTquAcP8JI81NSxFRts0jkbrSOvJPK/gHrMC+/Q/VdJeTwnFIIDm5eo0XpsPVDgCDK7W014zjXppFk6Ii9pYIiIAiIgCIiAIiIAiIgCIiAKHEVQ1pcZgAkwJNuQUhK4PEOKzLW3ExPMjVY62qoRtkN0VcRjK2I8LWmiw6lxh7h2Hu2UrGMYSW+Jx1J+g5BVqmIyjXxOuTyHJV6VfM8NB7nkFyJTuXKTtmTk+jstqkNvqfotqb9SVzq2Ji5Mch02SpiIYL3P6EepRFlp+Ii6hOIK5hxo0lZo18xWcp2RZ1sQ7Ryo4wR4hodRzU+IfDR2UDnyyeSylkmzlYvBgjOyyrYPGvY7WF0KFUTH9T9diqeLpAEgrzON59LKR2qeJZWAk5X7OH3VXFPeyz2h45xr5rk0idtR6rqYHiIcMj7jqo5X3h/ZarIGvonYsPS4UzcO0+69p72Kjx3DY8TLtPoueGFHyj2ijOq6m5u3nsshy59Gu9mjj2VpuMaffblPNunyVoyXoJiQVe4LjnNcWuJI2PTkVS/jm4IcOY+/JbUjDl6tKbjJSRZHt2ukSFsqHDn2jbUfcfvNX19DCXKKZdGURFckIiIAiIgCIiAIiIAiLBKA4HGca4vNFlrAudMATHh+VyeVt1wn1GtgDQb8+Z8yt+IY3/vVWhzSJOk5oy3m0RtrzXEdWzOAC4etrcpsxk7Zb4hXJLo2spuFNysLjv8A/kanzNvJUn+J5A5/dXMQ+Glo0ENHlr6rD2yDWpi5dfnbsq/E+IS7KNAqoqQS47fVch+IJcT1WHJybCR03YjYK3gK5LgAuG96u8OrZJdyCq0y1WegxWOl0bCykp1pY/pC84MTmK6eDqSx/YKrk7Io1Y/VWcQc7Gv3Fiuax1lewbw4PZzE+YVb+RCIXm89VjGU9HttKPPRSMOZhG4v5bpLslMm4bxKPC7RWcbQEZ23b01HdchgBV/h+NynI/QqFLx9f0X7I2EOR7LKXF4LKczfdPp0UTXndaLGGVozQc5pkGFcFYO96x5jTzCrsIKw4QtIqugen4Zi2sHiMaDpchoPaSF3QvCPoGpReG6ljwO+o9QF6j2f4gK9BlQTdsGdcws71E+a7Wz1bXFl4vw6qIi95YIiIAiIgCIiAwiKvi8QKbHPOjRP+FWUlFNvoG9Wq1olxAHMmFwsdjM7nNa/wwIyxBkbka3XL4pxH/kNy5BAMgkk7EaDp32XJyGm3Yd/xK42638ZvhHr7RlKXiK2LxTaTHU/7kkuO5+Hyhc3B4qXt7z5C/2V/HVGV2eOGVG+68aRycNx9Fx6XDarZmZNmxLh4tTI6fVeOKTWGUTO/wAMMkv2aCfPb1WcbVyt0v8A7JU1Gg6kxodebnsNB05+a53E6kwBuRHa6s8Ela+Sd3FV20Y6ldDFEMYwHYSe5KpMJcJmB+8lWKSbLUROapKgysA53/CzQokuFz/galYxNTMSeVvwoYI8M+DC7uDP/bee31XmsO4yZM/7Xea8sw5gwXH0Wc45JoMKsYERUb+6rnYevYyecfJWsJWzPF4u0bqko5sJErnkEj9/bKSg8Ai3vSPRc/HFzXu8RNypP5JyHz+iBonLICjJv6jurFdhv4vqqVR7m63/AHYqlZJO9w6vmbld2VavRLSRtsoMLUygu10j8ro1AXtDi7X6rSPyWfA1aKTVZY6dVVexzd5/eSmaSQCCey0iVL38uSm9w2aSuL/8f8RcK4ZmOR4f4dpAzAjkbeq6ocHMcDu0g9ZXhfZzFOpVQ4EgteDHODDh2hezSlTT+qKuVSR93RaMeCAQZBW67xuEREAREQBERAYVTiWHz03N5j1Fx9FbWCqTgpxcX6Dw2HpEi0DQyVzuJYdrTLqzR0iT8pXtKvAKJMhpHQOcB6FfNOOlwxbmCWDPlDZ8IvY21kELgz2C0VnOTCcWjD2UJvWNxaWwddgTJXZwLmD+/hEc7nzXHweAY9jTnzGZuZIO4vfXmuhUw7mtgERHP8qvFRyiEjXjnFWMaXG5Jho3MbAeYXn8Jii0GpVBzG8ERDbwLq26i0OuMxjWCYn/AMjoLrasxtS1trESLWspTVUTeTl4jiRfc8/yrdDEjIL81NU4exwADWt2loj5gWK5R4VWDobflfVPi/wTZ3sM/Kxz9yC0fdc4VBft6rLadR8DRjZBJs2d+61qcOcLh7T89fks8dNk2iPCuBJ/d12Mc6GNaOU+Zj7BchmFyZnF4Ee7Y3/ClqYuZkzsNYkbKJQt2hyROyzT5/RScOf4x3H3VRlQRHP8KbhXvjuPuqSjhk2WcXWl7tNf8KL/AJFxa14HLRa4hhzEnmVAxmYtHX8KqSoHpKpkT0H0CpYgWHmfoppOQQVpSpTcmVm1kk3YPB/9YV/B1MzAOYt3Cq/0M/2P00+qiwxc2SHaEKVirFl51XM0g2OnroUwsjW1z6bqLE0TmDpsRPPv0UrH5gBoB+/JaR+mQaYqsGyRZeOxIH8ry2zc3yJgn1K9bxUgARpF+q8VTBc8xcEk/graDbcvwYzPq/sLjw+iackmmdTu10kdryPJeqXyf2R4r/x8RD3BrH2cSLCAcl9hJudF9XC7Oz1OWmleUb6btGyIi9hcIiIAiIgCIiAwV8o9q3N/na43OcOI5tzT9F9WK+Oe1U/zFw0JgdAufvn8V+5SfRnHYZgcSyoGEjwOaYdpqZPiH5VehWxD2hjzlgxm1LhoHBp77rqfxBzGHIHeFrmg/wBIsO9wVmhhcoLnAF5Mz9uy5/lGZXqYXwkiYGk6nuqTi5txHQLrlvig6C/kbqhiKQkN5yfsI5aKjjbIZXoYjY/sBXmvtzsfOx+65r6Lmm5kfFv5+W6w15EydAY7m30Mqrj4yUW6j886jpzuIPVQZiQRst6dTYqTJr2nytHqkYxDOdiz4QDufoCVPhWjKA4QT7xNwSefLuq+J8TmNHUntZWQ2HZdifTU+itJYpFas2rcLP8AUweR07A7eaj4eS18OEEA6q3RxheATALdha23yW9Oo0kl3uj532HJYOUkmmQpOLOe+p4lLhjL291riMGXXYZ6H52O/mquFe5ji5wIIsJ5q6SccF1NM9CHeFSTAC5T8dudbQFYZj7SRHLuslDGTSzp1IEDkP8AJUAPhd5LmjHGeak/5No5/oUuJFnaY/MxvMfdag3XNwGK8RYTt6hT1sUGqy6yGzHGqwyHmAvMYKJA25/uyv8AE8TLXA7qhQ8IGk8vv2WkF8W/swm8luqzwk/7X2TglbPh6L7+Kmw3190L4vXfMiZN4PP/AAvt+BpZKbG/C1o+QAXQ/wAcnbNNH0soiLqm4REQBERAEREBo7Qr47x45nnnJX2Mr5v7QcELarjle4Ektyixk8+a5++hKUU0UmrKPCaxcyPhIHYXt21VhrpOqiwbP42vbkLDEkGeZiSd1VoYYvdncXNY3lYuOwb9fkud1hmZfeyXZRu0GeQBdcqjiWB5GS2WwJ/sBJM8pVvEYrOBkBaw2vGYx8UfRaspyPJKBz3MdqbDc7eXNVarw6bR2/dV069Mhl/iEf8Aq6fqPmuQ/Dub4j4h09FR2DLD27TqVbq1SPBGmpt4iPtrAWjaYAzEXPu8x1UbKR7/AD+6hLFgiosmo5x0DR9dFZuQ528R/wCxg+gWrIzFsbNM89beinqEMb3+g3+c/JS5YyEijkIPJbvedbbDkCdfnZSCoJiL/tylWsxwaxpm7pMWm2/3Vf1ZoONoq1a5BgGCfTorFOuD71xvyEaqq5ud3huQeXvSY/eykqYZwB5CM2k/6RxXRlxZK8UnumCyT/U/YqMYaXZc4AmNL/KVAX5SLXjf0K2pOJcJuBf5XTKJTaLTuGua/IXDoYsd+dlDUw7zJAzAaxfTW2qnweJLnwb732i61o4m5c3QSO5MyVFtdolNlbDZ3O8LTKuihUMnLPYjX5ox4JzCRA072hbNqQHQTpPnI/JUSlfSJ5Mo18G9x92wuZI2Wn/TXh4zObDr5mmR2VhtSXgkn6ztf5q3wNn8tdlIkgOcLjUa/MLbT5SaiinHkz0fsr7PMquL3sJYGwLkAum/ukTAHqvoLWwICr4HCNpMaxujR5k6knqTdWl29DSWnGvfT1RioqjKIi3LBERAEREAREQBYhZRAcX2g4carQQJLZOX4gRp3Xz/ABb3kw4ZcpjLEBvSNl9ZXnPabhJqAVGCXN1G7m/cheLc7ZSuS7KyieJe8Ze0lSYc2zfpUdWNesOHL9hSPqFjGtb75GvIbR1Oq5rtGQxDDIBcBAJg3N+gUTy0c3egUWXLffmtJ5qslQMGlmM3us/xHTQLL6kaKJpc4xzWMpEmjmw6JiBLjyH7otKdJz8zycrBAk7AWAHXoOauvwjGCHRzIGpPVc7EYl9XwsEMBgbAdgkc9Do1qMzWb4Wdfed1dy7LDMMJA23g7clZp0Q1sanclTtDQB0uevRW5NDsgaMvQkWHIHfvFhylaGgX2HXsP8K0GTLjpufx1VbEYnKIFunPqeaXZNFN7TMGDHzPUHVSUhDcu56bf7W2CweZ2d6t1KgJgCw33KmVFeJTdTy+EGSde3whMRlbDRpPzXQoUpP7YLerSY8iWggadh1SrHA5+EvrvfyF/sp3XBIE3gAesecK7SwTDNrdyu/wfhjnwGiADc7D8lXhoOciVA4fCPZmtXu0BrQQCXGI301K+icK4JRw7Wta0Fzb5yAXFxEEzqOwV7DYdrGhrRA+p3JU67OhoR01+TRRSCyiL0FgiIgCIiAIiIAiIgCIiALBWUQHk+Mezkuc9lw65bvP/ivE4p72vOYEEGLiF9eeFwuL8LZVu5t/iGvnzXj1tspfKJVxPnxqS2+6ipv0PWPmrnFeGPpG3iaNCPvyXNwz/i0Gq584Si8opRcOUXcTfQak/YLD8XAhgyzv/b5rnVMRmcXE/wCkNYLBwTyDZ+Zx962/MrZtUNGVu37ZQueYSi3MY0VaaFFmmS4wBJKtvDWCPedvyH5VepXawFrNd3bntyC51XHtbYuv5lU4yl0Wo6FSsTr/AIULKYJzG6pNxrDpPyW7cUdGt8z9hqtFCfVCrOi+p/X59Oi0Y7YKvTp1He60/T1K6uC4M913PawdPE78LWO3nImjQPgEStqLHvIaxp6ak+QF16PAcDot1Dnnm42+QhelwOHa0Q1oaOgAXrhs/tk0cThHs24wavhb8P8AZ3ePdHTVeuo0mtAa0AAaAIxqkXv09KMFgkyiItQEREAREQBERAEREAREQBERAEREAUNWlKmRAefx/DpmF4/ivBdSBE6wvprmgqrWwTXbLOWmpA+JYrBVWe6J7qm11Qe8z5L7XV4Kw7KnV9nGH+qxlt0/BSPlIcYGaWjzJ9FC/HOBhjDHxHU/hfVH+zTDsoD7KM+FY/6kbzkcUfKXVKp/qt2Yeo7UL6o32WaNlMz2aaNldbeK6RNI+WswDyruH4c7kV9LZ7Pt5KdnA2jZXWjXQweFweAeu/geHO3Xp6XC2jZXKeGA2WkdN+g52DwMLq06UKRrYWVqkkQZREUgIiIAiIgCIiAIiIAiIgCIiAIiIAiIgCIiAIiIAsFEQGhWAsopBgrIREJMoiKCDdERAEREAREQBERAEREAREQBERAf/9k=');
INSERT INTO [dbo].[Products](ProductId,Title,Description,CategoryId,OfferId,Price,Quantity,ImageName) VALUES (45,'tomato','this is tomato',1,1,20,40,'data:image/jpeg;base64,/9j/4AAQSkZJRgABAQAAAQABAAD/2wCEAAkGBxMTEhUTExIVFRUWFRUVFxcXFRUVFxUVFRUWFhcVFhcYHSggGBolGxcVITEhJSkrLi4uFx8zODMtNygtLisBCgoKDg0OGxAQGy0lICUtLS0tLS0tLS0tLS0tLS0tLS0tLS0tLS0tLS0tLS0tLS0tLS0tLS0tLS0tLS0tLS0tLf/AABEIAOEA4QMBIgACEQEDEQH/xAAcAAEAAQUBAQAAAAAAAAAAAAAAAgEDBAUGBwj/xAA+EAACAQICBwQIBAUDBQAAAAAAAQIDEQQhBQYSMUFRYSJxgZEHEzJCobHB0VJy4fAjM2KCkhTS8RUWg6Ky/8QAGwEBAAMBAQEBAAAAAAAAAAAAAAIDBAUBBgf/xAAyEQACAQMCBQIEBQQDAAAAAAAAAQIDBBEhQQUSMVFxE2EikaGxMlLB0eEUYoHwI0Oi/9oADAMBAAIRAxEAPwD3EAAAjGVyM5EoAEgAAAAAACMmASBC3UkmAVAAAAAAAAAIxd8yMnclDcASAAAAAAAINgEwQJJgFQAAC3KRKSyKQiAIRJgAAAAAAhUgpJpq6aaa5p5NAEkyKOT9HuLcYVsHN/xMLVnBLi6Tk3CXXivI65o8TyeJ5REkkEip6egAAAAAAtydyU1dEYx4sArCJMAAAAAAAAEIkyLiAUJJBIqAAAAAAAAAAAAAAAAed680qmCxVPSNBXUkqVaPCXLa6SSSvwcInUYTT3racKtOhUq05pNSpyptxfGM4ylFpp3WVzP0rgIV6M6M12ZxcX05NdU7Ndx5t6PdJywmKng6zspyceka0Xsq3SW7/Erfwy9n9yHSXk9AWJxNRdilGj1rNTkuvq6Ts13zRKngK/v4uX/jpUoL/wB1N/E2gJ4JYNZU0fW93F1V+aFCS+FNP4mPVxOJodqoo16S9qVOLhVgubp3aqJZ32WnyizdkKk0k28kk2+5DAwRpVFKKlFpxaTTWaaeaafIunG6p6bp09H+urTUIQnNX3+1LaUYpZv2sl9i7o/WDEYy8sJSjTopteur37bW9U6cHnnxb+OR4pJrITR1oMDRmEnTi/W1XVm3dytspdIxTtFGeSPQAAAAAAAAAAAAAAAAAAAAAAAAAAAAAAeVeljAeqqwxMcttWk1+OG5357Nv8Weqml1s0JHGYadF5Sa2oS/DUXsvu4Po2RnHKIyWUYuo+n1jMMpSf8AFhaNRdfdn/cs++/I6Q+f9UtNVcBi25RlZSdOtB77J2f9yauvFcT1XTmutCjH+G1OTV0/dV1dX59xFVEllllGnOq+WCyzqzl9dtNU6eEqxjUi5zXq1FSTfaylkv6do8z01rjXrt3m9nksl3JGDRqSmk27t38FdGeV0pfDFG+64bO2t3WqP2x7/wALLNlpvGWwGHoxavt1as0t8ZX2ILycvNHpPo5qqWjqFmnZTi+9VJ7/AJ+J41OrtbWeSm7dxutXcbGipSc5R2Xe0W1faXPkeU6u5lVq/wCodHOqS+eE8fU9yB4rj9e68sozko8Em/i97NZ/3HWbzlLzZ7K9gtjq0+A3ElltI99B4jgtbMRT9mpJeN15PI67QnpBUmo1or80cvNfYlC7py9jPccIuKWuM+D0AFnC4iNSKlCSlF7mi8ajlgAAAAAAAAAAAAAjJgGHpWFZ02sPOEKnBzi5R7st1+efcc9g9dI06nqMfT/0tbhJ50ai/FGfurvyXM6xLvMPSmjKOJpulXpxnF8HwfOL3xfVHjzseNPYy6VSMkpRalF5ppppro1vLh5PpTVHG6Pk62j61SVK93BZyX5qfs1V1Sv04lzRXpVlHs4qhe2TlTdn4wllf+5dxHnS0ehHnxo9D1QHP6J1ywWIaUMRFSfuT/hyvySlba8LnQEySeQUbMbFY6nT9upGPe0n5bzjtbNbIOm6dGV75SlzXJcSM5qCyy+jQnWkoxX+djjNfXTnjZVKW6dk3zmlst269k57Ss2op3yWTS4SzdjYTk2pSk873XG13s8N++V+RgYin62M14ro0tm3g1Y5zfqRy+5seOG30WnmLSz4ej+TWTBpptXNtSns03Lc4wl8I3/febDRWDh/pVVe9Jp9GsreZqdIy2aFV2eVJ8fxZfIrhBxepp45eRqqFKPdt/ZfqYOr7clUvuz+T+68i9Xqdm9872fXZIaJpbEF3X+RbdJyr+rWd5JW73b7k4yUoS7Eq1KcOK0pLrJRk/qpf+UyVOJdjA32P0E6cdpcszXQw7usrye77v7ft4XnJ9fTrQlDmiYyRG7RuMJhXtbM4JdyXnll4FdI6LtmiSi0slcq0OblZn6pa1VKE0m7xe9Pc/sew4HGRqwU4O6fwfJ9T51nFpne+jzWTYl6ub7LyfTkzbaXGHySPn+L8OTXrU1ruerAomVOmfLgAAAjF3ISlcnFZAEgAACCJlGgCLJIJFQAc5rFqZhMZeVSns1Lfzadoz8Xa0v7kzowGshrJ4VrF6LcZRUp0Zwr00m7K1Kol1jJ7L8HfocvoTWvHYO9OFacae50pXtFf0p503+Wx656Q9Ydn+BCVvx24vl4Hl2OjGp7S7nvfhzRhqXEIT5Tq23BK1aj61N4fVJ7/PTL2ysd+umTU0zKtmqjvLg29p/7ilKq75vzs01xt1+hoMRgXFp70uXBfQzv+oOXtdLtxUWyiVLPxQlk30+Nek/RvKXLJbpfXD2902uxfpV5esUb3i2l33aXkruyMyjNR458b8b/AKmbq5h1WpVVFWll2t9lGLcY26yv4ROeWJbW9PhnluEINLU5PGbuldVIypdEsZ779HhrHQ3SxKW3G+Tam1wbzTflYwcT/FpTgnnPLwyNbXx+y1aNs83vfK50OCw8d+TeTZJ5i02cpSk2n2LGkJwp0m435Juyy3ktQcF62s60t0b273+2avTFd16nq4vsQfakuL5I2OExbpxUYdlLl8yic1TiopH1vCrStcKVzVfxS0TfbfB6Fpdw2HdrccbWqqM9tK6tbvyV/EwKmNm98m+9luGI8U96ZnnNyecYO9b2boxxnJ1OBmnaclw7Mb7+rZl1YKSOd0djVtdrdw5JcjoqNRSWTNNKWUYrmm4SyczpXBWd0jV4as4TTXBnWaTppo5LFwtJlc48ryaqM/UhhntupGmliKKi32oJLw4HTHiGoumHRrLPK9muaPa6dRSSazTSa7mda3qc8Pc+N4ja+hWaXR9C4WpO5OSuIxLzAIxJAAAAAAAAAAAA1+m8eqFGdTilZfme799DYHEeknFPYhTXFOT+S+pXVnyQcjRaUfWrRh36+Dy/S2KdSo5N3zMFIvTV3cojht7n6RCPLFRRZaf5e4xKkLb15b/M2TLE4XFOpJPQzXdlRuYctWOV9vD6mLgMVVg5erm4qScZWdnZrc0YtejKFkk5J8Vwfyf/AAZsVvSefTl+7Eq+OjFKT38FxfKyN8ZSex+b3cKVOtKFCXNHv+3de+5LB6LvFynberR5258S5i60lTnsNp7NsuFrJ28LspRrSaW1eL335d6L9O7b2lwzfBpkU+Z9z2pa1aDjKrBpPvv/AD5LOD2IwUYouW5mJGg6bs/Z91mRGRinFqTP0m0lCdOModMLHguFadO7IwVzdaNwnFnkY5LalRQWSOG0ZdXLkqU6eabN7SppIs16Vy/kSOW7lyevQ0VTSratI0+Indmw0rhrO6NXJFUmzZSjFLMS7gquzNM9x1Nx3rKCTecfk/2zwqnHNHpPo6x7jUUH714/b4o1Wc+WRx+N0PUpcy6o9NAB1T5EAAAAAAAAAAAAHm/pDleq+iS+F/qejs8017/mz/fBGS9eKR1OEY/qU3smcI6N39Sy68E9zl1XZXnYyaalVkoUk3fLLfL9OrOt0RqzGmlOpaVTl7sXzXN9fIw0qOmZ9ex0rnjNavP07PSK6za6+E9vKz46vh5z50prvsvpn5GDXruV17K5fqdZrPZPqcrKDk97IxlGL0idCrY1ruklOvLl3SUVny1j5GFVxLWUV0uyej8I3Lbnm+F+BfnhrM2WBwreSQqVm1hE7ThFtbvmS1W71LThcyaU5RXaV15nQ6J0C3nJGxxmg47LssyuFOf4kW3Fxb1P+KaTW/b/AH3OW9VCcMnv80/t8zVSptO3A3Fei6crrf8AMsYlJ9rduT77cejbyZZn1NN/uYaEHwyejzQlu/8Arb7/ANr3fjO7ctHUFxN/hbI0WHqWNlTrqwjjB0LhNvU2jqmNicSkjAq4yxrcVjLiUsFNO3yyOkK+0zXPInN8WUtcpOhGPKsF3CU7u502rtVwrRlyafkzQ4GNje6PWdy+j3ObePKcdj2i5ItUHku5fIuHaPhyoAAAAAAAABGMrkHO5OCALeIrxhGU5yUYxTcm9yS3tniusekpY/ETdNONFPLem1u2pd9sl/ydlrPXnj66wOHlanB7WIqe6rPKPWz4cZdzZa1j0NTw8YQpRtFRWfGUtzlJ8W8jJczfI2tjTY01WrqnJ/C+vv7eO5o9Wqag3lnkr8bHRYivZHM4d7LuZGK0heNjmUqmFqfU1bZOa5Fhdlsc3p6s5zZZwGD7Lm1uLtSntT72bnGUNijCKV5SeS+rCTeWdOpPkjGC3OZqU9qVkdbq3oyyu0YGisDLbvNLvss/G17nWYa0VZFlOmm8syXtw+XkiZdJWMbHYhJZipiEjm9O6Qb3Fs6nLEwW9u6k0ajTOK2pZGup4hp3Vu55prk1yKVpXMfaMa1eT6RU48nI1ldDawpKcOxLNcONl03tcmYixTWRj0K7i1KL+z6PmjayoQr9uFoz96+5Pfn06+Zb+PXf7nLwrD4ZZdLZ6tw/te7j+V646PZmrdaUnbfctuZmU6CjG787XVnlluut911yMeavJvmRcdDcpJtrYRzL0KZSlAyoQIYIykSoROk0Lh9qUEuMorzdjRUonZakYfaqbXCGfjuXz+BroRy0jj8QqclNyPRIsmizBk73/e86x8gXQQS5EkwCoAABalK5caIxjzAEImBp6nWlQqRw7SqyjaLbta+Tadnna9upsijANLqzoKGDoqnHOT7VSf4pfSK3JfdlrWzC7dHaW+Lv4PJ/Q3zLFeCaae5pp9zITgpRcSdGfpTUlseSVcmYeKzN7p/R7p1GvJ81wZoap8/OLjLDPu7epGpFTj0ZiUpbMk2bPHYpy2JR3RVvpn4GFsl9MmnpgtqJNqWNUbDB4lRipTS47MefVlyelf3yNVOZZkT9R7FCt4t5aMvF6SbuamvV2i7URjyRU8vqbKUIxWhjSiWZQMtottHqRdzmMoGThopb8nx3O65dO4ositertO76Z8W+bLEUzk3oQlyW5c974XYigkTihgg3oXIIyKaLUEZFM8ZVJl2nE9F1Kw2xR2uMn8F+tzhtG4dzkklm2kj1HR9BQjGK3JJG6yhrzHz3GK3wqn3/AE/k2NMuwLVMvWOgcAqiSQSKgAAAAAAAAAEWW5oukJIA0mntGKtDL2l7L+h5xjsM4tpqzXA9cqROe1g0Iqq2o5T/APr9THdW3qLmj1+51uG8Q9B8k/wv6fx/vjzOTzLieRlY7BuLaas0YkUcrGx9YpqSyi3OZDaFVFq5YoliLjzLMkXkijVyLWBnBjMg0XZwLUkEetkGRaLiiVUCSItltIuQRJUy5CBMqlIlFX7/AJl+lC5GlTudXq9oPatOatHh/V+nzJwpuTwjDc3MaMeaTNhqnovZXrJLP3fqzrqMTHw9KxnUonVhBQWEfJVqsqs3OW5dgi6iMUTRIqKoqAAAAAAAAAAACLJFAC3KJYqQMpohKIBoNK6IhVWatLhJb/HmcZpDQc6bzjeP4lmvHkelzpmNVolFW3hU137m21v6tvotV2f6dvt7HlGKwprqlNo9Sxmhqcvds+a+240WP1blvjaXwZinazj01O9b8Yoy0lp5/focXFEkjZ4nRji8010aaMSVBmVrZnVjWjJZRjOFyy6Rm+rKOAxgjzmH6srsmTKBfwmjqlT+XBy62y83kWRTehCpVUVmTwvcwFAy8LhJTajFNvkjpNH6pPfVl/bH6yf2OmwOjIU1aEVFdOPe+Jrp20n+LQ41xxanHSn8T+n7v/GnuaTQ2rqjaVSzf4eC7+Z1FCiXaVAyqdM2wgoLCOFVrTqy5pvLKUqZkQiIRLiRIqKpFUCoAAAAAAAAItgEgQ2SSYBUAAFCjRIAFtxLcoF8owDEnSMf1N+BnSzCpgGrq4RPJpNdVcwK+gKMt9NeF4/I6J0yLpHjSl1WSUJyg8xbXjQ5WWq9H8Mv8ikdVqC9xvvlL6M6r1RT1RD0qf5V8i7+rr/nl83+5oKOgqMc1Shfm1d+bM+GFNiqRVUyaSXQolJyeZPPkxIYcvQol9UicUenhbjTLiiTSK2AKJFQVAABGUrAFJPzJItpXLoAAAAIEyjQBEkkEioAAAAAABRstt3LjRSMQCkYkrFQARsLEgARsNkkACNiKRcKNAEbEkgkVAAAAAAAIylYglcnKNyqQASKgAAAAAAAAAAAAAAAAAAAAAAAAAAAAAAAAAAAAAAAAAAAAAAAAAH/2Q==');
INSERT INTO [dbo].[Products](ProductId,Title,Description,CategoryId,OfferId,Price,Quantity,ImageName) VALUES (48,'banana','this is  banana',4,2,60,8,'data:image/jpeg;base64,/9j/4AAQSkZJRgABAQAAAQABAAD/2wCEAAkGBxISEBASEBMQEg8QEA0PDxIQEBAQEBAPFRUWFhUSFRUYHSggGBolHRUVITEhJSkrLi4uFx8zODMtNygtLisBCgoKDg0OGhAQGy0lHyUvLS0wLS0tLS0tLS0tLi0tLS0tLS0tLS0tLS0tLS0tLS0tLS0tLS0tLS0tLS0tLS0tLf/AABEIANkA6AMBEQACEQEDEQH/xAAcAAEAAgMBAQEAAAAAAAAAAAAAAQQCAwUGBwj/xAA7EAACAQIDBAYHBwQDAQAAAAAAAQIDEQQFIRIxQVEGEzJhcZEHIkJSgaHBFGJysdHh8CMzgpJDU6IV/8QAGwEBAAMBAQEBAAAAAAAAAAAAAAECAwQFBgf/xAAzEQEAAgECBAIIBgMAAwAAAAAAAQIDBBEFEiExQVETFCIyYYGhwQZxkbHR8BVC8SMz4f/aAAwDAQACEQMRAD8A+4gAAAAAAAAAAAAAAAAAAAAAAAAAAAAAAAAAAAAAAAAAAAAAAAAAAAAAAAAAAAAAAAAAAAAAAAAAAAAAAAAAAAAAAAAAAAAAAAAAAAAAAAAAAAAAAAAAAAAAAAAAAAAAAAAAAAAAAAAAAAAAAAAAAAAAAAAAAAAAAAAAAAAAAAAAAAAAAAAAAAAAAAAAAAAAAAADnTz3DKrKi6sOuhsucNW4p7r2RXmhbll0SyoAAAAAAAAAAAAAAAAAAAAAAAAAAAABz87zmhhKTrYmoqdNOyvq5S3qMUtZPR6LkRM7JiJmdofH+lfphqVlKlgYOhCV4utJp17fdS0h46vlYpMzMNa02l87y/NamHr08RB7U6c9u0rvbd/Wv46pvXeViIXtvL9T5NjIVsPQq0v7dWlTnDui4ppGlJ3hhaJiZiV0sqAAAAAAAAAAAAAAAAAAAAAAAAAABDA+R+nDGOVbA4bglKtLvc5KnF/C0/Myy22ru309Ym75jmuW9SpTik1emlp2fV1+Nzix5ZvMRL1px1rG8Q5bqtt7cbOT0srLgt3idMfCXHaOvZ+g/Q9mO3l1GnJrbpdZBK/sqT2Vb8OyMWSOaaOTPHtPeHSxAAAAAAAAAAAAAAAAAAAAAAAAAAAAcTpD0UwmO2XiqW3OEZQhONSpTnGL1teDV9dbO6ImInutW016w+CZpT+y4ith5uUp0a06ad1stKTtNrhdbLPNyY9pmIerhzRasTLk4ijKo5OnBvYmo7UYuXN2VviK3im0WkyZKzPd9T9E2GdCKlVThKq9rZkrNW0V1wbV38TkpnrGtjftttv8Xn57c1+j6ye8wAAAAAAAAAAAAAAAAAAAAAAAAAAAAAPmHpDyiksYquxG9SlGUtNHJbUW2udktT57i1r48kcs7RMfWP7DHJktWdonor9G8si6dVwWy4uGylZRbbtZnl1rfNNpmesbfWfFfHebRu6N2tdU09eaa4ETO8dekx9m3g9lkWYqrBL2oqzR9Pw/Vxnx/GO6jqHeAAAAAAAAAAAAAAAAAAAAAAAAAAAAPC+kqOuHfONVeTi/qeDxqOuOfz+zm1Hg5nRaraniEt8abmv8dTzNLvvkiO/LvHyThn2Zd7NMIpU1Wjueyqlu/sz+nkderwxfFGop8N/tP2/TyddfJysHipUZqUeG9c0edgzW094vUtXZ7vL8bGtBSi/FcmfX6bU01FIvRRZOgAAAAAAAAAAAAAAAAAAAAAAAAAAA8X6S16mH/HUXmoni8Zj2K/nP7MM8dIcHojNKtsvdNSi/ieNpL8uor8ehhjvD1fRmop0ZUamrg6mHqeMW43PY0MxNbYL9o3r8vD+GuP3XlcbF3cb3cJSg2ucXb6HzOas48k0t4TMOiY5obsnzGrh6ia1i+0nuaNdLrLae/PT5x5suWY7voeBxkasFOD0e9cU+R9pptTTUY4vT/iJjZYOgAAAAAAAAAAAAAAAAAAAAAAAAAB8/6fYvra9OlDVUYyc2t3WSt6vilFf7HznGdRWbRSJ7d/mpak37OBgqc4VIyXBpnhWyR3jvCa4prbd6yEnSrOvHWliae1Jcq8V9bL5nq21foprqf9bRtP5/9+7WuOeaYhWoYPS73ttvvb1bPFjfLM3t3l11pyxsirhVyMMs8q/Jut5LiHRqJexJ2fLxPQ4Vrp0+aN/dt0n+WGTF0exi7q593E7uVJIAAAAAAAAAAAAAAAAAAAAAAAOZnWY9XHZh/dktPur3meTxXiVdJj2j357fD4/3u1xYpvPweThgN7e93bb3t8Wz4ne+Te0u6MdY6NbpJMpFvNp6GF+lWvTVPht7X7G06q3oPQeHNv8A391PRbW5lmKsdGK0RBMNeIWhlqq713Wr3aN6OXHtNJrKt46vU5TW2qcXxtr+X0PvuFaic2lpae+37dHn5K7WmF09JmAAAAAAAAAAAAAAAAAAAAAAVMxxqpR5zfZX1fccHENfTR4uee/hHnLTHjm87POxg5Nyk7t6ts+En0uryTkyT3ejERSNoTXdkdGTalVqxvLhYyrY5Mdd3ZSq/lsHspve9fMyvMc7HJ3dFI7ccMJVsbLcV1Vu0LY4VFM4+y14ej6NTvBrlc+w/Dt5nFavlLzdRHV2j6NzgAAAAAAAAAAAAAAAAAAXA0VsXCO+S/M5s2rw4Y3vaIXrjtbtDn4jN/dVuV97PJ1XHKY671j8t+8/lHl8ZbV08z3c1KU5bUtW+Z8va2bW5efI64rWkbQ3SVkd3JFI2gjq5eOreR5ma/PbaHTjq439yoocN8vwr+WLe5SbOn3a7vR0IaGWOu/RxTLZN2Ovfl6yp3c/Ezu2cV7ze27akbQrOQ2LPUdF4Wpt82fYfh3Hthtbzl5ep97Z2j6FzgAAAAAYzmkrtpLm3ZETaIjeSI3V55jSXtX8E2cmTX6ene0NYw3nwVp5zHgm/F2PPyce09Z9mN2saS/ihZuuXzKRx7FPgmdLLYszRvXjWCe6s6azJZjE0/y+n81fV7J/+jDvH+X0/mer2Q8zjyZnPGtPCfVrNcs2jy+Zlbj2GO0Leq2ap5x3Iwt+IaR2qtGl+LRPN5Pd8jmtx/JbpSOv6rRpqx3V6mKqS3uy79/kc2XU63LH/ktyR9f0/nZetMcdo3aPC7fN/oedObHT/wBftW85+0dv73axWZ79G6nS5jHp7Zbc+SdyZiOkN+49Cu1I2hTup4zEWVji1Of/AFhtjo8/j8R57lbmc+Km7sx1XMnwTiry7ctZd3KJXLfnnaO0MsuTmnaOzrLQvT2Y3lzy04mehnmvvtCax1c6rIpWG7VvduZdnL3eVUdilBd12foPDcHodNSnjtv+rx8tua8ytnczAAAABEr2drN2druyb73wA8HVzCcq1RVrRrRlacIy2oQaSso91rP4nxXGNRqPTTWZ2iHo6aldlqEpPcm/BM8TlzX6xvP6u3asNmxL3X5ExpNRP+so5qeaVSn7r+Rb1DUT/r9Y/lHPTzSqVT3fnH9Sf8dqJ8PrH8o56eaeqnyX+0f1Jjh+fx2j5x/KOenn9Dq5fdX+Rb/HZY72iPmc9PijY5uPw2mR6lEe9kj5bz9jnjwhlGK5yfwt+ZauDT172tPyiP3n7KzafCEuK4Lzbf7GsTpa9q7z8Zmf4hX2p8Uxv4eCsI1tu1I2/Lp+yOSPFkqRnbFkyz7XZaNobY00jqx6etFZtMkppGlrxBEbqeIxXI4c2omekNa43HxeK4LWT0SW9mFKb9ZdVKNmAwDvtz7XBcI/qxe/N7NeymTL4V7OtCJSkbz0c8s27HRO1UKOJqanJM81t2tYUasjSsLLmRYTrKy92OrPS4ZpfWNRWvhHWfk5tRfko9ykffPJAAAAAbAo180hHSL2n3bvM8jWcb0un6b80+Ufy3x6e9vhDh1qcZVZVdiCqTttSS1dlZfI+R1XGLZr8/LEO6mOKRszuzknX5JX2guV9eyG0BHrmQ2Q2PW7mzBzI9ZyStywxdQely/2DlhHWETe9ukynlZRa5lqYYt3klsjY6seDHHWVJ3ZqaR2VjHVXaUTxCF9RUiktFXHI576vwiGlcSjXxvec1r3v3b1xKrjOf3Vze/yI3rX4r71qtYXBqOvHi3vMr5Zt0ZXyTZfhHyLUiZ/JlI5kzkiOkI2aqtQra0z0WiFGrMVhoqt3eht2RL2fR3AdXT2n2p6+CPtODaP0GHnt71v28IeTqcnPb4Q6x7LnAAAAB5fpfUrQnSl1i+zT/pumlaXXetJScvaTSatpa3G+nh8enJGn9ido32n4tcW27Th5Xij4C8bS9Ss7w3IoMrlto8kJ0NK1p4o6uNPESlWqO72INQgtLXXbe7nprfcelblwYqxTbees/ZSY3nq6NB/y7OT09ubfb914rGyypPuO7FnyeUfVE1hhUm+46vWrbdYV5IaZJPekZ2vjv3rC0RMdpapUY968zG2HDPwW5rMHQfCTMp08eErc8+THqZe8ROGfNbnjyYvDP3n8ivoYjumMnwR9k8X4sry+Up9JLKGHS5fBGNp69ybTLfGHIpv5KtiViYiK9ZQiUitsk2Nmqc7EQnZUrVTWtV4hUlK5rEbDs9Hcr25bcl6kfm+R7PCNBOoyekvHsV+suPU5uWOWO72CPtXmAAAAAAVsxwUa1OVOd7OzTVrxktzRjnwVzY5x27SmJ2eep5NXpJq8aiW5xupNfhf0bPjtZ+Hs9d7Y9rR9f783dh1Fe1ml1rOzumt6as0fPXw3pPLaNp+LuiImN4T1xTlOUdURU5XPpUnF2esfZfNd/edeTJ6T2vFTk2dWjwMKW3tESiY2WFE9WlOjPdEkTau8dSGqUTC0LsXFGdr7JYtGE5Z80sbGfpZSWI55BFoybCUIv16g2Jt5GzBzKJapTJiE7NNSReIWVKjNoRuvZPlcqsuUF2n9F3npcP4ffV38qx3n7Q582eKR8XtKFFQioxVktx9zixUxUilI2iHlWtNp3lsNEAAAAAAGBrbZEpaMRh4zXrJPxSdvMwzafHmjbJWJ/OIlpS817S5VfIk+zNruaTR42X8P4LTvWZh1V1lo7qVXJK67M6b8YyX1OO34d8rNY1lfJXllmJXs03/AJSRjP4fyR2st61RlRVWK/qw2bcU9qNvG2h5ms4Vm08c+28fsvXLS/SFmOIOSuotXomaMnVNJ1UTCOVqlUZlOay0VR1hScm6eVi6hSepsnbRXY2NtEjF1CNk7MXVLcpsxc2Nk7NbZYYSmWiEtMpXLxCJl1MqySVS0p+rD5vwPd4dwe+fa+XpX6y482pivSvd6qjRjCKjFJJbkfY48dcdYpSNoh50zMzvLYXQAAAAAAAhgQBFiEoaAxaIN2LQ2TuwnTTK2rExstEuLi8sabdP/V7vg+B81r+A1v7eDpPl4f8Ax24tV4Wc6VRxdpJp8n/NT5jPpMuGdsldnZW1bdkSrGEVW5Wt1y3IbI64nlNjrRypQ6o5Q60cqE9aOUQ6g5RrdUtyi1hMsq1ezFqPvPRfuejpuF6jP7tdo856MMmopTvL0OX5HCnZz9eX/lfDifT6LguHB7V/at9P0cGXU2v0jpDrHtOYAAAAAAAAAAIYEALARYgQ4jZLFxGyd2MokbG6rXwcZb0ZXw1vG0r1vMdnNr5Gn2Xb8jy83BdPftG35dHTXV2ju51fJay7Oy/NHn5OAT/rZ0V1lfFQq4HEx/47+DTOa3BM0NY1OOfFVqRrrfSqeRlPCc0eC3psfmrVK9b/AK6nxiI4Xl8YPSU827DqtPelH8V/0LxwnJKJzUh2sJk8pW2qiXhBv6o6KcD5u99vkwtqojtDrYfo9S9qVSXg1Ffqd2LgOnjraZn9Ic9tZfwiHUwuWUafYpxvzfrPzZ6mHQabD7lI/efq575r27yunYyAAAAAAAAAAAAAAAAAABFgGyBGwBHVjZO6OqRGxuh0ENjdi8Mv4hsbsXg493kRywbyj7DHu8hywnmlnHCpcvIcsI3lsVMnY3ZJEoSAAAAAAAAAAAAAAAAAAAAAAAAAAAAAAAAAAAAAAAAAAAAAAAAAAAAAAAAAAAAAAAAAAAAAAAAAAAAAAAAAAAAAAAAAAAAAAAAAAAAAAAAAAAAAAAD/2Q==');
INSERT INTO [dbo].[Products](ProductId,Title,Description,CategoryId,OfferId,Price,Quantity,ImageName) VALUES (49,'strawberry','this is strawberry',4,3,100,2,'data:image/jpeg;base64,/9j/4AAQSkZJRgABAQAAAQABAAD/2wCEAAkGBxISEhUTExMWFhUXGBcYGBcYFxcYGhUYGBgYGBgaGRgYHSggGholHhYXITEhJSkrLi4uFyEzODMsNygtLisBCgoKDg0OGxAQGy0lICUtLS8rMi0tLS0tLTItLS0tLy0tLS0tLS0tLS0tLS0tLS0tLS0tLS0tLS0tLS0tLS0tLf/AABEIAMUBAAMBIgACEQEDEQH/xAAbAAACAgMBAAAAAAAAAAAAAAAABQQGAQIDB//EAEIQAAEDAgQDBgQEBAMGBwAAAAEAAhEDIQQSMUEFUWEGEyJxgZEyobHRUsHh8BQjQnJisvEHJDOCksIVFhdTc6LS/8QAGwEAAgMBAQEAAAAAAAAAAAAAAAMCBAUBBgf/xAAzEQABAwIEAwcEAgIDAQAAAAABAAIRAyEEEjFBUWFxBSKBkaHB8BOx0eEy8RQjBhVCsv/aAAwDAQACEQMRAD8A9xQhCEIQhCEIQhCEIQhCEIQhCEIQhCEIQhCEIQhCEIQhCEIQhCEIQhCEIQhCEIQhCEIQhCEIQhCEIQhCEIQhCEIQhCEIQhJ3493eloOjojol1KopxO9kJwhYlEpiFlcqrog7TddUs43iQymBN3Oa0e4J+QKhUdlaTwXCYEpmhR2Vx3YedIBK7grocCurKFxqVQCAdXGAPmV2XZQhCELqEIQhCEIQhCELhWxDWRmcBJgDmeQXUmFUMHje+xjHHSXZRyAa6PpKq4jEfSLWjVxAHmJPqoudCuKFHq4lrXMYfifMDyEk/vmpCsBwJIGykhCEKSEIQhCEIQhCEIQhCEIQhCEIQhCFgqvYQf748Hqfr91YlXMSe7xzT+P7R9lTxdsjuDguFOeJOik8/wCEpZwDHW7txuPh6jl5rTtVioY1gPxST5CPzVVdiYuquJxBZiAWbC/OfgSn1IcvSSqHxbinfYmB8DJa3qf6j6m3kEwd2hjAl5d/MJNNp5u5+gv6Kn4fE5HNyNDnEiA4w0R+I8vqmYmv9RrWt0cAfwoveXkNbeV6PxPFNo4fxG5blA5kiEod2kDabKdODUNueUbeZ6KscQdUe8mviG5gLGCAP8LQBYLXh2PZQOYEl/4gWuI8gWkBdqVwSQ21omPtt5FaDOzsXUuGwOf6XoHB8G8DvKpJqO5mco5dDzTZeb1u0NeM7arnN10AA/uDQCFmj2oxuU1B3b2DWIcfPKDmTmV6TBlBVj/rK0TI848LwvR0Kr9n+1jMRDXjI71gqzgqyx4eJCqVqL6LsrxBWUIQpJSEIWJQhQuM1ctCo7/CR72/NUjszUnF0/N/+RytHbSrlwdQ/wBn+dq864RxHJUbUB0Do8y1wH1WVjR/vY47QfVVqp74V1ocR7zHj8IzNb6A39SD7q2BeW9n8R/vFP8A+QfMwvUl3sx7ntqF2pcT5gJtN0ysoWjnACSYC50a7HzlcHRYwZgrTJAsUxd0IQuoQhCEIQhCEIQhCgcSq1GAPYAQPiHTmoVHhjcx9LrhMLfEY5tMw+QNnRI8raLQcYof+4PZ32Ss9oGkRUpSDrBB+RhJeIOoOk03uafwuFvQiVnVMY7+VFzSOBkH2BCgX8CrpRxlJ/wvafIhVrtPWDri1Si425tdcEfKVUMU6L5tPceSgUONlziHOLiBYkySBY33iPaVWq451WmWubHzpqNQlPrkDRXPtFje8ZRrD4Xs9iD4h53VMxmMMwJJJsBrJ0TGhxMNoPpPBLHkupndlQaW5O0SDCPc+t4mkBgc+8icvwgTzdlSXnO81BuATyMR7SORSHOzGQpmJruytpkyWkmORcZP0Hsu+AaczQ2zvxO0H9oXM4cNc1x8QBGe8xzsLgefJSeMFod/Lc0tEGWnY6WNwVEggiTHD+9F7Dsvs1tCC+73DwHLr18OK58bw7qLwHOzC0yIIOtwfqtMRQd3RrUrtZGcTcc3RyULHcSq1QM5LgLSRJgHnyCzhcK+o05ZgiDBgEcje4XAXkWgHzHP5svQCk9tMF5EjXgfmy6YHGOzB7HBp5mwjr0W/DKhpVCdGkHQ8+R3C0w+AqMIIaTBBggbbFGLrfzSWNLWOgluwfF8vIHWEzOQ/Tx9j7eKHNa4kASCPtsfnkmuLc+n3bm3J8QIjxeXIjkrdwXjeUDO7wOOhEGmTp/yk+0rz/PIAdJaD4b/AAnn8k0o1nECHCWgu8X9YAuJ9E6jWcwST89fSOIjRZuKwYewNdzv4/PHkvWZUfF4unSYX1HBrRqSYAVTf20p0cO1zr1Pha297WJOw2XnPFeJ18XWmtVEWIAJyi5IAGhIG60quKa0d25WVg+xatZxNQ5WiZO5jWB7myv/ABr/AGj0KVqdN7zAifCDPTXSPdVSv/tSxbicrWMGwyGR6udf2Vex9MljXDkL6j2KX4nBlhI1trpp58jPsqJxVR269PhexsCwCWSeZJ01tMeiuOI7a4itQcKwY+mQMwAymxBkOa46EC8JRSxFNxzUnlsXNOpHye3X1AUbDte6kKQAAkkk8jeD039lFbgzIAv1CQ+qDrdLq9gYCtIc3Kdi0wY25eiufZp3eYrDgCCXSfJsu/7Y9l6N2g403DM0l7vhH5novKsBRcxocCczTIvEEXlvI/srrxbtC/EVAXiHNYGOHMyZMbTruEylW+nRdlsSf0vGY/s6pgc2U5mzY8ORH2Oh5Gya4ni9SqfG4m/oPIaK19iKoLao5Fp9Dm+xXm9Kqrn2ArHvnt2LP8p/Uqrg2luKa83mRfoVk0nd66vT3QCeSg4TiQe/IRB1HVbcWrhlMklKuy1Iuc+sdDZvv+g91s1Kzvrtpt6norsqyIQhXEIQhCEIWCsqPWzgy2D0NvmuExdCh4zg1J9/hPMR9FWuM9m6jGlzX08o3e7KB5k2TziHE8Q2zKAnmSXD/paL+6o3aapWd/x3uJ1DDYDqG7Drqs6v/jiTlv4j54KvVLYmPZVrG0cVUMNAjSQ4ZT1zHULfh3CKdJ476a1QxFNvhAJv4nGJ8rKfhahF3EeHxQf6rgaeoS6tjMz6hYC5wBcTaGjoqtNjiDoPnNavZfZAxANSqDG23ieX3UrGcYMkU2ABtpgHJttYHW6gUq9UvaSRlBBM6wCCY6qLhuKHK9gs2plLrahkm30TDD4ENqZazoBpd5TLbwXtmlIPkQQkENaZftMbkgAEx0+wWy/sXD0jcRHMknj84BS8Rj2ZAQ1rbudnjxOYSZDtjBgXuLJO3iBdLg05dzcgTpP6rPE+Ig0xhwAQwuIO4zfE2dxN137NY6m1tSnUdlOU5PwvIJOWoNw4GM2ya6GNJLdzpfU6+8bcFuUqZp0y/LN+ek68fxdSOD4l7bhhc0yNYk9OflBCZ0aQc0BxLGZ2h1tA4DnsHGPSVEw9Gk5oZmLabal3AAkNcAQR5aHyTfAuac1MubUjQzOZvPrqOt+iXALjTkgkeHCRtIPBKxDmhxc0X3ttx4TflErkzEOpteyQXU3QDrI0H75QtA/O91OrTLKo8QH4hbTZSqeAY1r2jR1/2VAY15qsL3SGAhp3IvYkJmWqC2YI368R1SW5TJHncGY22gmZH4XE1KTe8a9skEFp3F7jyglSuC9xPeVy7ICWtF4eTcSReIN/NLK9LO90OAIM/wDKNSNjAvC4Yzxva1tmAtDBeA02J5ySSfSEvKO9BOvrA9NE76IqAtDiOJ4W0HUeklTuK8PDi4sMtJlomzI2EaDoLpLTpua0uPhkuA+KXCRIzbDr0KdcOxDmkNF5dvexNiTpmMJhV4aKohoI/wAM7G56JguO6pCsaPdfcWvyHH09eKg8PoMrZmkWkxA8PkJ2spHEOCSI0dJOaImSCZOpHTnK54bBvpuIMiAT5aQAd/NWbBPNQDONJAn8PJcZDhlOqrYiu6m4PYbe6quF4aA0tIM6jyjr6Lajw+DBHysrQ7B5TmImeloXZ+DjKRylQ+hdLOPM9fuoWCwmXwnZQu0HZ8OaKlO1QXB59D0+hVm7gbBavpzqrYYA2FnPq/UkO0Oo4qmUmtrMmMrxY9TuHfdWb/Z7S/mVXG2VoHkS4/8A4STjOCdQf/EUhLJ/mM5j8Q6j6KQ7juTDltKP5tzUGpbAAB6jRIYRSqhztvW3ovM18KcNVEmWmYPseBH7T/jGMOJrNo07gGOnUlWrB0G02NY3QBeXcL7QPoT3YGY6uIzE9AJsE5wvbiqI7ymxw6S0+moTcPiqTHF9Q948jbkotrsV/QkuC7SYaoB/MDSf6XWMm3kfROQtZlRjxLSD0TgQdFlCEKa6hCEIQomPcBTcZIgTI1B2iV5hVcalU5yXGZcTci9h5nkr32wxRZQcAYkE+gj7qjcNGVsOtVdmqid/AIaJ5DMPcqliy0XImL/BueC08HgqdWmXvE3t4b+CVYumKtXuWuDYBcXb9Gj5lLOGPZQ/iKdUeMNfktcvlkaagj6FMsThO5xDX1GZ2VGvabTDiDp8vZd8b2fZWcyoXFsMDXxq4gAe6RUY6qXU4IjKZHX9X6r1DSxjQwnukC/Ma/aNOCrNLBNqZzTdcElrDo/chpO+llpQqPqPZTDiItmcdI0BOwiArTRwP8OHAszAsAY8Ccjy9sEjbQyjE8EBeX5QcpBLfxAXLXD0CA1xc62kRzkA/pO/yWTfTY24f1rp5pNhuHU31B4SXyGOpA3e4izgTbrfko+P4TkeA0kjW9iIdcHyTriWUE1KTHsAd4Dlg5bED+5jpA5hLWcX7yqe83c8udETnMz0IM/NKlziDEAgdQba+FjzBTqT6p7zdIuPP5x2upuExXc+DKJNwf6ag3+0JlwzF4eZALXEGxt7c0u49Vz+MtE5mHM34TaHGNiYZbmCis6kaTSy1QEydnNuQZOjh8JCRncMsj3j9W1HEJL2iowFwILtYv58R9jsIMMe/cw+J2Zpdly7tBAyuHMFLcU80w14ffOA5hiwOhC4vxgEF4zQPUXtCwxrsXVAYBmMm+jQBJJ8re4QQSB3tDPhw6KOTJ3nWG5tHznrohvwve7V5LRPIG/uRl9CpdIZYY4Q9gA6DcW31XZ3DnEiQAwAACDcT053K7HBXzEZtx+IeI6zrayi8kld+o0NAJ+WjyFlzoYXwh4dBJ03tN55pnTYWAeIkSQb3gtBH1XOiCajnNc4NzQ7QRyt6BSKDhn5gkR05yFFoA0VSq8nX5yUzCVW1Ja/nqdx1Uylw0tILTLdVpw/Dg2j7W/fzTjD0y0dFaptzAZllVquUnKtGsIEESb25LDwAOUbIxGJhK62NvE/ZMe8BIp03OUypVA3XKpXtIhRC8n92XWkw3Hr9vokF5OieacBbvdmbEbfoVUv4Ed2WsAafERyzAn6/kriB4bDZV6swNeWm1yPe/5pVUOMLD7Xc76QjZ3HkVVaTyCRoQbpnhxK34xgRIqNIFwHToevpCtnBuyNN4DjiG1BpFMWHTNNvZcbh3VbN+6yaYz/AMdVr2P4QKj+9cJYwiB+J2vyV9C4YPCspMDGCGjQKQtrCYcUKeXfdX2NyiEIQufejNl3iVYlTXRCELqFUu2JktZBJcGiNoLjM+yQ47h5dVbUOjJjygiI8zPorT2jokuaRYhp9YOnzSStWbBF7kx6ayqb3f7C3z5aR6fYrewbyKbcnA+uqXAd60ZmwD4m31bsehkFcOLVX06RdT1Ea6CTEqRhaBYHNLyWycgIHgBk5Z8yVHwga7PTe4lzqhbkJtkLMzSG+jgT5JIqOpsb9TUuiRzJifCJ5rTbAJcLtBmL3E/jXn1UmiDADnBxhpzAQHBwkEKFTeTWqOzQGFjSyPiBkZwfMgevVdqeGbhqZGYkTMuMwNgOg2UWthmVnMqBxBbBNozt1Ez636IioGNYX94RJ4xE+Ymeq6xrb37ukx0Om0xtom+SR0VE49w8t/mgEAmTIg5XfA7qHDdXEY1geWlw5ETpPPlruknaSu7uyx+rQxjI3Y0uN/IEBRxBcSMul55Wt6qxgS9lUAbx5bx01SFmHf3QfBy3vFgRc35xdSQ9wZmjwmxiRPKTpMLpwrGFtFzC5pA8Xdu0MSAWnYwYiLgLGExRZSyudDTlsQXAkRBEfCSLeSpd6Tpr6fnVaNQvkyBZ1uY/I+Hgd4HUyO7mfEHNuRYgjnGnso/B6jm5nN2BYLx8Qv8AIErQEsbNx7wCdBOylUsM/I2YAu/qTzA3hob7wuwA0kfClBrZyzqfXe3NM8NxYzaJ5zA0vJ87JvhuKibtDucRYi3rdIMThsriafib4TyOnL0Ujh72j4gZG9iTPwtubc5hKD3AwCq9ahSc3MB+fFWfCVKLgbZZ+e3rYqZSwDZlrhB29/uUgoYaBG1iOQ1nUTeAn2AbA89dLqwx2axCya7MslpTDBYLKIOvKV1xtcMm48luzwtndKuJOzA6219SrDoa2yz2A1Hy5RMXiiesrnSAbd0R9B5qPia2RsxYi23TWFw4dSdW+Ml1MOIAIs4jWeYBVYSTxWllAZwCsGDa2AReTbTqpWIogAc7KMMcxgDRE/0tHTnyUfGYw89NvXVPOVrVSDHucpbKkdQq9x6i/vmljSQQdNiDz9U4wjCQu1UZrD1PP9Ev+QScRhmVAWO0/BlefYrF1BUAqNytvB19007O8bdh6udgmQQ5swHcr3uE84lgGPYWuAkjXlyVQbwx7XkZhBtPMLhptBzAwRoVjY/s80yK1BthrEmOepMHfz6Xj/1Cg+LDEc4qT/2hTaHb2gdadRvoD9CqxR4O6owU6PduMCRmAf8A9DojzEprw/sTV/rLW/M/JPZVxZEgT4D9eqrMdVOqdt7VsqHLRY9zjoXDKPrJTrBUS0S4y86n8ug6KBg8BRw2UDxPcYBOvWBsOqchXKIeTNQiRsNB+4VkA7rKEIVlSS/itEFocf6TPpH+iqWMptkS3M2Q6AdRvCvT2Agg7qoY3Chr25wcrRltaRfIY03Hsq9dvdMiQdVp4CrEjh8t83STiGKDKZP+Ia2IadCV1p0cri9zGio0QdJAImxXDFUgajg7xZ/CRznkOdtFpXxIotaMxfYtguuAPhmb205qo1z2uAJloF510sfRbmQFoa3U/j++srlWxRqiq0tBpgQ4t1aHSGmdzZdOHB5aA9wORuRpFs7QZBdfUAR7qBSa7OagcWU6ksqWlrwDz5iRddMTiGgFtMncAxZQYQ+pmfBg9076QQU91IRkby20Oh8ZkdOai4hzqdWoaYD2125TEnKbaxcQWhw21Wnailmc0j+nUdDEwF2wP8xhphpFVhLs4t4MvPmDtyXLC1aectrGA4EBxv44sXdLEeyUXAB78hBJvvMbjkrTJY/MNW+Z2B8h15LlU4dTfRDmGHNY8vEaZDIg7hwPuos0+6dmkPADmnUGPiaRz3UjEYXK65cObZMXiR5LljMK4MDwZDw4SDuLFrhqNN0ogNhpO9vOY8pEcEwuEBpcbmR94n06Wul2GBqPDASGuIDhqCNTIPSVYMZximxhY0AuiIy6aH0tZLuGNpspVXwTUGUN5ZXTmiN7Qt+IPDahymmJp3gAnM4iQesSfRTNmmOPmoBjalWHAwPU2O0nQhScDxR0F2RuU20v4tAJ1Byn2XdtFr3tLWBoGpB0uPvHolWHa4ic4OgjeGi3XdN6NUFwIJiwvrYReBoqxfsdEVmhpJp8+Pzim+GoATB0EAa72lWHhTBkuP8ATeUmwYExa/pp+dwrNhGwJmbK7QbJleexrzELjj3EdfskuMqRMgOJjoR8oTHimJHOCSkVWpB03J9IXarrow1OwKj45jqgEANIFi6YBnXTYfVa8PwtVlHuu+kzqDcu1NztrZZzSSTmyg7AyRIF9ouVLw4IEnW8c9fPdLBVx1mx89ZXFtEsHi1gkmZO0/RdcHSc83jmJv5BdsNQJvubenRNsPhso6rrWZiOCVUrBojdcwQ0ZR6rs8ZWyADzBXOqQ2Tp6LD8a0QJi1k2w1VIguiAlePqyJBjofyVX4hjIMExf5K18QoNN9do2H3VI47hyHTctGnXY+Sq1Q6Vt9nhjzHzomnD8SK2amWuLmAOzNFwDoTy5SpuG4/iWeEV3ZRzE/NwkJF2d4qKFek8Xe0Q4GZIN7dCLeq9dxnBMNiBmcwSRIc3wkg6XGquUKJLSWG/j7Ly/a/Zowtf/XZpuPcfjkUu7OPpuIqPrMfUOgzAke91Z5VOrdhWf0VSOQc3N8wQmXDOF4qj4f4hrm8nMc6PI5p+asUS9ndNO3EEH3We0EWKsCEIVxTQl3FsH3jLaiNtQNQmKwVwiRCk1xa4OC88x9Id82BLh8I0Mi4I6iCl/FodJJg3mRFx0V249wnPFRkh7eWqq/E8M2HZjMbx8Vln1GAVNpg7X89NtPJekweJa/KeFuYv88UlwmDewGnUq5WSajWkCZLSLE7GbhKalSoHNfSMObcSJvoRHUGFZMRhnd0M3isMpJm21/l6JXhsJWpuFVsPYHOac0lpEeISN76qqWhtKSBJneA4+PGy1aVaQ5xgnyBMH/63nmeKx3ssD83jd8YbYDoBy6Lg11KoyD/xA4y0704s4dRv5rGLflJy36xrzWcTUpkmpSa4MdpIgkR4vYyPRdLf4tEjppaLFOAiIkbj8Hw06LLJqEguvBInfLsCd+SX1RvnIFjy+K1/dd3ZHstJeHHM0C2TKSHAjlvKisw+Y5MwFjE2mBMTzUc38iTbpw35hSByhxNgOXyx+apnw3BPIe1rcxDw4lsOBaGzI2PxaKBQwTsstYdXCTYumdtQRATrhGM/hsPmpnMX03F+b+hwdlDY5w1nuofDuMuc5udwBJMiwm0gHYA7FKfJgO4a6dbbJVF9cGoQJAOu5gGbDx+97EcqXC6wJyiR03Fzrsn2D4O8tgiIMgzrPPdR8Pxio0bGPKwTGhi6lR/ITIvp0UWilMapGIq1zrAjdOOFcO7sgvMuAj9yp2MxIa09FwoNcLuOtv31UDiONkloEyI8/wBFekMZwWJldWqybqFjMSHSSbge/TooFMue64tz+gspg4fUdyJPSw/VM8HwyIkfrtqq4Y55Wga1Om2xUTD0TbLcW1vfdTqWBMyT6crqW2mG9OvyUl+UCf30VhtNUH1yTZc6VKNNFtiXENMazzXBuIBBA5So4xE2G48lIuEJQY4mTso3EKtjyjTU/vdJ34uDMxF76Eb6qfUrazt7X/fsq/jtySN9edrctjbRUarzK1cPTEQUxwfGMrvEQQeekQoXGMjwH0wHC4gkwL3n7JO3FOggx4RodxP6rg7F5WuB6Ec/ToutecsFaDMKGvzN1+eOijUsNVNSzJIzQG+R0917xwB+bDUDzps/yheKcFxhdVytmQ036Tf2H0Xt3BqeWhSbyYz6K9gc2YyLQFk/8heSGtIiPwpyEIWkvMIQhCELCCUFYKELDilHGOHCo05Q3NG+h8+qaPXCouESIKnTqOY7M1U2phgGlgBBjxMOx3g8kqo0Ya4tzTJzMI8Ph0PnCvGKpA6gFIMfhIJLRqLjT5j9VSqUTA3i+3v5/L7eH7QBkOtPl857bnjUMY9zCHCmXDMCQNwDJHRYdVY8Z2tLWkmGnX1HnIt0Tl4LQRMBxEtImCLTPslz6V/AWGDrsY/Iqvl75O8Wub76cZt68VtMrNcJjTeT67T7dVFxdGlIfRzDww6bEE2cCBt16pfXpMi7odmAjmCNR5ck4DdXGLuNgW2voN4S3FuaY8IBFieZtBjb9UtohoAJ53HWCfRNZUOkm3MT4krTDZe5d3mgcLmdHG5t/alzKgLyRzt5baqRh8QTNNwgPBBJ0JnwnpB+UqI9hY8zsYn+2w+iTXvqr2E/9A6+kQB9x9k+w1W8GddgCB5cwrbw/Cz4jI5SYJ5yNlSeG4ttoEnSIn2HNXDheMDmNggEuI0kx9tPdRw4E3WZ2g1wHdTHH1zAa0eyjUuHSb6k6/ZdzimsGs3/AGFs3EQC79wrUAmSsoOc1sN/tSaxDRE7fNbNxMMLp0/cFVytijUkyABB8Rga6DrZMcW+KIEQXRI8l0VZmFF9CAATclaUcdJud9ZjqPomlWse6BOu45zeypP8QJjc7TrO/ufqrBjMQXUm+LbmLxKVSqkgp+Iw0Ob1UjhmIJc4RbL7a/ZcMW7JeYnNb118h+agUsfDrWkNnTZSeOOOUOH4TO+tt9DouZppmLkLv0oqibSuWPqAsnmSPlqkuKfYiBYT5iZ19VKp4oOBY7Q28p6pPjS4FwcZ0A3kaGOqS/vQ4K/h2ZTlKV4szm5Rpr5XSyq4k7k8rmw2G8JhiqjTbobi0/v80sg5rTJ0jWTpC7T0utum2ytfYDBVH4trQNAWkgTladZO5jRe5MZAA5Kq9gOzwwtHM4fzKkF06gbD2VtW3h6eRs7lfP8AtfFjE4klugsOcb/jkhCEJ6zEIQhCELELKEIWhatH012QhChPoKLVwcptCwWrkLoMKt4jhDXahK8T2ZYdoV2NILU0AolgOqczEPZoV51W7JjaQoNbsxUEw43816gcMFzdgwluoMOqtN7SrDdeRV+zNW/VL+P8Ge1jXmZFjAJLjNiSOm69jrYEckox3DwZEJT8MIKvYbteo14cfnovF6FVzHWkOE/r6p9hMcaFOZl7hN9GzqfWB7Kxf+WaDS5zm3kmXHQdFQsbVJqOvadOn+iyicrnNiCLf1xC9PRxFPGyGiwiZVhOOe0jO6JAPlyHQp1xniOSjTaB4nMDuX+qqLsWHPDjoABpcgC07TePRduJ8SzuImwaAN9I3/JAMByW/C5nstpcppQriGOLgRJcRGrRFvf69Uy4vjAMrZgwXDyJ0PkAVUKdclwi30vE/RNOI4oBzC4TlaJHS2n6oYYBChVw/fb4oouyvFQmYzWFiC20aX+L6Jzh67jRaAbgj/7GQOlvoqkcWZIm2pm4AP1P6JtS4jlpNJvYWuADAt5/n0XGEBdxGHcYt8v+13FSHOJ1mYJgam0b/omFbiDXUw24IgOGs3+yqhxcOMGwPmPWf3ZZGJJ3/X9woAloU3YTPBOykVHFsG7RmjaWk3j0HP2UyoDUpF7b5Z1mYJsRA6ApBiKxJ1v+x6q09jMHVDzUeIaWwAbTYAGOQTKYdcNEoxQFKl9RxEj15c1UatN7nZQCX7W1J5DX5L0jsL2LFLLiMSJqaimdGcieZT3h/DabXmplBqECXRf0907pMWlh8NADn68Fgdo9tPq0/pUhlB1M3PIcB68VOpvXVpUem1d2hX15tbhZWAsoQhCEIQhCEIQhCEIQhCEIQhCEIQsIIWUIQtCxRq2FBUxYIQiUjxPCpVb4p2QZVMlg8xY+4V/LVq6mEt9NrxBVmjiqtI5mOIPIryDEdhiPhn5fZLK3ZCq0ECenIL252GC5uwTTsknCU9lps7fxbdXT1AXiGC7OVW1AambLvAM/6Lvx/gxfUaaeYtjxZpMeW69jPDWHZaHhLOSV/gNLs0n2TP8Av6xeHH9eS8J/8FxIJEAiRubxpspreGYgsy5f35r2j/whnJZbwpnJdOBaVM/8iqn/AMheJjsxinbD3P2TTh3YupMvJPRpy/Neut4e0bLq3CNGykMFTiCk1O38S4QLeC8/4d2MawzF+Zkn3KsmD4OGqwCiBstwxWG0mt0CzKuMq1TLzKg0cJCkspLtlWYTFWJJWoatoWUIXFhZQhCEIQhCEIQhCEIQhCEIQhCEIQhCEIQhCEIQhCEIQhCEIQhCEIQhCEIQhCEIQhCEIQhCEIQhCEIQhCEIQhCF/9k=');
INSERT INTO [dbo].[Products](ProductId,Title,Description,CategoryId,OfferId,Price,Quantity,ImageName) VALUES (50,'mango','this is mango',4,3,50,1,'data:image/jpeg;base64,/9j/4AAQSkZJRgABAQAAAQABAAD/2wCEAAkGBxMTEhUTExMVFhUXFxUYFxYYFxUaFRcXFRUXGBcYFxgYHSggGBolHRUVITEhJSkrLi4uFx80OTQtOCgtLisBCgoKDg0OGhAQGy0lICUtLS0tLS0tLS0tLS0tLS0tLS0tLS0tLS0tLS0tLS0tLS0tLS0tLS0tLS0tLS0tLS0tLf/AABEIAMABBgMBIgACEQEDEQH/xAAbAAEAAgMBAQAAAAAAAAAAAAAABAUBAwYCB//EAD4QAAIBAgIHBAgDBwQDAAAAAAABAgMRBCEFEjFBUWGBcZGhsQYTIjJCUsHRcuHwFCMzYoKS8RVTotIWY8L/xAAaAQACAwEBAAAAAAAAAAAAAAAAAwECBAUG/8QAMhEAAgECBAMGBgICAwAAAAAAAAECAxEEEiExQVGRBSJhcdHwE4GhscHhFDJC8RUjUv/aAAwDAQACEQMRAD8A+1AAAAAAAAYnUS2tIhtJXYGQQ6uk6cd7fT7kZ6dp/LLw+4j+XQvbOgLUEKlpSk/it+JNeOwmRkmrpprihsJxn/V3AyAC4AAAAAAAAAAAAAAAAAAAAAAAAAAAAAAAAAAAAAAAAAAqdM6Q1fYj/V13CMTiI0KeeXyXN8v3wAk4jHJO0Wu37FdiJt70+ZXSxa4HiKqzypxcn4LtexHm6mJnWmnPV8Elfol7ZKTlsSKtVfEupXV8VTvlfMsVoacY61erCC37342+pVVvVSdqNOVT/wBlRuMP6YRs2u1kzp1YK9S0F479NX1SGwo5n3Vf6I0S0xFK17L9cSNDT04u9OTvy39N5Moejak71LvlsXcXmF0ZCHuxS6GJ4mKd0235/k0LDpbtfJEDAekuLbzoua5xt4q3kdZgMW6kbuEoPfGVvBraivhC2w96zNuH7Ur033u8uTf53KSox4FuCoji5LeS6GOTyeXPcdeh2rRqPLLuvx26ipUJImAwmZOmJAAAAAAAAAAAAAAAAAAAAAAAAAAAAAAAAADxXqqMXJ7Emzj9adSeSvKTv+uCOg09JuEacfenJJLks2+xZG/R2AjSjZZy+KXH7I5eLwssVWUX/SO/m/1YCLgtBxWdR6z4L3V9WZ0hpaFJasEnLgvdXca9KaSb9in1l9EV+Hwe9mDE4+jhU6eGSvxfvf7cjZSw6tep0Ik6c68taq2+C3LsRPw+HSysSIxS3GHI8/UqyqSvJmpzurLRG2ETYQ1V5j9oL07IXlZNTRpnUIc8UYWJRpzRtoSoM3zRq1ma5Vrmt1isuaLqLLHCY9wyea4fYuaVRSV08jlJVSTgsc4PlvR1MB2g6fcnrH7e+Qmrh82q3OlB5pzUkmtjMzklm3Y9JmVs3DnwOeZBTYzS7vaFrcXt6I0PSs38Xl9Dk1e2sPCTUU5eKtbq2vsTlOgMnPUtIyWyT8/MOo5bczPPt6CXdpu/i0l11+xNjoAVdCrNKyffmTaNZv3l13GrDdsUK0lF3i/Hbr6pEZWbweYzTPR0oVIzV4NNeGpAABcAAAAAAAAAAAAAA1uinJTsrpNJ70pNOXfqx7iBpHEt+xHqyTj6tlqra/BFdsOB2tj3G9Cm9eL/AB69OZpo0/8AJmulQUT1KZ4q1SNUrnmWrmtJvc2yqWNEqp4jrTvqpu23kHgpva4rvfkWsluM0W55niOBodYTwNTdZ9fua5YCt8vjH7jFl5jFk5mZVTHrDTOhKPvRa25tHlTLpchqXIketZ7jI0JmYyC5WyN8pIwpmqcjRXqtbM23ZLe29haLIskrst/22apqMZtNu+Tz7OJIhhas0teVlzzl3GNF4HUSlLOflyX3LFzIrYnMst20vF2+S2OZkzNykRqei4La5Ptf2N0cJT3RR6UwpGbO2y6ikY/Z48EeqcEtnkjKiY1i601BomU8Qt6XQkRknsKvXPUajR2ML2xUp6TV10f0/Kb8RUqKexaGDRRxCeT2m89JRr060c8Hf3x9+WhnlFxdmAANIAAAAAAAAAABiUrK5kh6Tq2jbj9BGJrfBpSqcl9eH1LQjmkkQMRVu22R6lU8VJGirUPDSbbuzpxiYq1jVG83qxV3wNmCwqqNtuyVr225/wCC1pyhTVopJePVlHKKdmWlPLotyso69KTT3rpdZ/cj1tIMtsWtY57E4GpZySyXf0RaFnuWpZZu8iRQx+aRLnjUjnI1LNFjiMHUyaV01far9zGSppMdOjFNX0LOljuDMaSlKcVGEdu15JZbFft8iqpwlFpNNbPEuMDGy1pv8KeztZR07SVhM4KFpI04bQz1XrytLdbPtv8AkQa1KUHaWT8HzXIuamL3+J5rVqdRass096y1Xxixi8WRGpNO8tihqTyJmhaWtNzeerku1/l5kbS2jalNa0E6kOK95fiXDmvAtdGw1KcY77Z9r2kT0hp75jaklk7r3LKMjLmjRTqGZSMzhYx2NvrTMZJkSUz1Tb4llYlxJimepI1wmbFMfFXFnmwTPUka5FZIlHpSJmFxO59GV+sFIdhsVPDzzQ/37+gSpqSsy7BEweJv7L27uZLPZYfEQr01OH+vBmKUXF2YAA8qAAAAAAAKfTM/aS4IuDn9MT/ePp5HJ7albDJc5L8v8GjDK8yDORFqzPVSZqgtaUU97S72eWSOrFFroyjand7ZZ9Nx4xeXxXXPb3maukIReq8iLjMRGSvFpikm5XFRjJyu1ubKeIus3mvFHtVcylqV7M0/t7T2j/h3Wg/4Dexs0xTcZa1rp57PsWtPE66uv0iqxOLVSm1vXiV+jdI2TXDItkco68BvwpSp+KOmjXvkzVjZS5lbTxiJ9Gsms87ZlXG3AU6bg72MQpVJr2Y5fM8kea2HnTzT1lvtu6cDZW0m3vPNHEXRHe5B3lq1p74knA43n0+xsqRaz3cSBKjf2oZPhufYT8BVexrkyklbVC5xS1R5pV8zeqpW4takmt21dhilULW0B009UWeueoVCJGpzNkZi7FHAlqRtUyGqh7hULxZRxJqqGXIjRke1IY3dC3EMy0LmFIU4ljMZFphMTrKz2+ZU3PUJtZmvBYyeGnmWqe65/vkUnTU0XoI2FxSlk9vmST2NGtCtBTg7owSi4uzAAGkAAAAOb04rVH08jpCh9JKealxVu7/Jyu2IZsNfk0/uvyacI/8AsOeqSJeiqd3KTXupW7X+SfeV9RltoWpH1Uoq+te7y2Jqy8meY2i2darpDQ2zVOcFrRT3PoQp6No2bipL+pkiO9X33M0lue8VdrZilJx2b6lPRwCnJxU5KyvnZ7+hrr6DqfDKMuTyzJdSWpWT3P2X1/OxtqVGmNzyTVjT8Saej4HL4vD4ilnKnK3Fe0v+NyPPC1ab9ZKnJQnG99W8e1tbMuJ2GIqXhmasFjH6tfy3j3bPCw1V5WvZeJojipW/quT39TmMNiLlzCtq03zy7yRUwlCbu6aTve8fZbfO23qRtI4ZR1FGTs77d3bxByjN22IdSNRpWt798DRGeWZto4uzJGHwdL4nKT7bLwzJD0bQexSX9T+pVzjxKyqQ2d+hijXT3k2FbIpKuHnSd/ejx+6LDBYi9ik46XQmpBWutUSdIpyp61mnHPnbeVVKsXsatznMXT9VUcfhecOzh0eXcRS1TRFCzvEsY1TbCsV1Oqb4SJcS0oFjCob4TK6MuZujPmLcRMoljGaNimV8Z8zdTq7rgmKcCYmLGpTR6uwvcWZZiTMZmYsLEiM2i4wWL1snt8ylmjCnZmrB4yeGnmjqnuuZSpTU0dMCHgMYpqz95ePMmHsqVWFWCnB6M58ouLswABhUEPSuE9ZTcVt2rt4EwFKlONSLjLZ6Exk4tNHzie1p5NOz5NbS70RTtRb+ZvuWS+pf6Q0XSre/HP5llLv39Sp/0ONF3VScluUpWS6RtfrxPMYzsypRg5J3j9en7On/AC41I5dmVuIad0s3yzt2vcUuMq1Yv923fhn9DoMbWUdvca6kYv3XZM5cZ5eBrp1MurV0czicbX1b1Ip9c/A0/wDl0U7VaUl/NHPwLzGaOur3uVVXQbavq2T2Pj2GiEqUl3l00NsJ0JrvJfLT8krB+kOFqK3rVG+6V4+eRqwdaMZyi5LVlnGV1q3XPZmvIotIaFVrapR1dFzhfUlKPK+XdsHRoU5XtK1+Y6GGg08r38j6PKmMbQc6Mvmj7S6bfA+e4HSWKo7JNrh+R1eh/SlNpVY2fEpUw9SGsdfITPDVId6OtuvQzgsQ2kWuGrZlLVtCrJRd4vOPYyRTxSW8rON9iakFLVcS6k7NmKVKN7xy5fY10sTGayeZmGTEWMdmiTDExT2kT0ho61HXW2DuvwvJryf9JJpwpJ21Ffq/M2uheMobpJpdVs6FU1GSlyK3UZKS4HMYSvcn06hX0KViTTNM0rm2STLCnVNymQqcjfTmJaM8okuEzfSmiFrWPSqWFuItxLNSsbFMrqeI4mz9oK5WJcGWEWjE2Q1XCrgiuRkjWNXrDVKfM1Tqfr9bSy1LqJMpYhxkmtx1GHrKcVJbGv8AJwvr+Z0vo1idaMo8Gn3/AOPE7XY1ZwqOm9pfdfq/QzYul3M3L7FyAD0pzQAAAEXSMLwfLMlGJK6sKrU/iU5Q5pr6FouzTOQ0jS1o33ogYSXwPtX1R0ulcIoRTir52ld8fI5jG1dR+ys+e48fiKM6VT4c99Hpt7/KZ2cPPPGyN99x4w2KavT4Zx5reuhpwmN1nacc+K+qN1Whezi1rLv7jO1wY5xtpIzKtF+9FeRGr6Poz5GycL5rZ9VtNMkWS5MmKt/V2IdbQCeyzNUdBWeaJ/rWiZhMS5eyyznNLcc61WK3Ocx+EjTkvZ9ngTsJo3D1Pni+MZL/AOrkn0gwt4X4FVomvu4DE5ShdMapynSzRbTRuxejKtF60H6yC3r312x39q8CXo/Hqdr7SdKo1ZrgaHhoSeskozf9rfP7i8+Zd7r7+4p1c8e/1X59TdNWn22ZY00VGtUvnCTtwTcejRa4WopK4masjNUi7I5bFTtVmt2s/F3sSKBa6Q9Dakv39GetKb13CVkvaztF8e0qI61OWpUi4S4SVn049Do18NUpRTkuC14DqVaFRWi9Vw4+/IlQibIxFGaZIjAyESZpUTDuSNUz6sqVzGhvIJ9Dd6oz6omwZkaUzYnc8+q5mzUIsDZrlUNdSobpQRHcL5FoxRFzW5PYjrPRbCOKlUfxWS7Ftf64EbQ+gG/bqJpfLvfbwR00VbJbD0HZ2ClCSqTVuSOdi8QpLJH5mQAdk54AAAAAAHmcE1Zq6ZzOmNGKLv8AC9j4cmdQeKtNSTjJXT2oyYvBwxEbPdbP3wHUazpyujicPSjG62N79z7CPi8K3msyy0vo6dG7s5U/m3x/FbZ27CuhiuZ5SrQqUZuMtzs05Zlni7ldQp1IN6raW1rau5mx6QaynT6xy8GT/WXzW3wfaLQks19yL33Q51E9ZRIMMZRllrar/mVvHYSKVK2ad1xWaMT0fTve2T8DU9FWd4SafLLyC0eFybweza8y2xFLXpvsOLhJU6jzyOqw0K9nFyumrXaV0uT4nP6Vw/q5XS2fQmgrNxZfC6OUL3uXeCrRqQ9mSduAlTKtaHjUiqtCbpVN6Xut9m7ob8NjqsHqYiHZUjnF9tiMi/xfy4/v5Ffhp3cHfw2f7LKOIlGUVfavJ/mSG9VuS2P3lz4ojThfUks1fz/wbL3duOQqUdBDSZ2mA/h0/wAEfJHrFYaFSOrUjGUXuauj1BWSVnkrbtx6ue6SSWU4DbbujncT6IUXnSlOm+F9aPdLPxK6voHFU/dUaq4xai+6T8mdmmDJV7Pw9TeNvLT9fQ0xxlaO7v56/s+e1a0qf8WnOHOUWl37DZSx0Hsku9HfkOtoyhP36NOVuMI/Ywz7Fjfuz6r0t9h6x6f9o9H6+pycK0eIdWJ0U/RvCt39VbsnUS7lKwXo3hf9t/31P+wj/hqvCUfr6F/5lLk/p6nMTqR4+J4p1nJ2gnN8Ipt9bbDs/wDSKH+xS/siS4QUVZJJcEkl3DYdjO/enp4L1f4KPHR4R6nKYbQVap79qa52cu5O3ezoMBoynS91Xl8zzf5dCYLnSw+Co0NYrXm9X+vkZamInU0e3JGQAaxAAAAAAAAAAAAAACh0p6M06l5U36qfL3H2x3dC+AurShVjlmroZTqzpu8HY+d4/ROKo5uGvH5oZru2oro4/oz6qQ8ZoujV/iU4y52z71mcyr2TB6wdvP1OhT7S4VI38tP19jgaWOXE3U8Ur23bvsXWM9CaTzp1JQ5P2kU+J9EMVD3HGa5Oz7mYZ9m1o8L+Xu5qhicNP/K3n7sSqGJszRp3CKcNaJWVqOIo+/Smlxs7d+w9YfS1vsYpUZQlfZj40ndTptM8+j9VrWpvtXQspS3bipc4+sU4uy4frtNksTcmUbu4ypDNLNbckydktV2zvbcXHo9h3Uqxb2R9p9NnjYosNSlJnb+j2EcI3atfxNODw/xKyT4av0+Zjxk1TptcXoW4APUHCMNCxkABiwsZAALGLGQAGLCxkABiwSMgAAAAAAAAAAAAAAAAAAAAAAAAAAAAEPEaLoTzlSpt8dVX71mTAQ0mrMlNrYo6vophnsjKP4ZO3/K57h6MYdfDL+4uQI/iUP8AwuiHfya22d9Svw+hqEHdQz5tvweRYADoQjBWikvLQVKcpO8ncAAsVAAAAAAAAAAAAAAAAAAAAAAAD//Z');
INSERT INTO [dbo].[Products](ProductId,Title,Description,CategoryId,OfferId,Price,Quantity,ImageName) VALUES (51,'apple','this is apple',4,3,120,1,'data:image/jpeg;base64,/9j/4AAQSkZJRgABAQAAAQABAAD/2wCEAAoHCBYWFRUVFhYZGRgaHBwaHBoaGhwaHBkZGhoeGhoaGhwcIS4lHB4tHxoaJzgnKzAxNTU1GiQ7QDszPy40NTEBDAwMEA8QHhISHzQrJSs0NDQ0MTY0NDQ0NDQ0NDQ0NDQ0NDY1NDQ0NjQ0NDQ0NDQ0NDQ0NDQ0NDQ0NDQ0NDQ0NP/AABEIANoA5wMBIgACEQEDEQH/xAAcAAABBQEBAQAAAAAAAAAAAAAAAgMEBQYBBwj/xAA9EAABAwEGAwcCBAUDBAMAAAABAAIRIQMEEjFBUQVhcQYigZGhwfCx0RQyQuEHE1Ji8RVDkkRTcoIWk6L/xAAaAQACAwEBAAAAAAAAAAAAAAAAAwIEBQEG/8QAKhEAAwACAgIBBAIBBQEAAAAAAAECAxESIQQxQQUiUWETkYEyQqHB8BT/2gAMAwEAAhEDEQA/APXkIQgAQhCABCEIAEIQgAQuPeBUkDqo778wfqnog6pb9ElCrn8VGjT5pv8A1kf0+v7Lm0TWG38FqhVv+sN1aUpvF2cwjkgeG/wWCFFZxGzP6x4qSx4ORB6LpBy17R1CEIOAhCEACEIQAIQhAAhCEACEIQAIQhAAhCEACEIQAISXuABJMAarO8U7QAS2zMbu16DYrjpL2Mx4ryPUou71fmM/Ma7Cp/ZU174w45ODB5u/ZZW34k6YmXTnmOvhuuWckd50DnmUmsv4NbF9PUrdFw694tXOO5OX2SDbbUKhstREjLwFNzslF4mPTFUemSXzLKwyvgki2dpXr90G3ef2iFFN4DRU1yhtdNzQIF+AFC0TOQLj9h5o5Ev4/wASOvxVqfH2TZcdJ6pQvYw1Jc7kASPEnJQX30f4lcdEph18DptXGkmnRO3biD2Gjj9PJQbS9CpaCP8AGu6itvNakeP7LiyNHK8aaXaNtc+0RoHV+qu7txFj8nQdjReWG9HSDz09Uqz4k5pmojPCZCasxSyfTk/XR64hYfg3alwADzib9Pstfcr+y0EsPhqnTSr0ZmXBeN6aJKEIUhIIQhAAhCEACEIQAIQhAAhCEACbvFs1jS5xgD5TmlPeACSYAqTsF532r7R4iQ12Foy56T1UapSh/j4KzVpE3jXHnOOeFoyE+pPzksqb2XuI2yFIiY6KpvvEcQmSSaDlAEk/N0xdrWZcHOnPOMmy8nlMx4KpkyHp/G8OYnov2hwq4kTnQ0bMZmh8P8K/1BuJsflFAKAuim9OpVA++OoMR6GTTKOlSnbBw/NExFYJBM1psMkjnsuLBpfcX7L2S4zRwNBnE77HrBUi9vdhAIgQDU4nOLic+fJVVxe0yBDczLjHOXHU/sp2MOJwwXYYGpJFCWnIRl4ZIl8hNyppdehdg45GYiKDTZAcQSaeNZ86KyutwBIoA2KSSa1JxHfmpFnwkHIgg5kiOdJrCfwehFeRCb2VNnIkOaCTlJNOcDNItWGpAECprT7rQvuQb+UATvGmSqL1YEz4/OiKnSOY8yp9Fbeb64tDQBr1gCYVdaXkjvtgxSjfUzICk3mzEUknXlkM8lX3gOxd04aAUJEiM/RV96L0xLXSOtvIqcXezFJB61+Qhts6GkgwZrvFJyy3VabAgy0xG2h5zlkmm3gjP0QqO1hXwXQt6gtBmKg50zgjRWnD+MPY4HFXcH5VZtt5Egtp5571Uj+dOYE5TWRsRumxk0Us3jqlpo9b4L2hZaANeQHb79VfLxK4X1zNVvuznaMEizeehPzJXItUef8AJ8Rw259GvQgFCYUQQhCABCEIAEIQgAQhV/Hb/wDybJ7p70EN6xn4Ib0SmXTSRQ9rONARZNdTEMUamcuYXl3Fr0HOkGm21Z91Lv3Eu9U4oInzyrzVLbuOI7OkZTrUqhlyN1o9T4XjTigQ58wMsp+6lfzAG4R++/kmbpZHECRQgiRnFU667OrSKEmtKHTwSaZfmkumMsrJ+bAKwZakN/NWBFaQaQNjn6qC6jI5zOuX0oPXdcspc4CgpFaCm6ix00q9k4WuINwjL80zDq8sgPVaDhrS6DNBXKh3zjI7rPta1rTIJOgkDxOvgpd2vziAGmCD4R8mqIrXo5kh1PRurpem0ANFaC2MABpry9lmeCtcXAOILpBADqTpJ6aLfWVy7oyB5T8/yr+Ncked8ypxUkyivLHgEwY3ptKpr0wEOl4jWIBC118uPdcXOpGWlJPzovOeO2YDy2ecAkCeihm3K2N8BrK9J/8AA1aCya6cZA01M66bqtvbqkB0tJEGImKGDuKLj7UmhNIHkMt0n+acQIJ7pkAUg0qK0JWfVv2bs43JCc41mp56ya1Huo72zypopb3y6pprqkPc2Pbwz6IVDGQHzp82UiwvBjKvNcGGHTn+mIznXw9lFcYTU9ibSZaPeRBIodsjHPfJSrpfy1za5ZclTsvFIM/NU6xocIJAO6djpozvIxprs9l7LcYxtDHGv6T7LSrxTs9xV7HtY+hmJ5jIr2Hhl7Foxr9cj1CvTW0eb8jFwr9EpCEKRXBCEIAEIQgAXm/8SeMFpDG1AoROp18/ovRbZ+FrnbAleF9q7cvtX97IiBqQdunulZa1JofTsXPLt/BRsGKHOI7xgnVuVSPGfBWjbAFlauaa7ERB9iq1tkcwDOR8FdcKb+l2op9lm3SXbPSU3E7O3ezA9vKCpIsBVp2p0p88E9YXWO75eGnkuHPw+lY9FGbmis8u96ZWX66hwaGDLSuR1PqoLWhpwtMumOm3itBenYbIkfmJI/8AWk+izgaYMAnXnHPzUm+/0WvHttDt3dXKYMwciefJW1hYEGYAOeFokAc/WigXZ0OmOmtdlNs7BxEgQc42A16pNV2XGzSdn7x3w5x6SRkN/VejXK8BzQ6eS8cNqQABTmOR16q5u/HnNbVx6A50jLX9ldweRKWmY/n/AE+s7VSbrjnEmNY8GSQ0EARHekAk6Ci8x4o9znucTygZAn3UocWD8brTE41c1rp/lgiAAGgjEYmXOMCkAqvtrZxpIAknCIiuyX5Gfl6GfT/G/g2vn/3ojFhiefty0TdoyIznxFU9Yt1j7dEm1lx1+sKjy7Nbl2RHskSI3itRqmLRve2rrtopjoBA6z4bJDxPp8JTFRx0QRZAugb5Tum7Vg29VOvETMDy109VBtXc5HTzTZbYpsYiuy6bwcR1qa5TzSmtnp88kg2WafNafZWzLa2iwut6BgzBEeMZeS9S7DcSxSwmjvQxP3C8cDCKhavshxMstGgmuh6V+kq1jrsxPLx7lntyEmyeHNa4ZEA+aUrBjAhCEACEIQBV9o7fBYP/ALu6vFr/AGAe8kugtJGm/Wq9Z7b2hFk2NyfSPdeS2tq57jNSJOceCrZzb+lzqWyV+F7uJhlzRpWvXX9l25uBo4QRrtvIUSwvzwfCPBOMtTpXWMj0qarPuU1o1qXWqLN1uW0fQ7+6Q68BxkieY+sJkXkEAFpBG/NVV9vEFVZjdaRlZftrou2gPx1kQAPVULrJ4OEAgGk5CM4TnBb2S9zZzE1+dFcW9iMQAbE/qNTzI2zKt19k9/Bd8XN9qINkwiQGmBEnUQdSKQnGgD3V6LkGtgEVia5qtvdkGmRQA0mDJz0VFZVbNDHlVPorRaPEgOzoaA0OgnLwSWuwmsmeql/yC6XiMzI/KFMuNnJq0Q0g8ttKmU9P4Y2siS2QbO0kkZRXKsRmUtrxirXnz8F2+Nbic7DAxEZECuUfNUxgcBWviNeYzRSTQtV8kt9sCG4WwRtmeoUa2dpH3Sru8DFuRv8AT/KYDSCQ4RHyFBTolNDds2lM0izsiY0jWfROkgwBQLps6tFJ66Ke9I66GLYGNBp1n3UUsmkaeZ+FTbWJpUTQkRrmnW2LYxTWST00p5qarihbroqmWIPI9Up7IzClvsiytJjLOh/ykuPdMip12U+WxFva6IVo0HL58ol8PvGB7Tq13omrRuulR5JvBhIHQ+it4mUMy6PoPsxesd3YdqfZWyxf8OLyXWb2nQA+y2iup7R5+5400CEIXSAIQhAGZ7ZuGBoORBXkrnMa8saSc6tO2Y51C9R7d2rcVhZlxaX4gHaNjUrBt7HF2NwtGYRJxEEDzyVLyMsy+L9mv4GbHjnVPRWkAAOaa6SPcarlm8xJINdjPmrgdj7bIWjCOQj3qmhwF7ScHfDQMRkCD0ImPkqnVJGp/wDRipdPYhzMTQRPss9xIVWss24AQ4DpOSgcQudk4SS4dBHqUjHaV/ozs+2+jOdn7aLwznI9Ft8Uu/Ua1A5fRY+5WTWW4cyoAOZmpotdw++sa4Yhmc/von+U042hviTSlvWy5Zcy9tCQqu+8JfTKm2ZrrzWtuZaW5zPoo96ux96lZkS0tobi8lzWjEt4e6XHC4EaV25fTmpbLGGyQASBQU6fM1Z3t9o0gYGkb6n3VXacTcaOFBHd8aeKsd67NBXVrfX9kSgkObipAE5HRRGsILi2g8K+asje7NxPcJjPFIJOuWVU82ybghonWCNeUFc5cfZ2qc+0UZBBiIqlXhxLiVKeKnEB5ZeSac1pEnJTT32SmiLbWZwj2TTWEET+6feG5yaaJTQ2KjxU09Invo6y64gTpFN07Z3cYCSctNUq7OG8VgAp99gZJNBkJ1SnT3or3fwVL2zXw8E3bvju06+Ss33YFpIzVZfLuXQBU6+OSdFKmLdJkV7KfNU23MSOiJImU7dGYnNHP59VexlbN6PUv4ayQ4/2+4W9WP7AWOFj+QA+eS2Cvz6PPZn97BCELosEIQgDH/xJuzX3bE4fklwOoIEiI6ZLzR3EHuAxOLWuaC6aTG/yq9k7TXfHY6GHAkETIyIg9V5TxrhBaGkVAAjwzJ2VDy5TabNHw8Ky6TegsuKMZEMcSQK1AI5Tn1UixvJtHQwYSRqZgcoHiqi72VBJMxABrlkTs3SEpl5wzhzOZy+BZzmV6W2atePhxrS22a2xu92s4xtxakl7i48gGkALO8d4vZSW2N3aJ0d3idqLjGvdABgalIvGFgwsbLzSYlxlE392tL/H/bKKxu60iksrB1XOhryZwgZNmBllr5Le8EurHsa/UAbZjT9+az1wujHO72dCdCZGXgVpOHNLMLRp5VO+v7p2XtF/hwx8U+y/s7HDkBHkR8KbtLy5pqQRpuPuh14r4KNb2jZOMiEiU/gqTLb7Rx95LiaAjLLSExb2IdDS0Ruli0BMNc06Tkn3sgLr20PT4ta6K614fZDr0FfZQLzYCYbT5krVt2cTnCi3y7OFdj8ol8S1N96b2Z28XctdUlGORGmWilW9pJINQfNI/CPExkPopeh7evZEsboXGAI56JeHCcDojzU6wMHP5RSH2QdQtA2yCjy/JF5NeyJd2MOsnQZCVJtAaAxGQ3C7aXdn9PzdPFoIFZUKW2V7pN7Ku8MLAearntjJXV4YDzUC1upAn00y13TscsimUFvt8qpfBWAvC7a3SSBkVccKugaQAPErRwoVna4np3ZGxDbLmYn50+qvlXcDu+CyG7od/wDkAegVitBHnre6YIQhBEEIQgBm92eJjm7heb8cexsNc2akQM5MV6L05ef9puHxaO3rHQ5Kr5Ucp2XvAtK9Mxt4syRDRn5Sda1gJLOH4c9Mz9StJcrq0nEQKSB4KPxRtCDQZ9RIn5zWHV0nxNblutEA3hrWuDdIA/8AI19KJm6WURauiJNDuRT6pTbIkNLhAPeIyjUjyhSr3dy5kYaEDIZGaa+HirmDEpXIZEzPS+SJc2EPcQcqkf20Mg/MlpLCCMQAimmUiZ22WcoKgzIoRkNj03HVWdxe4MBZEHNs5HnPyhUrWxuRbWy3tXHD3c9daa0Vc6Sc5kyRU/NV26XnuuBbUVk/Mkh8k0OGkyKVSOiEzraE3u1DIIoc4KesOJSMLtuseWiTaMMNJExqazyIPVMPu7TJb3Z0puu9DEppaf8AZcNdImU060jMzsqyzvD2iAaeyHW5cK0hQaIfxvY5bNbJIaKj4RzUW2s3Dom7xfcND57Jt/EqQDTmhJtDEqQq5jE8jX55qXbWOZmCFTMvBxAjefFWLL3iEaocaOWnvaHGOoAQnruGxUphjHAGQnbPLKvNCnYiuxD85LabjZNXizBkTQ/M1NLqQMqKK9knvZdNU6JIogvYGu+ivOEXEvexsfmI8k3d7mHFoj/Gi2fZzh2E4iMsuq0MM7KXlZlM6NDZswgNGQEeS6hCtmOCEIQAIQhAAqLtNcsbQ4Zih6aK9XLSzDgWnIiCo0trRPHTilSMBdLKGEHMFVfFWmjeU9agQPOVrb3dCw4edDuFm7/Y98bN33zI9Fk5MOr7NnDfN8v8lY9mIlo/pAbtUDyyTtleA8DFNWlum2fWnol3luF7CMiB5SRPgk3m7w5zsJiJjlGnROa+3ofLT9keysg3FoADJAzk0p4pd1dBhpEGJkZwNAPryTL3l7G1iDQ69CixxMM4QZ8RH2SqLaW09+xb6EmTyMZnOM0pl4w7FtOv7JIcDNK55wIG3NIe0GMNBrOvn8olOe9g/wBk20txkJ+sbwVMZdQWzibuRNeSp7EFpFaTPPwKmWLwBTy9lDog02umJvjCBIEjXIxOk5qK6XwGg5VAOXMKcy2ZWTBOX+FHe6KtgcxSnRc2TlvWiG5jYh2ajGyaZyPopwfikUE8vP6BNtueftWqF0d3r2R7tZAOBIPzmp92shNRXlKGNw5inupLHiKA4lx7Yu2SLW27oGGMlFbhLhAr5Jy9W7oBLZHzNRWXg5lpTJkUp0iS57e8PlKSoRtC50RFclIZY1mSJg/Cp12u4xUEzqd1ZxTtkLqZWyy4VdCSKbLb3eyDGho0VbwW6YRiVstGJ4ows+TlQIQhTEghCEACEIQAIQhAEe/XYPblUZLJcQuhqYW1LlTcZuZc0ub4gfVIzRyWyz4+bjWn6Mfe7sIYTPPoTX1qo7rSIBEuGhyIFBHUfVSnvIhrtPpPok3kAwfpkAqrZrz77KTB3nd7Pnkfun7CzMUOmUzT7SuWtgIJETNenLxXLIuaaSIqBGuyRVFtPa6JTrqThbuJ9wVX3m7lpoY9PLkrWyvMyDO0ZxXnknnubGHunl6iNkl1oFbT00UtjaNIgmHbHKdIKmWFloZ+bJNrdGgyf8JD2EGa1/pg+f7KDaG7TXRx9371M8+fIJGEmZA2mvmNFKsrXIT51Tr3t1gn09UbOcvgi2rWhoBEGcyiytGNBM15V80W1niGvhkeqhOsSNSKZETRdXYaTXbJjLxOn2TwtqTrsq99lQE/PBcNrAnTWf3UtIW5T9Fheb5jAgYQNVEdaA61+ZqLacRbEAeVfRNNvUnutJ5lTmSPFSi5Zu4+q0HZ+7F7u6KanYbqp4JwV9sZIwt1J0C9CuN1ZZMDGCmp1J3K0MGN+2ZPl+Qv9MkxjA0ADILqQHpYcrZmAhCEACEIQAIQhAAkuclJq1QAkuXC9R3vhMPvC5s7og8a4OHguZR2cc+SyFpaOYS00cKEGi2z75GqreImytRD2g88iOhVfJhVdz0y5g8ip6rtGU/FtdGm8/Kp1lo1wAk/Y+6i8T4QWmbN4cNnQHeeR9FRPvzmOh8tI3Ef56qhlxWvaNSM8UumaG2a8ZGZ13UO2tnZHzGaht4w1wh56EGJ66JL+IAa0+UVbVp+izFr5LAXp5EyXAe+6Qb2DkYOo08lCde2OEiJUa3t26geGgXFLfWhiuGTra9uP6hA+ZpLeIvycaKt/nNGUeNVHfeAMimLGyLpIvv9Tc2dPmaiWvE/7ifmyp33yNUg3lrqkpk4H7ZD+WUXQ4iefkh97JA166eCoxfIoFZ8H4dbXl0MBw6uNGDqfbNMnx22KvyYnsfu4JNMzoAtx2e7MEw+1oMwP1H7KZwDgFldwHE43/1HIdB7lX4tVdx4JntmV5HmVfU+iVYtaxoa0AAaBOB6iC0Sw9WSgSg5KD1GD10PXThLa9OByhtenWOQBIQuNK6uHQQhCABCEIA45gOYUS3uDHaR0UxCA2Zq/cGfUsdPIrL8RutsycTHdYkei9NISHWYKg536GTka9niV7tn7lUd+tnmhqOdV73euD2L/wA9mx3UD6qkvXYe6v8A0Fv/AIuP0MqHCl8jlll+zwS3c4ZCEx+LeN17Rev4Z2R/LaPHUB30hVN4/ha/9Nsw9WkfQlc4P5RNZF8UeWG/FdHEXbrf2/8ADC8jI2bv/Yj6tUC2/hxex/tg9Ht9yjjP4JfyV8UjGm/ndJdfJ1Wof2DvY/2H+GE/Qph/Yy9D/p7T/iT9EcZ/APJkf+5f2Zz8QpN2sy81cGjz9Arf/wCKXkf9Pa/8HfZLZ2avA/2LX/g77LvX4Obt+2S+FXK7tgul5/uo3yGfithduKgABsADICgHgFj7HgV5H+zaf/W77Kyu/B7z/wBq0/4FG/0Rqd+2a2y4pzUuz4nzWYsOD3n/ALT/ACVlYcFvP9BHUj7qSb/Aupn8mgs+IBSmXsbqmsOB3jUAeKsbDgdpq4KS2KaX5Jzbwnm2qRYcIjNxKnWVzaFIixFnJUuzYlMYAlhdOCmrqSF1cA6hCEACEIQAIQhAAhCEACIQhAHMK5hSkIAQbMJJsQnUIAZN3CT+GUhCAI/4Zc/C81JQg7sjfhea7+G5qQhAbI/4fmuiwT6EHBn+SlCyTiEAIwLoYlIQBzCjCuoQAQiEIQAIQhAH/9k=');
INSERT INTO [dbo].[Products](ProductId,Title,Description,CategoryId,OfferId,Price,Quantity,ImageName) VALUES (52,'paneer','this is paneer',2,4,280,1,'data:image/jpeg;base64,/9j/4AAQSkZJRgABAQAAAQABAAD/2wCEAAoHCBUVFBcVFRYYGBcZGiAdGhkaGhobGRoaGhoZHRoZGhwaICwjGhwoHRoXJDUkKC0vMjIyISI4PTgxPCwxMi8BCwsLDw4PHRERHTEpIygxMTM8MTExMTExMzcyMzM3MjMxMTExMTExMTMzMTE6MTExMTExMTExMTExMTExMTExMf/AABEIAMIBAwMBIgACEQEDEQH/xAAbAAACAgMBAAAAAAAAAAAAAAAEBQMGAAECB//EAEcQAAIBAgMFBAYIBAUDAgcAAAECEQADBBIhBTFBUWEicYGRBhMycqGxI0JSYoKSssEzotHwFBVzg+FDwtJTkyRjo7PD4vH/xAAZAQADAQEBAAAAAAAAAAAAAAACAwQBAAX/xAAxEQACAgEEAQIDBwMFAAAAAAABAgADEQQSITFBE1EiMmEUUnGBkbHwocHRBSMzQuH/2gAMAwEAAhEDEQA/AEyXTbN0ROV7jbueR/2at7Ox7Mg6lwToNTEfFhRCYUPcvA6/SEbjuNvT50TgMCqkgDjPmB/415bEDsT2A6bQAPAibEPcdbRWdUI0n7KnX8QJrVjZ1xjv3qQRrxDKD/LViyouSdIeB5NI+dQ/4tEMncAJ7yqn9zQ7z4EYtrbcKIl2himt2ipUZgoGokFrdwRpu9g5vKjr21OzP2TJE8MyOBpzQGg8fhTd9YVXUOQQJ9oWx/3JHjR+G2bNvUZSVQERGvq/VmRz7Z8qo/29gJnm2ep6hHUhs7Re4ykCP4eu720ZWPg7KPAVLae4bdp92TISI1+iZ8wg8wLWndRVrBottWUaRI8y439ctMEZVLgxA18Cs/ND5UlrVBwqwlqY8kxPgVyXLqt7AcspI4NBA6ey5ip7F+2CyAgASPZgAoSOJMwP28CMRla3ct6ZiunXUof3FVgW3zMdxJmerAfuaHO7k8T0dLQrKV3S0f4pTbc5SfVmT3CM27iFuPp901Fc2kubtAA6Zt+8yreGZY8aEsoVuvIJDjMRO8wS27TUG6B4Vy2xyQQeGk66gmA/wVvxGhwI0V1+T4zO8OivcJgCUKsNdQCUfed47DfhrsbLhCpjs6ndJUZ9/XK90fhXkKit4drcXIHZ9obtAIeCTxXXvmjrW0BnQaHMDB5suaB3E22/OKbvcj4TxPPvStXB94Na2WCMuY6COspIBB906dwNdpgwzS8kySTEjNMNJPM69xNCXtqNbfIGkdqDrvWCng1sqe81P/ixcR2WcyQ4Guqjs3J/22Vu+a5hZwcxKtXgqBJNoYVV3SFfUkMJzAawp3yok9Rw4g4a/cZOeU6SD1kadde8LQt3HXCYyklQGWftLJPnNzT7yinuAupCkQAwBXx3fHTwrnUqBmW6fUgoUx1Ey27gJCkwDmUjgd8a8Af71qXF7PYqCJ6DSBMZh4Hh+809vZF10AiSANw1DDpuPlWhiEK5ZnSR15ec+UmlbzKBqXBBUQPZuIa3byMJy+yeaz7OvEGB+JeRgbFekyJcBC6kCTvDSN45abx/WpcfjLcbp3MoOmsbuk6r41E+xrd1VYQQYZT8SO46+JPIUxPT/wC8g1S3E7wMZh1nbAkoSApE225Azo0birdk9CTwoHHY1nVXCHsGLiEeDKfOR4UThNk5QFzSVOZCeogg8wRoRx8DTWxhEILaydGnUyNJJO+N08orS9SHgZiAtp84g2HwtsorIBlOo6c+48/HlWxh7bCIEgxrz5HoR5eFcbQwkDKpyg9YhzAUjodx65TSe1eeQxkHS3cBDH3bwG6Qd4466a0rZnkGelVWXXO7mPFt2yIBAYbjuII/eaS4jZzOSFMgSyn7DtvXX/pvqehkc6FxGAu5pBJ1nMCYmdGE6wdDPdRuzBctnOQezvGkOpOqnx1B4USEpyDNt0qMmd2ZA3o5n7eoP1h15if78ZFNtm7ORFGXRh00nu+Y4+UTYvGhJZQdFzwdCU4xPEEQR/Q0g2ntdiUa1qG3aGM31kI6iD3HwDFFtnHieaTXVk+Y5x9tHQwwRl4g+yYBgn7OoM9QaQO189qTMwf3PKJA/s0Ns/EXXck5iNxiJIn2OUiWjnJXcac4PDGyGZZa0dQu8rzK9N+nhvBrXqFY75lGl1zfLtyP2ifJc5nxLGsqxLtOyfrL5f8AFZSd/wBJ6XrP9w/1gbOUxLak5zbY7z/8v5H4ULhdoO3rBrPZH8rgnzYUYSLl1Wn/AKNtxB53dfl8q6w+zlW4Rp2pP5WT4a/GjPHzCRI1ez6xdinfK+s5bubSSYOQjoQJPnXDbPZi4P2pH8w3eFWRsKAjafVnyAM/D4Vq66gndJI3b47JM/8AuCgDnxGC/C4URZZRrRuAgQ7I2vCbiK48nBqHA7WiyNAuXs5V0A9USSBJ3Zcgoja7rchV9oo7DXnEfzW/hQWB2dLXFK/9RlnjldRr+X51QgQr8U8+82F84nVnbBbNbgnKRrvlVzFj00tjzNd2MU+cZhvsoTPH1Vwq896i5p1NFYTZQDEsBJmeuYIT8RdHjRiYVQF0Jyvr1ziCe7tuaFrEX5RFqjnsxTiQ4a22mZXuIYB19agblu9YzDpFN7+QgQQCYI0nfGscfaX4UUbayJA/5G898saru0iyXOzEBxHcwAX9KfClFt+PpLNPT8RGY5GLQAXBJEaRxgZviAw8azEYhLZgqMryJ11ykKensFG7h3Ukwyt21nsghh4CNPwMT4Cpblk3LQyhmZSI4zlhTA4zbNsjuNDtEtFCKcE8Z/eGnaSMpkTKSRrJAMN+/hUOBw4dARAKOd3AqQJE6wAtto6NzoUbLYZehnlKmVcdNfnRmFb1BbN7JA14llBMgc2TOO8USnbwsVqqqdpIPUmx+DBK3JgTwG5kzMIAH2S4j7qiiMFhFtgZSYB3axl7XZ6iGceXKhG2jm9baEC4hEcQZ9l15gsUJ6OeVLbG3WBILGAwIJ3i24gEzxRipPPWt22MCJ5+6tTmN3wCI50JAgg7pXQmDxgQe9RS7amEyHsQMplYaTv105Zs2lSY/FNcth1nOvZYcBqWQdwYXLZ5wOdKsFinYqCpbLz1JUhQQRvJgKe8k0aVOwyTGV6lKnBAjBTcdVaQABBEEwNPMQq/+2eesNrCOpKagCGXoDof6eFWnZ+z7kH6M9OyQOm8cf3o1NgXSRqFAOgPLXTToY8OtCA54Cyw6pVJx5lQxOzGZQ3Hjrz3/ufPpU+Ad7KMjEZRJU8vtCP5tOAfpV1s+jDRBfToP+e6jU9GbXFAe/UGOMGaNaWPzSe3WFl2zzPaXpE6FQo1nefijdZkTznhXWH9IXaLiozITDrBPaHIjmCQeuvKvUrOwraxltIpG6FA4RwHKiU2Sn2RVPpJjqefufJ5nmOJF66rW8jbsyNBEoZyk/fEQRzAAGtNNn2na2DctMrjRuwYJH1hI1B/rzr0BdmqOY8alXBKOPxoWqVl2wkcq2czzpD6tsjAiZgERrr2RO+QD5dagu7Rtofa0EEa7p4dR+3hXpF7CoRwPhIqvbS9EbF4HQ22JklNNeMg6Uo6YeDKqrqyfjyJTLzWnZWTWCDnMmMwAGbdoR2TPIdalt7IRMwIGRzJXgDrEco1jl5zLifRO7h3MkXLZETBEryYToZ1BqJsabaKLh0GhPHLpBjfIBHf2ftGFsHX4QY2+uj51OZOmEW0ZgRG/mOo5/3xio8TtBEfQzm68N247hIyk7gYP2qQ4zaNwk2t7I2hEww4EccrAxzGvE0oSzddhv09knkdCrH5/wDM0xNPnlzIW1AHCCNMVYYu2QHLOkRHXedNZ04bqyiVsMNMlvT7auzeJB1+cROs1lFiqO+1aj7xnbBrLWyY/hZToNfVsWHwmu32mRfZdOytwjdBPaYR4Ba7x7LdFrJrmFwT3KQfn8qibZrevFyNDwjSCgB39TSM5+buV1CvaPwP/k1i9ouWugSRk0A5esZCfyN50sS9cLAydUBHLRQvmQg8qsq7OGZXaSYjXwJ+IrlMEqgCPZlfysQP1UAdR0I5LkUEYibBW2S5aLTAJTpBMD+ZzTTD45c5TWcloiTp2jkkDhqRNbxzqLBIIBUSPeX6QePZFJVtutxSCZ+kURv7JZ15aSVNNrQPkmQ6u9iRxGt3bKgq2kN8pB+CXVNQbQ2hNt4J1UxB3QzBf5LiN+EUBiNnEqMoO+FP3YZR5+qt/mp2uzoIGgExu4OnqwNddy2vHvoyKlwZKDY2RIreKZypgwxKkzAi4sggnd9JeT8lQ7Gb1iMtwdtdOsqYMcoAtnvIo/CYAZWXfB06QzFPEB1PgK5xmHCW3uJIac2m85iJHnk8qWzoRtAlFSPvBzCSiqQYUZh4yI05RBUVzh7yDMhIJU6gDLAPCOiNw5Gq8uKYyv2WJHQEsP8AuHgBU3rDnS4coLoFfvtzbuEjqjE0sp7z0vQIwSe41weLtgZSCCrFdWBOjZTJgaABT40LjsSGtiQC2oG/R1BdZjjKsAK5XYN67cYgHK0MXOi54h+/tLOg3GrRsr0IXU3S1ySGI9lMw48zxpqVEkNFXGlRknJPiV3DbMa4bVy2s9jIQBvtsOzJPFQWEn7Ipva9CGe4XuPlkMIXfD6sOXtFyO8cqveE2attQqqFUbgAAB4CjEsgVSEI5JnksV6UcStYX0ZtKMpBcRBzGZiDqN28A9886bYbA27YhEVO5R/SmISt+rowPaZmQTFaF1unlUzWO+urdroa3BmSJbrfZX5Vs32+yKJCV0LVdiZBhcc8h4V0Fc/W8hRAt1nq67E7MGNhuLGtrhhRIWtgV2J2ZCtqtmyN9TRWRWzoHiMMGEETVN2/6NtDNaVWB1ykSZ6TzEg8YO+r6RXL2gaxkDdwkcqZ47YwS3EVwScvZE+0kEyh7iTp15HQhsKoGYAA8Qfn/f8ASLR6UbKFoPetxr/FGgHIXOh4E8jO8a+eY7axEMuoaUcTBVuG7QSM3HQz9kVI9LlsZlBetRuA4/aOv8xjSQY/vnWqpue+fZDEcJQT3buG6so/sq+8V9q+kZ7LQpbtBp7GIdeQh1iacX8eii3O9shH4j+2U1ztMAWCd0Oh8SwA8aUbbtMy24k5Q43bsjkDwhjSS285Mu01K4AJ8/2ju9tEB7aD6zEHp7SiT3q3wpNidqMc8f8AqEr7rHMPIqtSnCMWz6kqwJJPAvcYz+cca7/yj6QjgSh10EZlB+GehAUStVrU8xZcxDujCIEE9dWBPf2dO6rAyqRbuDLOYNJJH8RMoI13k5RrPnXOH2euoPLhwLKB8AD50se4VN20oJhGymONtxeSO5LkUSDe3HiS6u5NuAPMfYnEIimeAmByQFiPK09cYnGDKSu+GA963nKnu+j+IpNtO62a2wUhCx3nUi5DA8NMt67w4Gl+yluBSGLDI2sazlbt/C0w8aYNONuSZAbznAEfnaX0pUEAMFjvudlZjf2XtN3A0Hj9qHKMuof1ikGdGy57Q3cQ4XwoZsARl1M/w55MDcCt4L6v4UbisAXBAhczI40HZYMTPcFcCPu1mKlImq9hGfMlwGzkd1IIyumk8QRz3aKSPAb6t+yvRu0MuYh2BmSOMQSBwnxqjnGHDhUicmo03rmHZHI5GIn7tXDZ+NIghpGhBG4itrx3iVXPbtG49y44fAop01jnTAKBSjA48NTW281SDISDOstbC1sVuaKZNKtdBK2q1ua6YTNhawCszVyr10yd5azLUbPUgNdmdibrK3Wq2ZMrKysrp0ysrK5LVk2bNcO9cs1cE103EhxNsOpVhIOhHMHT968gbBoL122AoBzKV0AZVaD1kEDwjkRXsLtXkGPsOb124BE3HdeakudY5Ebx39KTc2F4Ms0lavuDST/LVGmfLHAgmPjWVL/mTfYB77hU90dN08d/GsqXc83YkrNnHtct4gQWgWnA5ZGTP4STVnvWxA0ES3xOb5CltjY6hbvMoyT04H4ChzjScOxkypTya0bZ+Mmjcqx+Gdp63I5P8MdoBkY6Dsgnwgn5GodoY1UAIg/RsRyMCV+JXzpNg8ezpkAktaddOcXiI81oXHqzC0eBSBGvEgeMBfKlhOeZeum+IBjHN7aIDNBGnwzXAB/ISaH2WRduM3FWH5SpT5BfKl1rBszE/aUx/MB/NpReDmy7aaOjZZ3SoZl+R86LGOFm21VBDnscxnbwCFArax2J6DMnydhRNrCqpYR7QJPee0fCS9RWMar5iv18rLz7YIE9fWKwpdf2zlKPqVNw+AlLgHjavOO9RXbHc4nmF61GYyc9i5EAg5gT8ZjqoFYcQrKpB3xHjlj9a0o/x+umpIMAbiXVHWf95HHdNLsDfdrZRZGkKeslRHc162fwCiGnOOYJvGeIy2qq3nQJ7ROU9DK/L1gPhVpFgW4VfZAAHSBEVRdl4gjGW2jsu63IEf8AVGXnwZln3TXo7oHETrwb9m/rTNmxcCabi4APic4bFZTvqz7O2gGgTVLugqYI1qTD4soawNiCRmekI9SpSPYm0hdWDvFOiYqhTmJIxOi0VCbnOttWstcTOmKSd+gqUPUDA8KxDXZnSZq2jVwxrFNd5nQhTW6iRqkDUQMEibrU1rPWTXGdMJqNjXTGoWNdNmO1Rsa0TQW0NoJbQu5hF3niTyHM9KHMJVJOBJcXiFRSSYj58u+qDdYcTx0I68P6ctOVLtp+kjXLi3DItglWtzOVTxB4krBB5huFKNqXLmdgC0QCrcGU7m0G87z1zRUtrbzgdCetVoHUgNxn+Yjr/BWzrnOuv8MNv6z8OG6squWLr5RGYdxit0rB9pX9hH3paLd1fWFOLbuvYViPJhSDAYfPZbQDMo4DetxjQNnGu16zc3fSprw7SlO6ISnWxdLboW1Rri+RkfOaY1exe55FN5JwP5iD7JwRQ9xHkfV//vRjbOUIVGmRtD07S/DMalt4hc7DN9Ve6SzqCO85fhzrWOxgAuhYkKCO9hI+Q8xSfiJlZexsTsWlG4bmPwcuPi9C7bUC2CCBlKxpwV8rDdxzgUvvbXlTMwWA/Dlg/FUJ7zQmMxpdT0I/+oAx/nSjRSGDQjp3fgybZzP2hJBB0XXVkK3EXTqr+ZNRY/Z+YsFmCyspiICvl3dLd23+WnSW19Y8KZYJcBnTtZl0EaQDJ76YMqxOgnTWPrdkfHLTWuIbIE830fBiCzgGVEMQQqt1lGDAT7z3R3RU6bNC3GAgAgZY4DtLPdqh76bh1KZpUAbyd2onlP2vKgXxAHqtI7TWiSdeySunOWW1+YUsvY0MJWsXXsGA0xrBA6akgeZq4Z+W4wfPWqjtTGnIXUahQ8eKFh4C8vip5VZsGc1q031XRSp6RpTEVwMmY7KeBC3YMBm8+R/pQd1CrQalB0jiK2wBGU/hPLpXGDJtkYv1dwHgTFeg2mlZry1wQSONeg7AxXrLSnjEHvFMrbnEFxxmMjWCsNcMaaYsSUUNdGUgj++lSzWGGFD3OkTudKxHqO9IAPWDWK2tZnmbiEK+tTBqFBqVTR5mSYGumaBXBHWobr6xRTptnrlmrjNwFKNv7etYS3nuHU+yo9pjyA5deFD2ZnUPxmKW2O0d+4cydwHWqbt7Ei8jToF3a9kTqGPgNenfVa2ht67eHrZgg5WRTIAJzIybzOgPU2+sVFdxFwstxf4d3Qjk2hYDNzOVhw1TgtBZWzHvibXeEPHclw+zg3a+q6wQBMSeZ4giPAzANEDB+zbuGYBVJMnmVj+ZfEc6G2UjWi1tu0hModYM7114MIInjl4mi7+JQgwRmUDtGZgew/UAssnkz9ajZSrEZnrpqbb03ef2M5/yxRy8/wDmtVLbvi4A63FUNrlIEg8QfGa1Q8+83fd7wOzs1VNsxuj+Ut/5mhrrG3iXVdxYGOrqVPnmpnfxSrbzH6pY+AUP8qAvNnxJIkqbVt1I3a3J+QNGNxJLSWoopxEOGvuGaJkoOemTK8+Btk+dNryMRqfbsiBz9WYAMcewu+uxs76TXnG4bjnUfqWmiYYZUmJBI/MNfia0uPEtsuXgiVqzhS66iJLHyYT8BR1jZ0ggzqB3wrFteZy5fOm/+GCuQAIJIPTMGM+bRXdtxrOk6noCCY8hQFyeoLaliOIlXEODaRiV0ey2p0aQqN8bZnrU2Jxhe1pAYopGv1mVwF04i7bTzFLdpqBcftaEoS0aKWGVj1goPOrh6CYDD3vWi6md0c5Q2q5GyXAQu4kMQZMxwjWrFQEAieU7tuIMT7D2TiMVcuZLZ/w7TDscqQ4doWRLR65xoCNw0io/SnY1/DW+2QwzLcDqDGaFW4DO6XFpo/oa9fw+HS2qpbUKiiFUCAANwA4UPtjZyX7TW33HUHirDcw7jRnA6EVtz2Z4uULiC0AkiNYC3RmERpGa8n5OlE7H2hctJbU5jbKsCrEn1bWyTKTulSDl0G+mv+Tm3Nq4IZZWddy5ghE7+y0946VxjMOPVPA1UesA4yJJHWZZe6kG4fLiPSjJBzGfr1dRcUyDyrYcHSqXgtpPaKkdpCIZZ3idCOTa/wB6RZbGJW4odDI+PceRoTxKLKWTuF3Wka7xx5jlTn0U2llPqzx3d9Ic01qy5RgRvBnyM1wbBzE4yMT1eZ1rlxQuzsULlsNzAomedVdyfqYLU7j4VG0rqRUqvGtauN2YOtKYYmgyMGUM1CiT0NcFiAV5/wBmo7V0qCTuFCGzjMKFousTU6R5UHafjvJ1NTKx5U1YJk914FQ5dJO81hXXXX5VX9vekiW2a1bOa9BgASqtBIDa79DpWs2OYddZc4EL21tlMPbJ0Z4kJMbyBmY6wskSYNefbWwr3bj3bpJD6gEE5E5ADihmQN8Hi1LMRj3uXGZyWJmZ3MrbxpwjT8IPCn2ycSXthTOdI7yIlW8Vgjqs8ana9l5WXXf6fsQEwHZ+ymtsQZKEEHukdkxoToGU8SnWjLOAVC9sxkOunDkw6a90FhuXWQOvss+o1BEkhSxyNrvhlI4yAg4mtHGrErvSRBI9nMRlPDsscvIKw50tnseSpXWkJv2AVIgEid/Hx68/HfVXx+HdHzDvG5TBBkEDUZhmB65uVPMbtNVUOGOUASYJIRtUYjfoQVP3lj61LMbtRA6ufZYdob4Ew45HKRPUSfr1iVv7SmnWJS3PIir/AChm7SqzA6ggc+B6jceoNZVpFj7MRw7vOsod5lv236SkG87Iy+58bL2jR+zbuths2rWGQDXfbYkCpv8ALpDtx7Pkt0k/CiG2af8A4YW1llYAKOM+13biZqprFb4RPFrrYNkxvh8A165CbxlYngBIK+ZU1JtFGsqxuKRlIMncdeBG/d8at+w9lixaS3OZgAGbixA+VF4rC27im3cUOp3giRQmhcCH63xcdTyvHbUy3IB0hY6lXM/BAPGg7mPEunIsPy3BA8UzCrH6R+grAm7h2kCCbbnUAD6rcdw0bzoP0U9EfW5b10/REdlR7T8DJHsiQevdXCrEtS2oJuP8MTWUNx7kqwS4jZTBALT6wgMRBYFm7uVMtgbQNq5ba3PaRTEyTlhWXQcioq+7Rs2lti2VGUaKoAERujlSHAbPVICjX7WmY9NBoO6uPwniS2WCw7sYl0wu0FuagECNSeB5eFEm6KXYRMqhRXS2ouZyTugDgNdSO/Sm5k8R+luMtlUIGoYAtxykw3hrNVNNoZWTNoDcyN0LBSPAFnB7q9F2rsiziEK3V4ESDDaiDr/WaoPpR6J3LVu7cS5nt6NB0cOGOvZENOd9dN40pZrVjkzRYyjAlesYXMhGpIMEb+3bJUiBvJE+dEWbTWnzKw10Kz7RXj0OXKZrjZt2HuE6BwLwPInS4O/MT5VJi7iIu4k2zPIgrCmecpcXviltkMRL0texMRvh74cSPLiDyNdOKSXruU50MENlPIyNJ6Zo8KZbOx63VkaHip3g/wBKwDiLNZHOJc/RHGyptzquo6irUgmvMMNca1cDIYI1HXmKv+xNtJeXdlYe0P3HSn1tkbZLYuDkRs4gRQG0sb6u3mKs2oELE8ZJkjQRNHO1LNrMPU3GbdE+C60Vg44gJ3zEn+eoWlptGYGciCYmJBIB6GmmHu5o8/HlVOe4uqe1m7IB4mMyTymQD/qLXGC2u2HANtfW22cIoLQQWXMsSD2SJEcCDUqMSeY91AHE9GtPIru60CZAA1JOmlU/C+nmFe2HyXQxMBcoOoyTrmygdsHUgxOmhhdtbbb347WW3/6amSxDBdSBBMwI3Amd4BNLNsGTArTeYXt/0iNxWt4dmU6qXAhifqhJ9kE5lDb80bqqtnDR2jIJg5t+7UsBx4OBxhuYpvikWA/BuyxGkZiBmHLt5WHLMxNaQMQZWI13GJkhxrwzAnqGUDSpHsZp6KMta4USPEbNDkvuJkkLEfeC6bge0OYjTWhWHqxnUhWQEPx7Mg5iOIRira/UbrTTDXdd+vD+Yr4wHU+6vOgsXkS4zbw28cCMp3DjKB11O9EoVPPMw2WWLsldx+PdbgicrAlQd6zAe3PEo6CDwyqYpfbv3FfrrA4MrCGUcxBBHTXlVjs4QXAbcibTggiJJAAV545rYAM/WUHWde12bbzQ8RBjXtZNJjj2GYanTKVP1auW9AMTyrNPZuOfMWWcM2qMS6EZliTKPDMgncdC45MrdKMw2zIUqYKEiGmTBEK44bt+nL7Gp9i2Ja3qblsyOGYwGIHve2OoblFF4dgddMrAkabjvYRyI7QHvUizUN4jK9OPMWWkv2wEDaLoJtlvI8uQ4CBwrKcSRyPj/c99ZS/Vb2Eb6Q9zAVGje6f60z9FcUkkkSQPL/8AoiqhY2nBtTuYW5/EHRviBXHojtD1d5wxOUWxPT1YCkxx0FPrqKncfEU9oYYHmexW74b2danVhVYw2KDAOjSDqCDvBo07ROU/Om5x3A2xhiHBAViBP96VBZtpbQLbUKo3AaAVVdq7UYsuU9oaxyG74nSiNlbdW4BJ0P8AKSJ186UHyTGek23MaXLDXGk6DhRVqyq7hQ9vFAMEYj7p4HpPOijRDEDmTI9SqaEmpsNcDGAd1dOhlV70svzb9WDxUnwOaPEAjxp9deATyFULG7UFy5c3yjBdeJZQVI72AXwoHOFhJy3MTbQwqpaJA/hyNPsXOyR4SGnmKQYhixB17SiepiP2irQcUjjIRpcz2xO4kQB35g1sjoTSVLAe2H0g5XmNwkC4J6NmPhQLkD4p6elsrU4kGCRnLJMC4sanKCyDsyd2g+dc4a2wYMhhokacWBIDbtMwKnvprYwBDZiOv4lMMO4+1RqYRZnr+qCPJgDQl8RtlibiPea2ZtBbqgxDr7SHf1jmKb2LjW3W5bMf3uPfSa/hALkosMIYEcnJD+REkboo/CYxZNu6MpOin6rSJBH2TruPhNEpB6kFi4PE9AwG1EuqB7LcQf71pf6ZYoJhLsmCy5V95oVP5itL9gYpc+S4O0NA39f60q9OMZ65xbQk27bRcI5wQSOtssreHSqVcEZMldCDgSlvjmbOQTJIuCDGoMsB0nd7i8ooy273MyiIuAMh0HbDO6xPUXV/EByrbbPdbi6AMTIA0BO64k78oKyPutPGmGEwKqMq7ozoeO8ZvH+E3eDyoGsQDiYlbseZW72HbM0ah4dYn2u1KjmfbAHQc6sWExAysGEwM881I7RWOGQZo13c6MvYNGYNoM3bWOBBXP4BhbaocagTIyqIBymRMJcmBG7KLnZgjcKU9ocYlFFWx+eoRhseGUpoWAOixJZQcyjqVDqPcmgHxpyhwRIkE6CWUQTB1hkyuOtsUnUXLdwAEgggjWNRBUnoVy+BamBwusrolwBl+629A08j2G6d9L2gT0/TVTx5nKbROjKYblwkMDr0FxUPc7VFtS925UfRuJWSTlB4E/dYEdI612mDgsQsqdQCTIngTpJIzL3gnlR+GsBlCNJymY4GVEwPvKs+8jc64kDqaHRDmAbOxDI2ZiQF7LAzIGuscIjXqAONOMW6jtxmZZZVBAzECGUyDKsGiDvzJ3gV8KEJG+fHNI0/MFK+8opZiiwHq1JzQptvOhIBNphx7SZrZJO9VOlaihmzJNZap5XzGOP2kiXLTIVHDNElrZGa0+Y6nKCCROpzDnUV3a+UyNBc1Qk6I8zBM65bkqeauOC1WYd0BggrMaRAmSBPAFt33mNFYbDC6pE+0OzpuuRop5BoI7wvMVZ6CDueT67nqO/8XcbVDZCncHnMvNe4GQOgFZS+1hpAm07n7QMT36b+fWa3XbUmb7PaLbVhiluAcwB80uAx/Maa7NwJXEOdwIuAjoxBHfowo/DYdYIG9WYHvZQx/UKMMC5P2gD8I/ap3vJyB5z/AFlCUgYJirZOKe3bCKSGVbiidxKQVkcZBNE2/StWR1dCLgWRHstoDHT/AIpZctlMQRpGceTCKBwGELYq3bjRnCnuzQfgaJDuOPeXmtMAn2E9Ew3o4ly2txmZLrIMzLquYwZytyIG6N1VzGeiOMsnNaK3APsnKxHVWMHzr0Zd1bdvhRkDMjXUMoI8Gea3PSL6PJdR1uocpXKZ0O+ToKu3oxtF8TZ9Y9spqQDwcCIYct8d4NVK5sv/ABeNYDRd90jguo8zIA7ulehIqogRAAqgADgAN1AvRM6wrgY7nN/BC4pViQD9klT5jWkGK2PftS1i5nA+oxh+4NuPjFWI3K4vXgiszGAoJJ5AV23MVnEp2K9Jrq2rqurK4SQGBDdN/CqedoH1jxoHQMPeQ+tXy7S+Va2xtF8Xfa4ASA4CL9zcF6yynxam2C9DMW/q2yqhRtC7bwGkezJ3FvIU0AAYPcAkk8RHiLzEPlHsMl1YkxlAUHX/AGqb7Du9l03QwdY0hLokRyga1a9m+gltf4txrhAK5V7IymdDvJgZROnsis9Kti2sPhi9m2qwQGOpbLByjMdYNzII61jjcuIdIIcRAzqqq7t2kPaKiQST6q4NSIGYKeO6iRfAHSch6E+z/NlHnVav4slnGmVxP5lUn4rmqXAXC/rLZzMziVA+2pJEQNd5MCpinmet6GBkxnj9pZkQkwrSrCfq3re89VdHHgaAubRFzVhMoARzYM8j/wBu4aCdSVIA1HPhrmXToRcHe1aw9uDMSoho+6d438g2v3TRBQBKPTUZEbJtN09WQxCMBm11ggAgHeIOc6chTfZl8PbBPaMlLnVk7BP4gPiKS4fC9g2yAYY5TxhipA8415Ma3hMS1rMpPZILgxrNuGcRza3mI7xWEbhgdyO4IBu9o+xKMbY1lkIIbmU0zE/eXKY6HlXL3gstPsgXconccwZTzM+tEcJTpSW7tQJcdG1TQ9Cs6xzmxcy+C0sfaj5l1BOQgnfLrAnXh2LbDrNENOx7kJ1CgS4XcSqqTochzjrblVuERwCupA6il2Lx3t22I4q3DR5Qmf8AVVD7t0VW8Jjm0Uk5WUKfdClGHkVb/bWsxq3JzGQSIPeoAOvHQL360xNOA2DAa8kZEeWFFy2HkBhlmeOYgAkbwCzHfwamljK9sqZjU9Y+uO/c3vTyqu7EYBilwmGBQ8ZkxvnQjfm19kc5DrD4oIxEGVJOp1LKxD7oEmR3m7SLK9rYl1Vj2ICPEyzdbcV1DQwGpOuW7HOGyXJjVTA30SUKsvCDBkwBJBVvBws9GaocReC3CJlcuYAccnQb5tPA9zpQL4qS9t/qrqTpmTL2j1lDn6mOlAFzGemzcx1iMjKQdN3eqsdO4qw8MhpJirogNOUrIbL7WRiA+UnUFbqhweAKio3xhuKZPajK0bjnkNJ4j1uvddIpet1mYHUSMjnjuykkncSoB/CTRqpXmNTSqww0ctgJJfQsxzfdLnVp+68kn3jO4V3dwltE9YMxCiSF3lGbUn7ywW01kT0rrZj9n1bkZlAEjUQYKEdxMR1FFribaASBBJOu7tNlurG4AMUZpne9aHcnBkFlSoTIrjYck52huMbjyYd4g+NZSpfSV7coMrBWYAnKDGYwCAukDSK3W/Z3+v6xfrr9P0k5xSq10cmUnuZihPktR7Q2iFCsDuU+dt1DjyJpLjsQTexEbrloMB+FW0+NCYlmZT/qN0H0qg7z7tMWkcZiWtI4Ef4khsRm4PZR171JJ+QovAKlvEpccwoadOErp/MBSTCuMuEuGdM1tu4zEnupvfdQoJE9kz32yJH6vKgYbXGJUjM6S+Lta19v4EVziNoIVIVgTVFwmKH0YnT2fFWKHf1KGof8xZUzA6jNvAjMChjxUnyot+fEwaYmPdi3srXmB1NyOsKOPmae2dqcG4V5i+PaWYEhiVaRvzBcp85FNNn7fPZFwTJjMu+eo8t1avWI2zSsPrPS8NiQ24ikXpbimNs2kaCRLEfAedC4HaCntI4gb9Rp3zu8aXviPWO7NEkkacI1Ud+WD41jttX6yVa/i5letIttzyzT4Eq/kNa9W2Riw9lXmSRB7xvryjaN8K277QJ9yGA8Ucmrd6EbWAtMj65G0jXp8gD41teezMfb0Jd8IkT1MydTXe0cKt229ttzqQfEb/A60gxPpEE4ovvMAfnSXFenKrPbZoMGFEcOJjTf5GnBeMRe7BzKc+EZSBBzI+Rp7+z848qnwuFIuaSIgjuMyPgy99FWMV69rrbibjjgIzMWUnrM1OLhPq2UaHeI1UOMwk8IdWHjUrkgkT1BqiycTRwgmRprE9GOh7w+tSYawqEEwAYGXgBcMZT3OMojh3mpE1lZ9rQHlOq1zdxC5RzbdyBYNE/jtt4mkjMwWOwxOrKgZlE9g5Nd+UCV80YfChdr2iQSBqO1pzWQ+vVCwA+7Uz40SrgaNbJPAygV4n3Hj8NQXsWMgeZysJIEgj2WJ5DS78KNQQ26A1bOCD5iR8M2WTBywmmpIiVbTSChHGZWK5XAN1PFT1gHdxDISe8EcDTjZFoMhU70Jttx9kyjTxg5o76arhlOZQNVAI04FmKgHo2cdA1UNqMcSI6Uq2DEGGwZB3wGIURIhzoNeIbyh+tNhhMyqSJPsmftL7JJ6rKHqTUvqyVZV0zoYI4MBHhoViPsmiMOxuKJhWcAkAggXF0YSNIDgUlrWYZjlqVeItuYMLbfUn1faUgSxSCVkSJJHZ/CKA2hdkB1JhgrTO8gLJ4bx6tu8dKfNeQshE5rgyjrmDugOmnaW4o5GRypRaYMzWkCgKQ1sLMFSsqNTOql513staCxGTKNO61tic2LjuisBraiNIlJLKD53E8uVY9nKVddcsDnKMC1smeQlT1SjNmWgO7n90wZnpoZ4FX50YLYUwY5xyUsAYHJbgDDoetAWlbWqGi21hQrwAYI+tqSCIKxukroJntIKK/wOYZp1HtEbj9lwPHMOjNyos21IB6ke6Qf2K/y9aJwzbjAA4rwgmCv4XDr7rChLExLXkdRRct5IeNEBVxztHR449mVYdMvOk+2cQ4gzILFX4D1gBEgcFe22aJ4tVkxFnI5JkjuktCkjTmbcjvVKVXsGrB7emgy5tT2Zmy490HLPI1RSwHJkF4Z/wA5WWdT7Rg8f6+O+sqx2tnmBDkdIGh4jzmsqv1q/vSH0rPaBDDn1ttoj6PIfyuvHuFbt4KULb2AQn8EfsCKZXtAhA3MB4FtfgTU2HTVl57/ABqI2tiWitYvv4WMMR9g5h0g/wBBQt28WtnpcPk4MjzJpphyGRrZ4jdzBBP/AJeVKcIk22ge0gPHepP/ABWKfJldRUDH4QGziWCLrqrSO8wT8VBo5kzFgftDfybQHycHwoe1hoZvMfyn5E0wSwNOq5Sfd0n5UbMIw2AAGLrNskiRxynxmPjPlRdjD6EExHa7sphj3gN8KmvW4zGN4zQOYIaPNT51NIkHgSPJv+WPlQF5jXEwa4vq2YkQrhlboHUlfJwRUeG2oVZTzW2W70OVj4plNG41M1tt0hTv4snbHxV6SWcPJE7gwB919J/R502sBl5kF7sWBg+LvEiDpBE/hBtn4ZanwOJuKCqMy5iAY0nQquu8dqBUj4QkmRGaAe9hkJ/Os+IrvZ+DLLrpPwJkHxDKpp29Qsn2MWmsScz23n+Kgk/fXsa+SmtXreaTB7Q3dd/z9cPAUyXC5kZY3EMvTNw/MBU62QRmHPMOsHMPiG/MaSbx4jRQfMEwjNbYmPbXj9u37Z8YLDvovE4oFHUGPaKxpvVbyHzDDzojHWwbZYcBI/Do3mnzqtZyCvTTTmpP7NQKd/xS6isAYjvDY31mcAw2XMpOgDL2oHOMwH4aGvYnNbZRxLRA5lbqDwi6PGg8ICtwHkZPHSNfh8qOOHCuQoJEws8SpDJoOfaXxrCADLFVV6/GArfbsazl0HHdPhrPkKKsWi2a2TEjjpv1U6a+1pp9vrUlnAw0a5W3DdvEr8ZSj7WG4fZbKTzEAg/kI8VFcXGJljqDkQHYj+ruBSf4gjdADjVf2P4qe3MWoa2RoGhZ5C5mC+Tqk8s1L8dh+WjH2f8AUWWAHUw/wpTjsR622cukO/dkuMt0D8ykeVbXWLDmefqr8Hj2ju/tUKufdldTHR1zQfA3E71pWu08rso4XmKnhJmD3ZxabumlCXGYum8vpzJacy+JaRpzPOssJmMMYDaTvhgPlH7VQtKrkSI3M2DG208eZLW9Bn9Ync7LeQdMrBh+MjhQdrGFbmZeBlZjVSZA6aEa8MtEJhSy6yCNDOka6T0W5mB6FedRnAHQAQQN33Sd34WlTXAqBicd2cyy5mYhxJU9pZ3EPBA145gUjk4om8qwHYzl0Y78yOFVpPCVNp+mWkOGus9oAk5kYrO8w4kE88txUP4hR2CxXrAyRoymJ3DUyDHHJcI/BUjLg4nq1171DRiXCyDzIPPMvZJA4ai343KhfFAZlJAkET70W3jl2jh3nlNB30Z14huy3KLlsBXB6QEbwNcvhzCmM2kRxPZylT3qMv4VoRgRnpqOSYVcxpcK0ZSQJkHsODKyN+l0Op6MlB23CFXYdleyw4eqJ0BH3dR4AUyw9gD2iIfnvaVmR7yAn3l6VrEW1QGRmjQ8iBGbTiTblwPu9a0HxBZlwVUdzd3F2lJW40MN+g15HdxEHxrdL1xpTsSvZ0GgOg3axrpFZT9i+0j2v7H9JFi/4fj+1dofpH94fIVlZSB1O8xfs/8Ai2+4fK/XOyv4adzfNayspr9Qa/M7t7l7v+01Mm4e9/StVlKMZJz7S+NCL/CT/TX5NWVlYIU3ieH+p+16g8PuH+kP1isrKcnRi7ehDzuP4vmKkwo9rvb9dZWUhpskt+0fdP6hXOD9nwHyt1lZQjqEYbh/YT3h+k1Wbu4/7f6KysptPmPp/wAfvJ8P7f4V/VTEbh3L81rKysbxGP8AN+f94cRu/D+upT/Ef3bf63rKylL1Jj3OMX9T31+a1W7f/U7h+s1qsqvTdH8pHqvH5zi37C+8f/w1JZUfSaf39JWVlUWxFXUdDe/+m36FroDtL3N+lKysqAy4f4msYfpHHAWxA4DtPwrNn/xD7x/UP6nzrKyjs7/IftLav+L9Ywf+IfeX9LVIvsr4fK3WVlJ8xT+PykJ/6XvW/wD796ocb7J/2v1Ff06d1ZWU3zHr4/Gc4X2E90fIVlZWU6Ee5//Z');
INSERT INTO [dbo].[Products](ProductId,Title,Description,CategoryId,OfferId,Price,Quantity,ImageName) VALUES (53,'ice cream','this is ice cream',2,4,400,1,'https://encrypted-tbn0.gstatic.com/images?q=tbn:ANd9GcQ9ZcrN--nqqs9GNkLhbqbqOUiwiBN_aa1Gkg&usqp=CAU');
INSERT INTO [dbo].[Products](ProductId,Title,Description,CategoryId,OfferId,Price,Quantity,ImageName) VALUES (54,'milk','this is milk',2,3,80,1,'data:image/jpeg;base64,/9j/4AAQSkZJRgABAQAAAQABAAD/2wCEAAkGBw8PDw8PDQ8NDQ4NDQ0NDQ0NDQ8NDQ0NFREWFhURFRUYHSggGBolHRUVITEhJSkrLi4uFx8zODMtNygtLisBCgoKDQ0OFhAQFysdHR0rKy0rLS0tLS0tLS0tLS0rLS0tLS0tKy0tLS0tLSsrLS0tLS4rKy0tLSsrKysrLS0tLf/AABEIAQMAwgMBIgACEQEDEQH/xAAbAAACAwEBAQAAAAAAAAAAAAABAgADBAUGB//EADoQAAICAQIDBQQHBwUBAAAAAAABAhEDBCEFEjFBUWFxkQaBscETIiMycqHRQlJikuHw8VNjgqLSM//EABkBAAMBAQEAAAAAAAAAAAAAAAABAgMEBf/EACQRAQEAAgICAgICAwAAAAAAAAABAhEDMRIhBDJBURNhIiNx/9oADAMBAAIRAxEAPwAUSh6JynY8vSug0PQaA1dAosaBQHpW0AsaFcQNWwNDtAYBWxWWMUCVtAHYrQArFHYGhggBqBQAlEGBQAoGM0AYKAZgAgISiDDvUSh6JRnsyUShiUBloFD0BoR6VsVosaFaGFbQrQ7FYyIxWO0BoArYB2hWgBGBjitACtAGA0MigGAAKChmgUBFoA1AoYKQYgB3iUNREiDgUChqJQlFoWiygNCNW0K0WUV5bp11291tK/zGAjjvu29f78xWl/jc1cqey2Sg2r70viUcotjRKLtXklLluMIVFJKEFC13uurEo7ftVpoweDld82C27vo6Fb7kXMd42/p5133v1Fd979SxoVopBK8fVJgcdui3bWzae1fqWB5U6rxGVVrTOUXKNNR6q0pLxrt9xQbIx/Qozwpr+L4rtHtCigMegUMFAxqBQAtAHBQwUA1EAO8QICTEhCEmgGgkAytEj49KafcMBL4P4AL0t+gpWmu1cre6fzKJRNkcdySa2bTaXcW4OH5JOt1jXbNJpLwvf0Jt0rHd9OaonX9pJKX0Fb1hXq92vUTNw7k6ShLybj+W4+qyRny80HLlil9VqCvyMrnLZW848pjZ+3CcRHE7LWH/AEZ/z/1KpxxdmKf8y/Uv+SI/iycloaT+rHw5mdHU6XFyxeNzlJq5xl9SMH3XvZmyYJVtyL1k/wA/0HM5U3DKKE9v7t+7tM2SVvy2S7rNGbE40295LdeHuKG7cmlW629xrIxtI0K0WC0MiUAegACgoaiDLZCDBGNu0QICDQhCCNCEII0Il8yDY/vLzQB3uH4IxiskqcuVOKa2XiV6rVt9voMpJxST6R9TG4s4892+3fxSTGaRSvvZbqMaqLVbxT95XGI7iS1Z3ASWM1coHAey8WRQFlA28hVkSXUcqbixZMS6Po/U5uXE4Skn+8150keg02illdpVFdr6GHj2BQnGK/dcm+9t/wBDo48/enJy8frbksAzQGjdzlFHABFAwkGRaIEgw7JBITHIqpUIMCiVAQNAAIGPVeaAQA6Ep0mvD5jYZNlWQ0aWJlyT0fxcrtdDC2aZaa4xUU7SfM3VN2XYIHQwwOO5PWxjjrQ5H2L1LI8Lyv8AdXm3+h3oQRdGBPmvwcGHBJP706/DH5mrBwXFHdrmffJ3+R2FEDiHnR4RhlhSWyPEe1H/AN/LGviz32Y+f+0rvUS8IxXzNfje83P8ua43HYBmhT0XllYGNQABWAYDCFoABIMabVIuhkMljxkFjPHJuiwmWGSjRGdkWNsaYgUGiVkoFD0SgGmt9F5I1aMyr7q8ka9GRy9J+N9nV06OhhRh06OhhR5+Xb2sOmiCL4oqxoviiVUaFkhxZgGTOfPOPO9Rk84r/qj6HqOjPnXF3efK/wCN/kdHxftXL8z6T/rntCtFjFaPQeZpWBjtCsCKALAMBRCEHsLWQjAU51kZlsJmYKkKxcro48hcjmwyGnFm7zOxtjm1USiRlY1ENV8Puo16My4/umvSE8nTPg+7rac6GFGDTnRwnn5dvaw6acZciqBaiVURZDCTHSjJqejPnGvd5cj/ANyfxZ9F1b2Z84z7yk++Un+Z0/G7rl+X1FDQrLGhGjs24NEaFY7QGh7LStissaFaGWiEDRBlobBYCWW5hIAgGKZZDIVEFo5W3Fmo24sqZxoyo0YsxFxbYZu7g6PzNek6nP4dPmi/P5HQ03Ux5OlcN/2OxpzoYjnadnQxM8/Lt7OHTXAtRTBlqZKjFc2PIqmwEYNfKoy8Ez59JHuuLSrHP8L+B4ho6vjdVyfK7ihoVoukhGjqcelLQpa0I0VstEaFaHAMiUQYAwmXFRSz0er0Ke69Dj6jTNDxzlY58VxZCWRqgFshslgIBmIAIg7XA5XGX4vkdfT9TjcBf315HawdTn5W3B9nV05vxM5+A3Ymefn29rj6a4MsTKYMsRDSrJsqmxpMryMBHI43L7Of4WeQZ6rj0vs5eXzPKM6+D6uP5P2BoRoZitHQ5tEkiuVFjQjiNOlUmK5DyiI0NOgshKIPY09e4mbUaZS6r3miyHPLp1WSvPazQOPkc2cKPYzxpnL1nDU7cfQ3w5P25eTg/McCwWXZ9O4vdFFG8rks0bmDYtBQidfgD+tPyj8zu4up57gUvtH4o9Bie5hytuH7OngZuxM5+Bm3Ezz83tcfTZBliZRBlqZm2O2U5GPKRRlkAcXj0vs35r4nnGju8bnaS8TitHXw/Vw8/vJU0BosaA0bMdKmhGi5oVoey0oaK2i9oVxK2nSiiFnKEC09KFCphTMXSYFEJYBm1OkjNbo4Wt4fKG63R6YE4J9S8c7GXJxTJ4xqgHd13C7tw9Di5cbi6ao6Mc5XDnx3G+2nhWTlyLuez8D0mOW546OVwalHqnZv0vtBCL5ctxXS6bSM+TtpxT8vZYJGzFI4ui1sJpOE4zXfFpnQx5Tgzj1eO+nThItUjBHKP9MZabytcpmXPkKM+rjFNykkl1baSR5niftZhVxxSWSXS47xX6lY8dyvpGfJMZ7aeK6lOXL1a3fgYedGPR5nkub6yd95o5Tq14+nLL5/5LLRCqgbj2PFa0K0JbA5seyuIyQjRHkFcypU3EaADnAPZaeiRBFIZMzaGsgAgYoIEEAjMes0Uci3W/ebAMJdJuMvbyus0EoWqtO6fYee163fVfqfSJwT2as4nFfZ+OXeD5J+O6fmaee+2H8PjfTw2nyyhK4SlF98W0/yO/ovaDPFK8qa/j5m/gzPm4Q8cvtceSK6OUW5434p9nvFfD4fszkl2XHmfqibjtUz07a9pc1fVcJeXN/5MmT2p1L/AGopdqTV/AwQ0ce3JX/FlOXQ7/Vn29XH4CnH/Srzf2y6/iGXK39JNz3/AGnKSXubor0tuWyvyVf4Ojg4HKdP7SflFQj6s7fD+Dxx7zp/wLdN98n2+XxK3MUzG5tHDsLjjjfWW/u7DZHGyIvwyozt3dt5j4zUVzwNdhRKJ1M+r5klS28DFKh3RY2/llaEaNE0UyQlKWJItkhGhkrIMQew7tjJlVhsRLVIZSKkwpga5MZMpTGUgCyyCphACgSQ0QiCplM9PB9YxfuRpcReUD0xy0sf3I+9Ew6VuSjCEU5OlSS3NfKW6a4zjJdYtNeYqI5uSEk2n2OthVE6E4W231bti/RISmNxAacmIqcAP0qYrLHERoArkVSLpIrkMqpkVstkVyKTSECQCdkhXzBUikHsNiWSyVLExkyqwqQGuUhlIoTGTANEGNZTFjpiCwgiY1iUI0FbEHwv6y7dxVRWgEbBYAmQqY+RldlRFBiOI1gYBVKBVKBoYjAbZJwKpRNkkVuI9J2y0A0chB6G2hMNlKkMpFIi3mDzFXMHmJ0pbZLK0w2BrEx0ylMZMRtEWMmVRYyYEtTDZWmGxKlWcwUyqyzCrkl32JSWCxbJYDZcjKrHyMqspNGwNgIBIxWGxWAKxGOxGOJpSEIMETJZCFIhkFMhCVQ1hIQDFDIhCQtQyAQYOhkQglCNjk000QgqcBgIQDV5CpkINIWQhAAAYCAAYjIQcSUhCDD/2Q==');
INSERT INTO [dbo].[Products](ProductId,Title,Description,CategoryId,OfferId,Price,Quantity,ImageName) VALUES (55,'cheese','this is cheese',2,3,600,1,'data:image/jpeg;base64,/9j/4AAQSkZJRgABAQAAAQABAAD/2wCEAAkGBw8NDQ0NDQ0NDQ0NDQ0NDQ0NDQ8NDQ0NFREWFhURFRUYHSggGBolGxUVITEhJSkrLi4uFx8zODMsNygtLisBCgoKDg0OFxAQFSsdHR0tLS0rLS0rKysrKy0tKysrLSsrLSstKy0tLS0rLS0rLSsrKy0tLSstLS0tLS0tKy0tLf/AABEIALcBEwMBEQACEQEDEQH/xAAaAAEBAQEBAQEAAAAAAAAAAAAAAQIDBAUH/8QAMBABAQACAAQEBgEDBAMAAAAAAAECEQMEITESQVFhBSIygZGhcRTB8UJSsdEVI+H/xAAaAQEBAQEBAQEAAAAAAAAAAAAAAQIEAwUG/8QAKhEBAQACAQQBAwQCAwEAAAAAAAECEQMEEiExQQUyURQiYbEV8BNScUL/2gAMAwEAAhEDEQA/AP2gAFUEAFAAABQAABAAAAADQGgAQAAAAAQAAVQAAAUBlABQAUAAAFAAAAEAAAAAUEAAAAABAAAAAFAUAABlABQAAUAAFAAAAEAAAAZy4mM75Sfd55cuGP3ZSNTDK+o55c1hP9X43Xjl1nDP/pucOd+Gf63D3v2ed+ocP5rX6fNjLn8fLG38R55fUuOesbWp02XzXHL4jfLGfuufL6pl8Yx6zpJ+Wb8Qy9vwx/k+T+F/S4p/5DP2/DP+S5f9jX6bBP6/P2/ET/Jc3+w/TYL/AF+Xt+F/yfKn6bBrDns/PV+zWH1Ll350l6bB9Dh5eKTKec2+1x5zPGZT5cWWPbdNNsoKAAKAAMgIKAACgAQFAAAAAAES3XW9JEtkm6sm3zea567sxup6+dfD6r6jlbccLqO7i6aa3k8V4lr5V5Msq6u2QXyqyNSIsxa0m18J2mzwr2ptPCml2eFNG2scCYpckzukvgj6PwzibwuP+2/qvu/TeXu47j+HF1WOst/l7H0nMgACgAAgyoIKAACgAAAoAAAAJbqbvaJbJN0k2+VzvOeO+HH6Z+35/retvJe3H1/b6PBwdvm+3jk2+dMdunbUxbmLO2pGtJtpdILoUQUGRZE9m2sukbviMzy4ZvKx6x6Ph3E1nJ23NX+Xf9P5O3lk/Ph4dTjvC19Z+gfOAAAAAQEUECAoAAKAAACgAAmWUk3bqRMspjN26iyW3UfK53nLn8uPTH/l+f6zrryXtx9f2+hw8Ex8328kjgkdG25HpIysi6Ta6XQqoIACCyINzo3PDHtzyu2fbcYsNNJw7qy+c6px3tylMpuPu43cl9ZK/V43ukv5fJs1dKqAAAIADIKACgAAAoAAAAJllJLb0kTLKYzd9LJbdR8rnOaud1Ppnb/t+e6zrLy3U9PocPD2Td9vLI4ZHRtuR6SMtNICKoAAIEiDpJprWvbO9ueWTO9tSOXD48y7M48mOV1G8sLj7araMZTrtjKedtR9nk898PH26P0nRZ93Dj/Hh8vnx1nXZ1PINAgAAAyCgAAoAAAKAACW663pIlsk3STb5fO81474cfpn793wOt6z/lvbj6/t9Dg4e3zfbyyOCR0NSNyI1prSKqAAAALIDcx0uozaxnkxbtZHn5rLXDyvtpm/bXrxz90eTlbqxzY+MnRyen0K7HLGU0Pf8My6ZY+llfY+mZftyxcfVTzK9r6jkAAUA0Js0IgKKgAAoAAC6FBNg+Zz3NeK+HH6Z+3wOu63/kvZj6/t9Dg4e3zfbyYx86R0WtyPSRlppAAAAAFgNSJ7ZrOeSW7WRgkaZ4mO8bPWLrxpZdXby8DDr2csm8tPfPLw9mTrc8ZRXq+HZfPZ6yx3fTs9cuvy5+pn7dvpPuuAAAUAAZ2guwNmg2aFNACgAAA+dzvN73jj2876vidd1u98eHr5dvBwa/dXik2+VJt1tyPSRFjURdCLpREAHPLjYyzHc3We/HevlqYXW3XHq9Kw3jizJtm1M6lqxytZbeTm+NZZjPLrWOS31HtxY7m668Di7k9Vw5N+Gc8NO3u9dPNLQS1LVa5PPWeN949Okz7eXG/yzzTeFfafp3ygBQAEQVmAugUBABQAAAeHneb18uN/m/2fJ67rZJcML/7XXwcG/wB2T586vie3d6bj0jLUaiNdl2jGeTNtakZ4eVtMd7Mp4dGmXi53j5T5cJbrvqdtvHlyy+3F0cWGPvJy5LlsvF48/tP7pxcPb+7L21y8ss7cX05Hu5K3OJ0WZs9rnlWG4y0r5nMX/wBmX8/2eWc8unD7Y68B4zxTJ7rXXHMyolZqxnG6rGN1kt8x93G7kvrJX63HLuxl/L5FmrpWkAAAEEUAVAAAAAB5Od5nwzwy9b39o+b13Vzjx7Mb5/p08HD3Xd9Pmd6+B5yr6HpuRuRlqNQaVli1GtJra6N6axmlT20Inhi7FxiFMqxfJDFcYVnKtSKkoPDxuH899+rGUe2F8OnDx6vGzytvh6snTHgyoJVjG+ryvtp9nlct4Y/xr8P03S5d3DjXyuWazrq6XmAoCggyCqCAAAAg8/N8x4JqfVe3t7uPrOqnFjqe69uHiud/h8rK7fnMrcruvpyabkWRKsbiNKhsE1FF2BANgTqg1l0Mr8MxIirezXwjllVjRiDlx+HvVjzylvpvC6XgYedYwxtu1zydcnQ8ozUVlCM5PLJuPqchl8mvS19/6dlvi1+K+d1M/e9Tvc6qAgKoMAoAKACIOXMceYT38o5up6jHhx38/D14uO518nPO5XdfmuTkueW6+njjMZqLjCQqtIsaC0RVE2CgbFRB0wixm1viWX+PJrOysYyxzjEjbOVVZGKoJRRV2qJaqM2oJaisZV55NR7/AIZl0yn8Pr/S8vGUcfVTzHvj6zkURVFBAZBQAEAHLjcaYTd+09Xjz8+PFjuvTDC53UfJ4vEudtvm/Nc3NeTK2vpYYTGahjHnI202irEGkAQFAFEG8MVk2zamWXkxlfhZCXos9DO1VFiMgAbUNiJaom0E2DnnXnlG49/wvC9bZqWefm+p9NwyxttnhydTZfD6cj68caqgAoAyAAAgxxeLMJu/5ry5eXHix7sm8MbldR8jj8a53d/w/NdR1GXLluvpcfHMZpMY8ZHpWmkVoVURUDYKCKA1jCJaZXv1/wDiUkY0zprbeM6NyM1m1VZ2qJtA2oCJaDNyaRPEkmx14XJ55db8k9+/4dXH0meXvwxly4z+Xt4PJ4Y9deK+uXV28fS4Yedbrwy5sq9eMdUjxrbcZo0iqgADKgAgxnnMZbe0YzzmGNyy9RrGW3UfJ5nj3O+3lPR+b6vqsuXL+H0eLimMc8Y5I9q20ixuCqiAKKoCAog32i78M/LDLaxpK3l2aZcbUaZtENqFXSbS00bSS5XWMtvs3jhcrqTbNsnt34Xw/K9c7qek638u3Do7furxy5p8PbweXxw+mffvXXhw4Yeo8cs7fbtI9dMrIqNRqIqpVVBoBAEUAEHz+ezuV8PlP3XxvqHJlll2T1HZwYyTbyThvk3jrq7mvCdti7NGjatCAKACoqgikRXSTo1JuPO3y56Ykre2pG5EtZzyUc7QZtEZuTUg68LhZZ/TOnrekdHHw55+o88s5j7evhchP9d8XtOkdmHR4z7vLxy5r8PVhhMZqSSezrxxmM1I8bbfbSiyNSM2lho2si6NqqKqK0AgADKigAxnwscu8eWfDhn7jWOdnpxy5SeVscuXQ4X1XrOasXlL6yvDL6ffitznjnlwLPL8ObPo88fh6Tll+XK4Oe8Nj0maXFi4WNTJixjTW00ACihtWsYTyza1llpcr8JI5+JI1YlybRjxLEZ8X3akR14fKZ5d/lnv3/Dpw6TPL34eeXLjP5evg8ljj3+a+tm/07OPpcMf5eOXLa9eMdceNWxbE2ul0bNGja6XSbBBRQAVpABQQZaABBUAAAGcsJe8Yy48cvcamVjlly2N9nPl0fHXpObKOOfK2durl5Ohs9PTHmny8+WFjg5OK4+498ctseF4XF6SmjS7TTOl232jXqMe65ZZMNufjbhWsOHln9ONvv2n5e2HDnn9sYueOPuvVwuQ/wB9+2P/AG7uPof+9eGXP+I9fC4GOP0yT/n8u3Dhxw+2PDLO5e66TF6aZ21pdJs0uk2qoKAKCAAsAUVUAFBBhpAVQAEAFQAAAYz4cy7vLPixz9xrHOx58+T9MrP24s+gl9XT3x59e44Z8rnO2r+nHn0HJj68vbHnxrn4bO8c947Pca7pfReFnl2xv36LODkz9Yr344+63hyGV+q69p1dXH9Pyv3VjLqJPT08Lk8MfLd9b1dvH0nHh8PDLmyvy7zF0zF5dy6a0m1NJs0oGgXQpoFBKIgAq6BUAUBQoIgxtpAFAFAUABAAAAQANRO2fg2GgXQGgABQAAAAAAE0CgAAbDahsBAUc9qGwNguwAAXaAAAAAACgIAAAAAAAKAAAAAAmxEqhBVQ0odlGdg//9k=');
INSERT INTO [dbo].[Products](ProductId,Title,Description,CategoryId,OfferId,Price,Quantity,ImageName) VALUES (56,'desi egg','this is desi egg',3,3,600,1,'data:image/jpeg;base64,/9j/4AAQSkZJRgABAQAAAQABAAD/2wCEAAoHCBYWFRgVFRYZGBgZGhkaGhwaHBoaGRgaGhoaGRoaGBocIS4lHB4rIRgYJjgnKy8xNTU1GiQ7QDs0Py40NTEBDAwMEA8QHhISHzErJCs0NDQ0MTQ0ND00NDQ0NDQ0NDQ0NTQ0NDQ0NDQ0NDQ0NDQ0NDQ0NDQ0NDQ0NDE0NDQ0NP/AABEIALsBDQMBIgACEQEDEQH/xAAcAAACAwEBAQEAAAAAAAAAAAAFBgIDBAEABwj/xAA+EAACAQICCAMGBAUEAQUAAAABAgADEQQhBRIxQVFhcYEGIpETMkKhscFSctHwFGKi4fEVI4KSsiQzY8LS/8QAGQEAAwEBAQAAAAAAAAAAAAAAAQIDBAAF/8QAKBEAAwACAgEEAgICAwAAAAAAAAECAxESITEEE0FRInEyYYHhFCOR/9oADAMBAAIRAxEAPwAM4PGeVpxjt+c96RCpPW7fSRb7zyjLLjJXIM5jI7fKQDeskWGU9bh/n9IDiOre9v7cu04M+c9q8fSdnDHQu3b++EjqAkXF7fv7QlgtCYmqQUpsVPxN5V7FrAw4nhBl1fauxJPuUkL+rsAq9TlA3oXoWLdZWqgE7RfOx3R9w+BwdIhXVA52KzmrUJ4aiHUB6XhQYrD0xc0qdAWyZ1po56IBretovKQ7a8I+Y00Z2CopYn8I1j6CFKPh/Ev7tB/+Q1B/XbjGp/GFJb6gepzJFNewyFustwmmGxAuEDD8KI1QdC7lUB6ExVafjsNTa7a0J+J8N19jvRpgZnXqKfULrGV/6Rh1sHxqAmwsiM56C5W57Rk0xSLDz6NLgZ6x9lfsKJ1/SB8N4qSmSip7EjIqlJUccmZ7tfqIrtoeZ5L+/wBmzR/hJHGX8QR+IotMdRrm5HQGEX8D0EBZnrZXPl1WNuyZ9BA9TxkPwu5/nqt9E1RKx4sc5rTpKeOrrsOhYkzvdSRzwZGaqfhvDOfJ/FsNt/Y2B6MVE30PBFMi7Gsn5vZk+iAwWni2sffqVOiezT5kNJP4sU5MlV/zV2HyQCcsqOeHJ9F+kfDFGkhd61RUBzZqVwBzFxlzgijo7CObJjlN93szfpk5+k2DxTqG64dB+d6lT5M0tp+N6l7M9OmD/K1h6Cd7i3/oPs2l/sw4nwZUqD/aq0XFx7wqocs7gajC/eZ8T4SxSDzUi23OmVa/Cyg6x9IyJp16nuVcG/Jnemf/AA+8uraOepqstWnQYE39nVZg1xvUndyj8/ok5afZ89amykqQVI2hhZu4OzdOKM94+ke8bovG/G9Gsg2e0B2ci6ZHoe8HNoLXFzh3TO5ag61F6mmzE25KRO56emjuO1tMVuEkzcRs6wjitDulyhDgbbBldB/PTPmHzHODb22yiaYGiLjIXt+krQ3N9W3fbLb3zMgc/wB27QgJXyy2TKWAG0AjP/OX95fcjhwlFRb7bE3G7PsZxx1SbX33vy285ItbeM88tnzvIqBsF/tOapHP98hAE2HPlOgThQTqmEBIE2v9J1/8/fvIg754+k4J6TGU9SuxsASSbADM3OVgN9446L8NaiB6oV6hNqdNyQgY7A9gS54j3RbPkrejgJorQFXEebJE/G4Pm/Iu1+2XOOmhvDlCjY2LuPiexPYbF+vOVU3ZWJdw77CRki8VQblGznabExcTnsLl/AZDCeZhBH8cOMi+kBDzQntst0jhQyvqN7N2FtdAA+Wy52kcp8n0oKtOqyVSusM9ZiSGB2MCcyJ9GraRGy8B6YwSYnU1wCVYf9D7w+/aRqk2acW5M3gvw4X/AN+qxKNmiC4D/wAzj8PAbD0n0ZAAABkB8oNwlRQoAyAAAA3ATUKseWtEsnKn2aGaB9OaLSuhDeVreVwBrL0J3cpuarKKtWFsWJaZ8e0thnoVDTc5jMG3vA7CCScpFK5t7ynLleNvjzCh6JqAXendhxK/Gvpn2nzani9dSFpEnYCGJseYgUbW0ann4tJoNtVIUWYbL5tn359ZBMWm8H1BM7T0S7geTU562sfS1pqo6AqIMnP/AFX9Ij4r5K8rfwZmxSkjziw81zfI8LEZn5SpsXbIMO01VcDVTWbUVy22+WzhtgzD06r1AiU9RmIBBdWHUg5gQqZa6ZOslS+0bqKvWYIg133C1yYzaM8JYs+Z2SmDmF1mJXsLj+qM/hrRNPDoAoBcga72Gsx/TgIwe0AgSTJ1lrfQp0dC4insrvb+R2U+hB+ok6mIxKkA1KNQ7lrp7Nj+V/MrHuIfrVhA2OKsCrAEHIg7Injwct15I12xTFCEpAAG6M5N2ytqORZd/utwgrSuj0qkqB7Gvt1Kgsr9Dax/MPntg2viauDYGk7+yNhYkuF5PrbRz7dTWB037ZLNTDjadQBx1ai31T1jKmuwOBQr0mQlXBDA5g5EHdIN1jliKNCslmVio916ZLlLbmRvOovtBJUcoq6QwjUhrArURjZXQ+U5796nkedry82mSqWjK+zlwkCcyB34f52TjG/7/ScKi+R1TcbspQU7YZ7v3xlRsLZ27y97Hbn+98ix5H0nHGg5yab5xRtnb/u84BMCasFo56pIUAKubux1UQcWb1y2ncJkUEmwve4t1jphsKqKg1vIptY5KGUXdwPic3XzH3Ra2YySq4jSthDQWBo4ZDUsda3/ALjrZyNnkTPU1tgG3aTuEAac8Qs1QUkNnYhTqnKihPmUEbXI95t2wbyafEniDWNkNlTZ+bYWtxGQHDtFKhUKOl8izAkbzfieHKRdOv0XmEu35HhMVaWfxcAjFSYxMTZTgGmxUpfFQZ7eQatAwqDe+Jlb4uwJ4An5Qe9aDtKY3VQ57bKP+WURbp6RVQktsd9F6QuohhcTEHQWL8ojJSxMeXrolkjvoMtiJnq4mYTXlT1oXQig5jXDAg7CLGLOgdDIoso35neephjE1cpn0VW+Z+8nzfj4LqNTv5GDC4JbbJpbCraaMDhHIz8o57fTdCSaOTfc9/0lJnZlrIk+2KmLw62gXCYVFrF7C4FgeF9tvSfQa2iaZFivzI+8BYvw2FJam5BO5sx2IzHziVNLtFceWWtMrw2L1d8ufSPOAKzshKsLEbv04yoYmJN/BR4vkN1cZMlTEwa2JlTVozo5QacS4dSrZgggxUUNTcqrlXQ3BuRcbQQRvtDrVYH0upLKyi5vYm9rDM3j43t6OyS1O0H8FptKhAxN0qbBWp+V+QcbHHUX4ETVpHR9RH/iFK16TgipqDPUNjrFd5Frkj0ES6NUPc38xz4A24DcRGTQWkXFwjeYZlNzgb1H4uXpaNSc+SKSpbX+jBjcN7NsjdGF0PFTz4iZWMa8SKVZNUWRiSUOxdf8J/ASb8j1vFOpTZGKspDKdh2g77jpLY65IhU8WePHb1ntW+cigbqPp6SYXjKiGpRwnRz7XkRvt++s1YDDNVdUBzY5ncFHvMeQAJ7TtgC/h7R4yrPmTcUl/EwyLHkCVHU8pr0rjBSRiDkoNOkOJzNWr1LFh2MtoYkFndMlQClSG5eZ9QxmBtHjEVLuT7JAFRb2L22ljuBPc9NuS65M0xOhQYM7FkVnzFx5jfoADKMWlVbv7OoHZtVQyMAvO7DZnYHrzn1vB4ZEUKiqoG5QAJh0xSUrCr496C1yet6EVatwDv3jgd4k1qQfpWkaLl0GRN2Ub+Y5/WVYbSCOPKe28doOO1yXgs2k+L8hkVZ41YMbFASilWqVn1KK6zbz8K/mM7g2F3K8hSriANpi3pbHBshnYgjsY+6J8EqwvXdnJ3AlV7Wz9TDp8B4JlsaI7M4PqDGxcZe+2Rz5apanoQNCV8hGijXyk8Z4GFLzYdzl8Dm/ZX2jvfrKNEaMr1mKIhupsxbyqh4MePIXMlafL8TRNy43T8eTT7eVvWjZg/Ba2vVqMTwQBR6m5Pym8eEsNvRj1dvsY3s5GiD9Vil/LPmuNrMRqoCztkoG0k5ARw8NaDWgil7NUtmdy8l/WF6HhDDo/tE1wwFhdtYC+0gEXv3mitgHX3fN8j6QzhqV2hcnqZtcZekTRxJmsIJfEFTY5HgdsoqY6FXoj7Www+IA3wdisWILrY88YNxGM5xaspOI5puzqbe8M1P26GKtLF3hjE4qKdSpZ2t+I/WJM8tmuXxWg37eQNaDVrzrV4eA6aCPtZu0doGpibMG1EBHmIuTY5hRv3i+zrBWhaHtqoU+4M26cO/6z6dgmVVAGQAsBynKeLJZsn46QPwfg7DIM0LnbdyTn0FgPSam8PYcHWWkqsMwVuD6gwoK4tKa2IAlGjInQuaV0QCWK5aw8ynYx3NlsbZ6DfnAGJou66rjzqCFY+8dX4D+IEXI4esa8XiIFxNUXvwN4m9PaLJcp0xWtw2WlbC2z6TuliUcqgFj5lJ2WbMD6wf7MnMsc+s2z2tmKnp6DAf9/KMGgKJ1HKi9So3skHKwZrdbqL8jFdsstkcfD6lFw5/+R3PINTe3yA9ZPK9SPHkrxBCBaYNzd7kbyDqk/WX4evaL1bEf7pG5KaAdW1mP0E108TMlLTN8TuRkTGZbZRisTcQUuInHrztnKOwZpdNYGI+Mp6rHgc+8ecY94p6Zp5E8DL+lrVaJerjcb+UDaCO7qikksQBmd8+r+HdGJQQIo5k72O8mIfg+gDVLn4Vy6tl9AfWfQaVa0f1N7rivCIemj8eT8sacJVAE1GuIrLjLSw4/nI8tIo8e2MlIa5tu3w1QCqLAWEVtGYsao55/v5QsmM5y2NpdkMibegxrT2vBYxnOe/i5XmiPtsKF5EvBhxUicVzncw+2aMfhUcWbI7iNo/tEnSYam5Rux3MOIjS+LHGAvEQFSmbe8vmXttHcfaZ8sp9ryacDcvT8C9VxMw168znEEyl3kNG7RXia+UVnxTq7F1NiSQeAJy6xgqNrNqiX/wCnBhslYqZ8ryTyxV64vWgFSxatsYT1XEADMyWlNCWBZRY/IxdJOzOaYiK7Rky5csfjS/yfSPBzWpl97sT2HlH0PrGyli4jeGcR/wCnTlcf1GHFxMx2/wA3+zVM7hP+hhbHGUVdIwKcTzlT4mdtg4I34nFQTiMTK6+Ig6tWnaG6SNNdtZQ3Asvy1hf1MxqFOdvqJZRqXpsL/Gv0MoLcJqxr8TDk/ls2sATvvG6lilS4Y2VNReGZpFR9RFXAEGql9ga/Zbn7Ri0hgv8AbaoxBSswCrv8ibW6kHL+XnEzP4HxJfIqYmt/uueJAH/EWl9KvBeNqEWaw1SxvxBJyt85KjVk6jpM1Y7W3IcStJNVmBHknqSWjRoliKkXtLP5TCdetAGl6uwd5owT+SMvqq1ja+wr4UrWLjkv3jYlefPNCVylQE7G8p77PmPnHBK071E6vf2J6ak8aX0F1rSFbEZTCtaRqPIaNCD+jsb5Fz5emUJpjecTMJitU6vHZClPFSiJXHYzLjZIYyAExEsGIjEuIcOMkHxsD+3kWrztncUFWxkxYnGTE9eAPEmlvZ0yoPncWXiBvbt9YEnT0htKVyZlqYtVuSbCDa+ldY6qdz+kA6xO0k9ZswIzmhYJlbfZF+rqnxnoOYHbD1CplOeHPDb1rM10T+o9OHefR9FeHqNMCyKTxbzH1OyZXLp9Gp5VE6Z81xjAgxB0ogFRrb85+n3wqWsVBHCwtEXxj4Fw1dS9NRRqgZMgsjbcnQZdxY9dkti/63tmbNk91aSPlvhzHat0J25j7iMorXij/o9VHIaysh65j7QzhsULarZPw3HmIMsy3yktguplTS19BT2s4zzMGndaSSLNnqjzI8uqNMVDFB6gVcxx4mx2csjHmW+18EclpaT+QjUpalNrEZhDfmde8zI2Q29rZzQl/wCHUNmSF5HaR9phWpbInP8Ae7dLY10/2ZMj7QV0VrLWQMDm2rfcda65HdDyYgvSCE5pZh2BR/kW9RAWEqarqWNgDfjmMxbvlCSVAlVxuRzf8r5H/wCpk8q7LYmtC5j96EZh8+2yEdCeEcbWUMKWopAs1U6l+NlsW7kR18PaDprU9s4DP8F8wu7WA/EeO6PFFxDL3OhbbmuSPl7+AMWouHpE8NZx89SAtK6GxNAE1Kbao+NbMvUkbB1tPuLNM2Ipgic5SHn1NfJ+d6+KAFyYNp0zUYsdn2n0nxx4JVtathlCuLllGSvvNhsVvkd/GJ2Aw+qALZ7+soqmZ2vInGs1pPwRp4GwyE2YevuO0TeigLA2PQ5kZEZiRTdvTNTlYp3KCi1hIviRxmTRei8VXW4TVXc7XAPMLtP0hJvB1S3nqt/xAEVxMvTZyyuluV/6DK2KG29pbgtPoTqObcG3Hrw6yrG+FHXY5PUQDiMI1M2cdxslojHXSfZny5M09tdH0CjWBFwbjkcpoWpELRbsAxUkZjYYTp4+qPj+Q/SLWNp62NOVVKbQ2+0kXqAZk2HOK50hUPx/IfpKHdm94k9TeIkPyQexGlF2J5jx+Ed98XdNYJnu+1vqOE14annN9RPLAqc1tFPbVxpiMhj34N8PaxFWoOaqd3M8+UAaN0aGxBuPIpDdSdg9bz6jopQAJbNm3+KMmLBx3Vf4GTR9IKBCa1LQTQq2Ek+K5yUvR1TthCrXgrHYnIyivi4JxWKgdbGiADpjDh3J4j6f5i7jsEtrWh7F4jzjoRMWKUNnETcvo1pKp0xUqVaiHJiRzzkf9UqHK4HaFMTRgLFUSpmzG5vyls87MrxvpvRezu1iXJOXIZ8oS0VRs99wIHezH9IKom5C9LnkLfeHdHJYIPxa79lAUfWHK9TpCYvyrbLMdcBhwdQo2fCzfVjB1xvJHQTdpZrdde3oq/rMNJ8tk7F/E7L/AC0b6rnZtv8AKMeDVHZnbLXRLXzDsvldOuY9ItVNv7z/AEmrReMZG1D7pN89zDeO2UTJO52imOtVpn0TBYq1oZw+My2xNwuJhOliechPRep2NS4qeevF9MVzl/8AFR+RPgaca1xPnXiLBBH11GTHzdePeO9StF/T1MOjDl890m2aMPTFbXyjDoDw8GIqVRfeqnYObDeeW76CfC+F9o+sw8qW7tuHbb6R9pOBA+nopd7XRso4dQNkjXoraVjESiviYetGfvYI0lS2xO0rQBuCI442peLekUveIuns0rudMVsJT1WZO46HKbQky486hV+Bseh/Ym6k15e23qvshjlLc/R5aUtShLUEuEk2WUpEUS07WfKeJmDH4iynpOmdvQXSlbZfoV8y3Fj8svtHTA1sog6Dfyr3+pjVhK07ItUxJfKExoTFTj4iCUxE81eDYvE01sRBuJxE5WrQVi684KRlxNW7yy+Uwo12JmwNlOZSX0ZsQsFY+mCpPCFa7QVj2yC8dvIDMmVw75Ih6jXF7MGHTYN7EHtfIfvlG1cPqsAB7qBem763gbQNE1KikqAqHWv+XO3yjG9YXsRmNV34KoOubn/qPWPmputGfBOp5ATS7ee2/Wdstu0KP/GYdTj/AH7yt8UXYuTmxPYbvlPA8rzRKcykZ6pVTZtDllUkWJGf7M4Hsb8P32mei5K57uewcv0k2ac18HJ+GMmBxWQzhajiYm4DE2OqYew9aZKni9G+KVTtDAleXLXginVmhKsAQg1aDNI1vKZNqsBafxdkYDgYrW3oeWl2w14fphKK22sS56ub/IEDtCoxEC4er5QOQlvtovl7DxQVOIlFStMIrTjVJwNE6zwTi5tqPMGIadoohb04LIeo+sHaPxpTytmu48P7TdpptZggz3n6D7zGuAM2Y5n29V8mDLVe7ufgOYeurC6kHpL/AGkV6mGZM8+olD4l9mu3qYv/AB99pjr1WuqXY0YnFqouSBF7HY7XNh7v1mJmJ2kk885sw+i6r5hCBxOX95Sccx22TvLWXpLo2aDxNiUPUfeNeGqxObRNVLNvGeUL4DSYyV/I3PYehkM0qnynsvgpyuNdfQ0JXnmrwejg7DPPUAFybdZEuX1q8GYmpulFXSiE6qHWPH4fXfOUhc3MLlryIqVPSLqaSbvaeAmXGYpUHmPbeZyTb0ijpSts9iKwAJOQEG0lD6zubLe3Ow3DqbSnXaq2eSD99yYa0Xg2uKrpZUNqSH433M3Ibf8AGehTwXfkw1fu114C9CiKSWIsbeYDdl7vYZdSYK03itRPZ3u9XzVD+FTsXl+g5whi8SKa67m4Hq77bDkTc8hFHEYlnZnc3Zjc/vhBhh0+TB6jIpXFeSpXOzfLPaGVnOezE1mE3VmNgVyFshu4/WUisLZyym9rqxtvAOy8qqU4o7b+CbVN47Qto/HXFjtG3mOIgA3EklUjMHOC8apD48zljtRrA5gzUtSKGExJbNDZviW+R/mXgZsoaQPmQvYjYSBcdtjDnt4zM4aNs5ZaGJ6uUUtP48NdEN+J3dBKdJviAPO5ZDsK5KetvvBykfELjltEpjxLy+yOXO/4paHHAYvWRTxAmxa0V9F19XyXy+HvuMNI8z3PGtGzHaqUwkK097WZFedvFHLnqTDia1hedr1wu09oPdyxufSHQHWuilUubnaZpSlO00mtEnVTZ0ykYqtHKAsZhPOFUbdgjNidkzaPphnLHdkPv++UfHkcpsnlxTbSJ6F0Cq2Zs248OkaaGDFtkhhVsIRpyFU6e2WSULUmR8ACNkFY3QqtfKMsg6icuvAN76Z8+xOhHT3GZeQJtA+NwlX4rtbnf6z6bVogzFiMAp3S8ZmvPZGsE146PmlGqVNxtG6Ek0wfwfP+01+ItGBPOo5H7GAbcZqSnIttGOnWKnKYRraWqNktl6ZmZadIsTc57yc/Uy7DYB3ICiwO/j9zGbRej0pjLzONrEeVDyG9+W70BWqiFqfJym8j3T6KNG6GGTVQQosVTeTuZxz3L0vwJDE6QTzNchUyLAeW+fkVr5kHPLfbPKZ9KaSRBqsTfbqg+dr8W+AHedvDjFjG456hGtYKuSqosijgB95OYrJ3XgpWSca1Pkljsa1V9ZsgMlXco/XnM0jJTWkktIw023tliyapfdf7SCjmZLVMDOTIF7ZML898klW2W0Spa24/vvJFd4hD4L3scxKGQyOt1El7Q8p2jn2cVypuMiN8I0qiVNtlfpcNBt5wxalP9hmtfoO4fCuPcfIZEAh16MhzHSRfRrZsqqDvCnL/AKnNfnMFHHDIVVLAbGU2qL0bf0MMYR2b3KvtVA91ra466wv+9shSqezVLiugLWwzA3F1PA3tNtDFVVGwMOv0MIVcei5Ozp/K6B17ELf0aY6lGk+aVKYJ4Mad+zGdy5L8kFTxe5ZFtOkbaef5svpMmI01UbJbIOWZ9TLKmiK1stVxyYE/KZjoyra+obdo0zi/oWsmV9dl+BxobJj5ue+EkEAvgKm+m3oftNeESuMgQeTBifkLxckS+5Y+LI11SYbpmXB4L/iHX309Nb/8yivpfVyCXPW32mdYqfhGp5pXlhTEPlKtFVVzsb5mLmJx7vkTYcB9+M06GrlG1Tex2dZR4Wpf2SXqE7WvA/YarNqVYv4bETemImbRrfYW9rPGrBoryRrw6FaNpqSp3mM4iU1K8KQNGbTC66FQNYndxgzCaOF7aoJG0L7o/M/2F+024qqq2Z3CKdl/eP5VGf8AmCsbp5LalNCRxfIHmVGbdyOktE21peDPlqE9vyFlrqo8nuD36l9RfyoTcnqPWCNI+ICfJR8qAWBtY/8AEfD1OfSBsVi3qG7sTbYNgXooyEqE0ThS7ZkvM30jrMSbnMnO52nrOrOCdAlyDOienp6cKSBkwZWJ28BxWyzgYiTE8YQpngwM8UlQmicc+iozoM605OOPETmw3GRGwjbOCSnB8G7D6ZqKLMQ68Hz+e2b00+lrGmV/KV+uqDF9pESdY5fwVnJSD4xmHf3zUH5rsO1ifpLUen8FTp5wPkzCLsjFeFfYyzP6HKnXZc1V3J41AF9LtLULPfWsOX+3l3JvEgz0V4F9jrPr4HY6MpKbsjN+Uu39KKZbQw6X8uGYD8TIoHza/wDTEU5bMpzXJ2kmd7D+zveX0fRjRtvtyVKYH0vMT0luSyu/IJUI9SAPnEj2zDYzDoTJfxL/AI3/AOzfrF9h/Y/v/wBDgaDe8FKg/CwsR8yPnJ06sSNrZ59ZJKrL7pI6Ej6QP0/9jT6rXwPivJa8Sf8AUav42lNXG1GObse5iew/sd+pX0OOJ0iie+4B4bT6DOAcbp13yTyDjlrH9IGnpecMz57IX6ir6XRNmJNySSdpJue956RkpYzM9O2nJ0QinRJCRElOAzs7OCSWcKeElaWPmB1kbRRj/9k=');
INSERT INTO [dbo].[Products](ProductId,Title,Description,CategoryId,OfferId,Price,Quantity,ImageName) VALUES (57,'egg','this is  egg',3,3,12,1,'data:image/jpeg;base64,/9j/4AAQSkZJRgABAQAAAQABAAD/2wCEAAkGBxMTEhUSEhMWFRUXFRUVFRUVFxUVFRUVFRUXFhUVFRUYHSggGBolHRUVITEhJSkrLi4uFx8zODMtNygtLisBCgoKDg0OFxAPFy0dFR0tLS0tLS0tLSsrLS0tLS0tKystLS0tLS0tKystLS0tLS0tLS0rLS0tLS0rLSsrLTcrK//AABEIAOEA4QMBIgACEQEDEQH/xAAcAAACAgMBAQAAAAAAAAAAAAAAAQIFAwQGBwj/xABBEAACAQICBwQHBwIEBwEAAAAAAQIDEQQhBQYSMUFRYRMicYEHIzJSkaHBFEJicrHR8LLhQ4Ki8TNTdJKTwsMk/8QAGAEBAQEBAQAAAAAAAAAAAAAAAAECAwT/xAAfEQEBAQEAAgMBAQEAAAAAAAAAARECITEDElFBMmH/2gAMAwEAAhEDEQA/APWLILBcRydCcRoB2QAIGJAMNkAQAFuoNDz5FC2QHdg2QCYMQWAAsJhdcgGIGl/sNLxALiuxtC2QGh3I7PUNl8wHdhcVmLyAltjuR2kNgMTkFw2gHcA2/EAIgmuYNeQ0AZdAu+QbPgFgBsEwC4DBsVgAY7kbh5ANsLggZQbKCwkiMI/zeQTsJoaABJDsG8VgG0IX8yGwGhILDAVhpgxWQDUgdgBIBZB5gwugH5gRuICSQWMc5W3Rv4En8LgOwmgSzJWASAPMaQBYXxHZjAEDExXAkIItslsvqUIVgsO5AXYPIG+pG4E0xMQwCSCwguA3EAUgATQbI8hAFhobRBoCVxNiSy5jYC8vkA7eIARV+g2OwWABJkhAAAJANpA0IHK28B3MtGnfwKLEa0YSNSNFVYzqSnGEYU71HtSdlfZyjv4s6SKsrGuZqWjcQkwlIxtnQkNsi4IIpslsdTOK1aleEXaUoxfJyin42uSVSD3Si/Br6FRrdq5HGUmk1GtFPsqjW5+7LnB/LejwnE6Qr0akqVSKjOEnGcWs1Jb1/fincz9R9H7C6g4nz7ozT2JqVI0qUXKc2owjBtOUny5c78Emz3HVjQlShBOvWnVqNZpzlKnDpBPf+Z/BD6pqxdkK/W5tsg0i/U1gSBxJSgKxnFR2QSJBYgErAvATuNPoVCaAL+QyKQEgASE/ALjuAoy6BYGx3CBo18bi4UYudWcYR5yaWfBLm+hz2mNbfWrCYKCxGJk2t/qqdt7nJb7cUv7FzofVxU2q2Im8Rif+bNd2H4aFPdTXVZvizU501S6Q0/i5r/8AFgak1wq1l2cX1jTk4yfnY881nelZJyxVOuoccr0l4xptxXiz3WRC5r6yGvBfRrT29JYa7uouc7cO7Sm187HvspHOT1ToLF08bRSpVIufaRiu5VU4Si24/dndp7S3535q8nM1PRhykSpQv4GCLu7G8lZWC3wTMcmSkzFJipCZy+umptHHwbsqeIStCsly3QqW9qHzV8uvTCuZacH6KNTpYXtMRiYbNdylThF57EIu0pJ/ja3+6lzZ6OYKUszK2WM2Bsg2DkJsBNnP60aQr4VLEQSqUlZVabycU3ZVISW7k07rc8sy/uYq9NSi4yScZJxknuaas0yKq9C6xUMUvVytPjTnlLy4SXVFt8DwTTdGeBxdSgnJqLUqbv3nTldwkms21Zp8bxe87rVHXxTtTxDvwVTivzriuvx5mbEehXBMjF5JrNPNNZprhYfkZUNAO4gAAy/jAAuJhcGwHFnmGv8Arzfaw+GlaCuqlVb5c4wfCPXj4b7b0k6yOjT+z05WnNd9rfGL+7fm1v6eJw3o70WsVpCnGWcKd60+qptbKfjOUPmakR6l6ONV1hMOqlSPr6qUp33wi840lytvfN+COsmyTZhqM6oi2RuJsDNaTizBilbMyxIV3kRZ7YtHu7b5fU3mys0VLuv8z+RvbRqejueRJmNscmRYqQgEBlo7j7UizXlUzJaSa29sLmtGoTUxpjLcTZHaIykVHnfpe0M6saNenG8oydOTVk1GXeg896Uk8vxHmjp1aVpuLWe9NNXW+N4t2fFX4HtOvqUsHVT/AAf1xT+TZ5lSzp1NpPvUopppWVTZUUk1fjHyt1OfXf1rfPE6n/XV+j/XFK1GrLuPc39xvj+XmuB6cpHzFhK0qclfLc1y8VzR7h6P9OdvS7OT78Fl1hut/lfyaNX9cnWisAooypbH4gJ7IAQy6mHF4hU4SqN5Ri5PrZXt5mwik1wq7OHUb+3Vpw8traf9IweM64YuU60nJ95vPxeb+i8juvQZhO7ia3Fyp0l0UU5y+O1H4I861ryxM0/ef8+R6f6D6i+yVv8AqHf/AMVOx159p/HpEmYJsnKRikzRIVwRG5JEaSMWIeRNs1sTUyM0auiq3tLlN/R/Us7nIaH0pH7TXpXzj2c/Kacf/mdTSnccXw13PLLcixsxORbUTGRTHtGUKbKfFYq1TZ42XzLKrU4LePAaKjGcqss5ytm90UklaPw39SWb6alnPssLhpPOWXTj/Y3oUUuH1MtgZuSRi9aRGST3obIhFHrVoJ4nDzpU5KEpbNr3cW4yUrPik7W8zyfHYWdNulKDhKLamnZ96Nql88pXWae7PxPc2cnr5o1SpqvbOnlLrBtfNO3k2cvk52b+OvxdZc/XgmNrSdWe37V2rcEuCXJWOv8AR7pR060ZXyTTfWPsz+TOZ1kwvZ4iSV7OMWr78opPzumWOpMG61vwyv8AA1z6c+/dfRSEzT0TiNuhSk8704N+Oyrm23x+hkO4C2gAkjlPSPU2MLCovuYik34Xa+p1Vih12wLq4DERWbUNuK43ptTt/pZYjx70jYXZrRrR9mpFST8v9y/9COmFGdfDydtrYqR6tXjP/wBDUw0VjsE6F/XUltQ6x5HFavYirQxUZRT2oN7UeOzukvr5G9zyc+fD6edUg5nLaH1gjUinfgW0cama2Vv62LNTJ7RXRxKMsKt2orNvJAxsuV8lmzLHRu17b8l9WbeGw6gub4v+cDIxjF6/GlhtFUKcnOnShGbVnNRW20tyc3m10ubTGyIQMxTpJ8DIyLIrWqYd8MyuxOK2b3yaLm5oaZ0WsRTcdrYlbuzW9PquK6Gep48Nc9efLHoWG2u1fH2fDn5lwa2FpqEVFKyikkuiVjNtGuZkTrzTZFsGyLZUDEAEUmaWlqe1RqR5wlv8GbjK3TmKVOjUk+EJP5OxKf14hr1SXqpWz3b27Jx2reVreRn1HobFOviZbowaXi0a+slOVWdChBbUm7ZZ22Yxjn8/+0u9KUVThQ0bSzlOcO0tzk0rM5/F/mNfL/qvVNDUGsPRjxVKnzX3Fc3Nl8yagrWtksvgOwxnUNh8wJWYDDTTIygndb01Zro95IVvED5/x0J4DHVIQydOo9nrB96KfjFottI6Mp4pfbcKo9pstVadrtO3tRXO6L70v6vtqGNgvZXZVvy39XPybcf8y5HnOi9K1KE1OErSXwkuUjfuM+qtNG6WqQnstu655W5JpZW62OtwmnmrKfdf97FbSeHx1pQao4hXvFtqM777cjE8I6bVCvFq+UL+9nlGVu7LluTyXjx6l59PXx3OpldbR0ynxOs1TW3F1nxbjHwXtP45eTPDtIYyeHkk7yi/ZmuPRp7n+6PctSZL7BhmvvUYVH41F2j+cjp8Vtvln5sk8L5si2LaItnZ5jbI3E2K4U7iEBlQACbII1JEFUMGPr7Mb9V+pr08Rcm+WpPCyUh3NSFUyKoa1lnuDZhdVGvXxijvZNMbNSpY4TXrSjko4eGcpyTaXGMWnbzdl4XLbHaQqVE1SX+d5RXXqcVp3WajhXLs2qtdq0pvNRSztHzMW/bxG/8APm+2Ks4YCPbVGp4mUbRXuXzcn1z39A9F+CliMbLFVM1TW02/fldQX9T8kcFiMZOvPbqNtt35t+R73qJoP7JhYwmrVJ+sqLk2laPkrLxuX1Mc9266OwmwEZU8uQCABgkJMUlcCGKw0akJU5pSjKLjKL4pqzR8+a36vzweIlSlnH2qcveg9z8VufVH0Mn0KTW3V2njqPZy7s43dOfGMrcecXxX7FlxLHzxCu4vjlufFeDOr0Trk9ns8RFVodfbj5nP6Y0ZUw9WVGtHZnF5rg+UovinzKyUOKNo9VdDCYyDVKok3nsyyalzz48Hbed7qrOVPDUqUt9OOxzyjlF/BI+cKeJlHPjzWTL/AEXrpiaNkp7S5Sz+ZOeZLsavdsyvouOJRPtDyDRvpPWSrQa6rP8AXM6fA68YWpa1VRfXL5P9zep4dxtBtFFh9M05ezUi/P8AY3IYy/J+DRNVZXFc0ftT91kZYx+6/gTVyt9yMVSrYr54yXCL+BVaVxldQfZ05Slburcr8LvgjN6anFVWt2s0Y1oYeLzj359L5RXjvfmuZlwOmE1vODqalY6rUdWcoRlJtylKV830XDha+4vcJoHsletiqUeilfL97eG85X7bsdpeJMrr4aVXMmtKo5CppfAUfarTqvlFWXxK/GekWMVbD0Ix/FPvP5m5OnO9cfx6Gq9SaulZc3kvic/prWbC0L7dTtZ+5DdfqzzLS+tuJr/8SrJr3U7L4FBUxDZr6/rne7/HWawa71q/dj6uHCMcsurOW2nJ3eZhjdnXai6oTx1TO8aEH6yfN+5D8T58F5X0wv8A0U6qdrUWMqx9VTfqk/v1F978sf1tyPYbmHCYaFOEadOKjCEVGMVuSWSRm2jFutHYEhOQbXMgeX8uAAAISQvILgOyCYIhMDnNbtXqOMp7NRWnG+xUS70Xy6x5o8O0zomph6kqVRWa3PhJcJRfFH0DjZHLaw6Mp4iGxUX5ZL2ovmn9OJvlmvFJxMLiX2mtC1MO+8tqPCa3Px5PoU8ocjSMKZOE2KUQsBtU8XJbm14M3aGnq8fZrTXm/wByqY0yK6Gnrdilury87/sZlrvjF/jM5mUvAQHUS14xj/xpfM15624qW+tL5lAurHs8gLGvpytL2qk35v8Ac054qT5vxbZhSACbmzFKfMbMcoAQlO5ljC/7CjA7fUzUOpimqla9Ohv5TqLlG+5fi+FwNLUnVCeNqcYUYv1lS3+iHOT+XHgn75o7A06FONKlBRhFWSX6t8W+fEho7A06NONKnBQhFWUY8F+/U2rIxauJJCsK/AbIo2R7IlELAPY/l2AABFTHkKwmBkiKrHIiiM2+ZUVWMRT4mJfYqJUYmBqM1z2PoKSaaunvTzTOL0rq3G7dPuv3X7Pk+B6FiKZW4mgbZeV4rCVKbtJft8Ua11yPQsbg+hR4nQ8Xwt4DF1zWQlEt6uhXwfxRrVNE1F92/g0TKuxotCNiWBqL7kvg2Y3hpe7L4MioDuTjhp8Iy+DM0NG1Xupy/T9QNYNos6Wgar4JeL/Y38Pqy37UvKK+rLhsc27lporQFeu1sRsvellH+/kdhovVunFp7F3zl3v1Oy0bo+wTVJqvqTRpNSqLtZ77yXdi+kfq7nouEopGHBYWxYRiuCOdrUSS6C2RqIIigdyLeYrgTC5FMakBK7AjtMABsPISlzDbAZFhkJMDBWgVmKpFxOJqVqXQsSuexFI0atLodBXw6NKphzcrNihrYa/A06uBTOhlhzFLDmtZc3LRxiejuh0zw5D7MNMc09HdBrRp0n2YksL0GmOdho0z09HF7HC9DPDC9Bpikp4Dob1DR/Qt6GEvwN+jgyWrivweC6F5hcJYyUaKRsxh1MWtSGo2G2SRF2MtBSY9oVhgJsZEaiAXQBYYEboCW31+YANMRFoSQE0iFiW0JsAMUomSwncDUnA1Z0ehZ7JB00WVMVU8OYpYUt3SXIg8OupdTFO8KL7Ki47Af2YaYplhScMIWyw5JYcaYrY4U2IYU3lQ/lyagTVxrQoJcDZp0kTSsCRFPsxqAmwuANASuCARK4iLAlcH/LCuJyAlYGLaGBG4DuhATFMAASJoAAghgACZimAAN7hRACoiNgAUjKAEAOIAA5A9/kIACRCIARSgZAAsRJEZ7wABPcibACBQ3gIChAAFR//Z');
INSERT INTO [dbo].[Products](ProductId,Title,Description,CategoryId,OfferId,Price,Quantity,ImageName) VALUES (58,'cock meat','this is cock meat',5,4,300,1,'data:image/jpeg;base64,/9j/4AAQSkZJRgABAQAAAQABAAD/2wCEAAoHCBYWFRgVFhYYGBUaGRweHRwaGhocIx4cGBoaGhkcHhkcIS4nHR4rHxoaJjgnKy8xNTU1Hig9QDs0Py40NjEBDAwMEA8QHxISHzQrJCw/NDY0NDYxNDY/NTQ0MTE0NDE2MTQ0NDQ0NDQ0NDQ0NjQ0NDQ0NDQ3NTY0NDQ1NDQ0Mf/AABEIAOEA4QMBIgACEQEDEQH/xAAcAAEAAQUBAQAAAAAAAAAAAAAABgEDBAUHAgj/xAA+EAACAQIDBQQHBwMEAgMAAAABAgADEQQSIQUxQVFhBiJxgQcTMkKRobEUUmJygsHwI6LRFZKy4STxMzSD/8QAGgEBAAMBAQEAAAAAAAAAAAAAAAECBAMFBv/EACkRAQEAAgEEAQMCBwAAAAAAAAABAhEDBBIhMUEiYYFRsQUTQnGhwfD/2gAMAwEAAhEDEQA/AOzREQEREBERAREQEREBERAREQEREBERAREQEREBERAREQEREBERAREQEREBERARKSsBERAREQEREBERAREQEREBERAREQEREBERAREQEREBERA8zE2jjBTVm0LBWYKTbNlFyBMuco7ZdqQ9ZqaMbUyCptbLWpNUVx1VkYqeYtzMrllMZ5aOm6fLnz7cZtJ+0XadVw9CtSN/WOp5EIhDOD1vZSOs8U+1yjFVlZgMOiWB33dCAbAakksRYfcB5znAqd0C/duSBfS7WBI6mw+AgCcryV7GP8M45jq/f93Ytg7fp4oOUDKUIBDAA2N8p0J0Nj8JuZAvRtgnX1tVgQjBVW/GxYkjoLgX8eUnhnXG2zy8bqePHj5bjj6j1ERLOBERAREQEREBERAREQEREBERAREQEREBERAREQLdS9jbfafOu0sFVoOyVkZWBsSdQTvuH3Hfz4z6JqAkEA2JBF+XWc97dVWw4SnTd3ZwxsxQKqjTQKoNyTvJO47yZx5sbdael/DOpy4uS44ze/8ATma1GAA1yk20tpe+upGn8sZtMCQhV2RamVjdXvYi9uBmt7+dM4IzMoAVgBvsbrY3Ou+dS7UYLBYfDsuRBVZcqC92JNgW1N7DeT0nDOWY3V1p6PVdTJlrV8+vs3fZrtHSxChAAlRQO5oBYD3eg5cPDWSOcD9c6MHQkEG9xvUjiLTqfY/tOuJUI5ArqNR94D3l/cftLcHP3eMvbxuo4Oz6p6SHGVyilgpa3ASuFqllViLEgG0vxNOrvbNua0rERLIIiICIiAiUvPFSqqgszBQN5JsB5mBciaV+1OCF74vDi2/+qlhu0JvYHUaTzR7WYFmCri8OzHcBUQk+AB1gbyJ5zaXnqAiIgIiICIiAiIgIiIHkTn3pLoNmpVMvcCsubkxNwDy0GnnOhTA2vSpPRqLWAamVOYHkNfjpp1kX07dPy/yuSZa3pwTDk1cQpU9ynZr9Qe78W+QM2tXCs1Qs5LMQ2pJO+19TxvL+z8KiAhActy2upNyctyOgmwSkSQOf8P0nh83UW5ePT289Z3uao4c2APtAAjrKUkamy1EJVkNwRvtvuPDX5/ekjfBDQ8f8/wDc8jZ4I63P8+nwnGcuvKlks1U57N7aGIp3NhUWwYD5EdDNpiM3dy29oXv93jOb7GZqDqymxBII+8uhy/AiTjAbaSqQAGF927gLm/LcZ6/T9TjyTVvl5XNwXC7k3G3iUlZsZiIiAnkmWq9ZUVnZgqqCWYkAAAXJJO4ATkPav0lPXz0MHdKW5qx0ZhxyL7qn7x1ty3yLdCQ9sfSRTw7NRw4WtXGjMb5EPI21dugIHM8Jyjae0cTimL4io7ngGNlHGyoO6vwllEVf8mW6mMA3ESO7att+Hn7FzMqtIobqcrcGGhlsbRH/AKlxcSDxBkyK21scN2yxtCyetbINF3GwG4ZiCRJl2Z9JVXOFqlXQ77gK48Dex8/jOd16GdTYafSYGERsxGtxw1v4r/j/ALssTK+rsHiVqIrobqwuDMicm9FG1KrM1Bq1xYOqNYhl3Nl4gjQ6EjX2eI6xJWl2rERCSIiAiIgIiIFJEPSJj8mHFMGxqHX8q2LfUfOS+cx7f4rPi0p+6irf/mR53T4TP1OXbx126fHu5Ixdm4UBBpYkA6/IfAfOZFLS562Xy0JmE+J4a24np06meHxIClr2FrKOIHl7xnz/AG3K7r2Ltl18d3wBuGh6nfb5fWZtB7oG53I8BxkHp7Q9ZiEpJqb20Oigb9fePM7tLDdczlSqBQONlUfX6E+Uty8fZqVzmW2PWGqNx9aPmCp+Vpvuz+IRK2VgO/7JPutut4H6/mkaTMLk6kuzAchfu+dyfjMDGdpEGce0yXutwCyjR7dbq2nhL8GWeOcuM3pXkxmWGrdbdiF78LfP+bpR1uCNRcW00PkeEhnZTtvh6wWm1UB9yltCd1gb8evHxkw+0rmyXGa17T38c5lNvJyxuN0uKluJOgGvTj4z2ZWc+9Inbunhab0KD3xZFu7YilfezHcHsdF1OoJFp0VRz0wdqsz/AGBGIRbNXK+8TqlPwAsx6leRnPqdVQBaw/nzmupXdu8WzMblm4km5JLbzfXmZuv9FbKbHvDhwPhykWS+1cspPbXYrM/skW5EX+fCa50IPeH1/wAzatSKmzCxnp6GYajQ6XkzGfCO7TT5L7t/8/m6W7kS/iKWRspGo4/Q+MkPYjs+mPq1KDsQ4p5kIIG5gGOvtEXXTkSeAhde2BXR11ADjRuR00a3UX+Eya2z1WqjlbIbai/y63HkZQ7Aq4Kt6muuVwbo4vlqUSe8VI95Xymx1ys19yyZ7MoozLScXXPkYfeV+7od43gi2oKiQ4Z/Tlr9WkxGDamy16By1KZzgruNtSQOoN7cQxE7FsDai4mgldNzDUfdYaMvkQZyqvh3w9V8MxuUtkY+8h/+NhbffUHhckcJtfR3twUsQ2Da4Sqc9O5FlcBs6a88ugHLrBx2y6rqcREl3IiICIiAiIgUnGe12Iy4+rffcAD9I3eRnZpyr0gbIYYn14UsHAvyAUKpN+mjHoszdTj3YtPS5THPdR18fdmtqqAEnmx0UfU/wSPba2r6xsqMcgAud2Y8fL6zMxmLSkxWombMC1tLNeyqD0tmMjj1AToLDkOFybD6zNw8Ml7rGvk5dzUrf9ncQlEVMQ4vlsiAbyzC5t5AfGbjZG3WdnquR3bKq8FFsxPibgfpkLd8vdBLWuQOVxqbc9BKsHHAgst7cxYm/wAAfnL59NM92+7/AIik5O3wkuN7UMMSrLqiWDAHQj3reAJ85G8dXDVHca3diCOIJP7S3Yg7uFrddf8AEvYDDEm1rnVbddL/ACIl8eLHim5PjSvf33W2M1O+oIPQ/wA3yXdl+1WJwrAj+om4q+th+F+H8uDNX/pwt3hZwQL/AEv1tvl2lhWszDS28dDxA6ftLTPGze0ZYXetOgYv0jVmS1FEVzp37kryNrgG+7xtoL2nLsTg2d3d2LVGJZs1luSbm1rAeGgmwZCtswJvcaanS485ZxykKHXW2l+RHPobg/zW85p+rjlw+PTxhcCG7jjTkRYg81P7ees2VBmp2RjmXcrceit15HjuPXCw2K9YgF7Ou7pbgeY+mk2OHX11NzazUyCy8cpNn+BHynfe3n5+9VibQpF1uPbQ7uYP8+UxMKMyGxNhqR1uB+83G2rrRSqB3jZGI4MpIuetw0sYJVNZSLBKqEHkGtf9xIngl+lqNqYUZA7LcKRu00On1ImBsXaNTDYinXpe2jgr+IHQqTyZSVPjJvtDZv8A49UHVgj28VGcHzI+chmCdcrKwGoIBtwI0H85SV8MvD6TxlGnjMMGy5sy5kzCzIxU26qwN1I8QeM5o9RlK1BvQoxG+4Qhm+o/gnUOz+JD4WhUtq9JHNhvLqGJ8SST5znOPcUsRUFrhXew6KUFv9qmKryzzKkPpL2aHoLiV9uloWHFHFhu5OUboM3OcpxmPNLE0MT9xkc24+re1QW6gfOd/OzgaDUGN0KlRzy2soPMgW16T5u2q+pQ+4zj55W+afOVrpZ5lfT9NwQCDcEXB6HdLkwNh3+zUL7/AFVO/jkW8z5ZciIgIiICIiBSa7aGzVqnvm6ZSCvje+vgZsZZxSFkYKbEjQwizcfPPbTYtTD4p0YllChlY21pMco6XBuptxF+M132VfVMjHK6v7Njc3tvPAC5E7l2v7MfacOophPtFJT6tmAtqBnXXdmtv4GxnAsUalB2Qmx0zqRqGF+419QRfUSlnnSd2SWJHsfZiBc1szEMreBvbw7ttfwkcZneoph1ZyMwXLu3rckXHDQ/MzB7PVcr5G0LKLeNs3zBPym0xNC7v1QEeV7/ALfGX5eXs4+7GRxwwvJy3HK35aavhkNUkeyxNvG5ldl0VWsQdO+hHwKn6N8BLgTMjD3lYMDyB0+RHzmBi8VcFrWcaEeB3g8ePXU35mvLjebg8e66cN/k8/n1G62rSszeObyKKPqDLauFXKdSqA9WUEBvOzT1gcQKtMPmuwp5D+ZRmB8Z7FIVKS1BoQWW3Qta3wAni+cfpy+PD3J9XmMdu8FUashNvxZBmt+pd3WedoYYZfWJqCAxHBlJtY9Qbi/4pkVaGQIL2ZgpU8npt3W+Gn6pbLsmRlHcfNdTwJ3i3iqnxkzL5hZ8VF6v9GqGBuhsw6i+l+R3g+cmqYQU8SlRfYqjK44XZd/mwX5yMbawwNI5d9NyP0OodD9fiZdo7VLYbIzd9GGUj7tlAPkTPV4c94vG6rj1l4+Wd9oHq8RQc3tVbL+vM6n5KfjI/RxRy5L25Hqbp9H/ALRLOKxpLuw3MSfjm/ZiJYqN/PhOrljhp0LF7QV6Cke+ov8AqVh9RIPs/DgmzcAdPAzZYPEf0lBO5R8r/wCDMXBpnxCotyXfKtvvOcq/MiVmW75VmPbLI+hextxgqC2tkpIo8Ai2nN+0FXLjq6nhWHW+dVIW36gJ1fZVApTCEWy6DduAFt05V2kw2faNVFPfNakdBqTlptu8NPKWv2Tl6m3XWUso1KnQ6fSfL22WL1KzgGz1KxXTeGqORb4/OfRva3HGjgsTVHtLSfL+YqQvzInAuzVJ8TisNROt6ik2HBO81+llMVevpDCU8iIv3VUfAAS/KSslYiIgIiICIiAiIgY2LoF1ADFSCDcdJD/SB2HTGJ62moXEqN4sM6j3W68j5bt05lDF8zRPF2+eMRT0BIZHTusLWIKbtOB/wRwmbUxGZBUVrldG/Kfa06aN+mdH7Z9lRXBr0l/rgd5Rp6xRw/OANDxsAenJO9Rc78p3ggjjbUHcb3BB3G8wcmOWM1b4+GvC4ZXuk8ryYjI2beNxHNTvH85CY+18NbvIbjQg8wdx+E8YjQabuB6cPhulv7WCBSbQ76bc/vIfPUeNuU09Lyf038M/V8fmZz8vWwsSo03MzOW8AFt/ibjF1ClEIu8svxzAn5gSLWK1FZd5B+NjeSja7DKtt4D/AB7xH0mLquPt5Z9/Ld0vJ3cX9vDMqVw9VKfDK4H5ge6f7D8Zi1MXZ3U6qr0HA/C7Kr/8vlMLZ9VmZag9xl8wXJP7zHxjd8/iAT4VVYf8Zwx45Mtf9720ZZXt2tVCc1anxVco/wDyfL/xJmjpHTxE3TMTVqMPe9dY/mDkftNbXwjItNz7FRWK/pIvcdCZ6HB8vP6j4YNTef5zhzp/OQm62Zsc16WJcX/orSY6cKlTKfgMx8pibS2b6tFa+pbIw5OqAsB0Fxr+ITSyvNKp3LdP5+/xks9FWzDX2grkXSipqMfxbkHjmbN+iRbBYN6rpQpLmqVGCqN2vEk8AACSeAE7h6KtgjD4T1hIapXbOWHFBcUgDyIJf9ZkYwTicxqYVm2/a2gy1D+VaWW/+/KJ06aWjsoDG1MUQNaNOkvPR3dz4G9MfpMmzZYjfpix+TAerB71aoijwU+sY+HcA85FPQtsrPiKuII7tJMin8dTVvMKP7pj+l3avr8YmHp3b1K5LLretVIuoHEgBB4kjhOodiNgfYsIlE29Ye/UI41GsW14gaKOiiPkSKIiSkiIgIiICIiAiIgJQiViBbZZC+2fZD7QDWpAeu95dwfS2/cHtx3G1jwIm8WlcsZlNVOOVxu4+a6yMhKMCACRZgQVYbwQdRNXtCndCOI1Hlv+U772u7J08UjOBlrgd1hpmtuDDjyB3jw0nDtr7OqU7hhbkfDny5fWZu24Zxp7pnjWu2RiSatIMb2qKL8bMQpB+MkGPr2zFtFUsL9A7D46H4yJYRrVEO6zDyIOnztN1jHatRRUBZ2d2sN+UM2pvzaTzYXPOX8HDlMMLPy2myWGR+V1PhZt3908YunmRG3d52PTKF/yZr9nYhkR6Do61bm6lWzAAX1W19CF4brze4I+uemqhmpZSXKDPkzkmzIt2GmgJFjwvM+XFljnbI0Y8mNwktX+zOyVq4jD0nHdZhmtyFO5F/EAecp6TcAmHq4bDpuTD3J5lnIJ88gnSuznZhEyVbgsGR1I4HIFdSOEgXpTpNidqU8PSALmnTp/qd3bXoFYE9LzVw4XHHeXusnUZzK6x9N96Kdhh8BiGcf/AGXZR+SmuVf7y8inpU2elLF9y4DsWy8jlplm/UW/tnbdl4FMNQp0V0SkgW500UasfE3J8Zz3YOB/1TaNTaDr/wCJRISiCPbZDcNbioJLeJUe6RO/2cGF2Q7HPRRq7XXEVaYpIONNsQe+4BGjJRs3m44a9aoUlVVRRZVUKByCiwHwg0xcG24kjoSLE+NiR5mXIkFZFe3nahcDhyVIOIqAikp114uR91b36mw4zL7V9o6eBoGq/eY6U0G92O4DkOZ+pIBg/ZfsfWx1Y4/aQbvWyUmFrrrbMp9hBfRd51J36h59FPZNi3+oYgXLXNINqSX1as3U3IXxJ4idZltEAAAAAAsANAAOAEuSQiIgIiICIiAiIgIiICIiAiIga3beM9VRZx7VrL4n/Gp8pzOiyqUdgGVal2vqLZg53/hax85Ke2GPzZkU92nvPN20IH5VJHixG8TUnZdRaKrVULmVguhB0ZmGYEnXvgcNBMXNbnle34/dq4tY4+flm7a9FuArWZENBgST6skKwJJIKnQb9CLW03gWlvYuyMNhbUsEC1ZxkNdiCQpJYqrKqh7aktbS28kBYqbGxGMVb1O4FVXDu2XMoANqa6Hnrvvvks2RsdKC6ataxY8uQHujp0FybTZLubZbuXS5jNj0KqqtWmr5AMrMLspXcyv7StxuCDeXqGCVQPeK3sWALAH8Vrnx3niTMyJI8gW0nKezWD+0bexeI9paDNryfKKCj/atTzWdYka7F7GGHp1XI/qVq1R3PPvlV+IGbxYyBttp4Q1UNO4ysLEHcQeY4rxy8bWOhMubOwSUaaUkFkUWA+ZJ6k3J6mZcSQiIgaalsNDX+01QKlUaIW1FNeSA7id5bfwm5iICIiAiIgIiICIiAiIgIiICWqj5QTYmw3AEnyA3y7EDQV9vOt7UKnTOGX6KZgv2jqa6KvirC3+4j6SV2i053HK+qvLJ8IRgqffRnUtTLjvHcWJuDc79e95GbztQoyIeOe3kVN/oJ72vs2o9zTe17EqxIF13MGAOU6DhNHT2RXeqys18tgWLO9ie8bFgOBFgNNTKXG4yzW9ukylsu/S1gsVVpsWpqWGmZbEqbk5b5QSp0NmAIHEHQSX4HFiouYAqQSCp3qRvBlcFgUpLlUb95OpJtbWXwgBJHHU9Ta30A+E6YSyeXPPKZXelyIiXUJ5AtoN09RAREQEREBERAREQEREBERAREQEREBERAREQEREBKWlYgIiICIiAiIgIiICIiAiIgIiICIiAiIgIiICIiAiIgIiICIiAiIgIiICIiAiIgIiICIiAiIgIiICIiAiIgIiICIiAiIgIiICIiAiIgIiICIiAiIgIiICIiAiIgIiICIiAiIgf/9k=');
INSERT INTO [dbo].[Products](ProductId,Title,Description,CategoryId,OfferId,Price,Quantity,ImageName) VALUES (59,'turkey meat','this is turkey meat',5,4,300,1,'data:image/jpeg;base64,/9j/4AAQSkZJRgABAQAAAQABAAD/2wCEAAoHCBUVFRgWFhYYGBgaHBoYHBocGhgeHBoeGhoaHBwYHBocIS4lHB4rIRocJjgmKy80NTU1HCQ7QDs0Py40NTEBDAwMEA8QHhISHjQsJCs0NDQ0NDQ0NDQ0NDQ0NDQ0NDQ0NDQ0NDQ0NDQ0NDQ0NDQ0NDQ0NDQ0NDQ0NDQ0NDQ0NP/AABEIAKgBLAMBIgACEQEDEQH/xAAcAAABBQEBAQAAAAAAAAAAAAADAAECBAUGBwj/xAA8EAABAwIFAQUHAwIFBAMAAAABAAIRAyEEEjFBUWEFInGBkQYTMqGxwfBC0eFSYgcjcpLxFDOCshVDov/EABkBAAMBAQEAAAAAAAAAAAAAAAABAgMEBf/EACYRAAICAgICAgICAwAAAAAAAAABAhEDIRIxBEEiURNxYbEFgaH/2gAMAwEAAhEDEQA/AOBiIgXsrTmubqIKkWFpg6pV3SZN9lyseqE23CJRy6lDY0lEybBTYgrntj4Qk14Gygykd0ZlE7osrYQPBtAUmkcCPBQpU5010C2sN7O1Dd5DBrpmMRM2t804py6GlJmZbYI1Og0yTAVnEdlhlhVE9QY/3CY9FXYyJB13SlFx7KcWuwVRnEJNaCItKRBBlTDXa2hTYA2s6BO+k3hFY20Je7KLCgbGBWGUhpA9E9GmDJiY11+caJziH94MaO7eZgAC8k6nSfuFUYuRtjxclfoD/wDHxJDTfootww2VXF4vEteCwNew/wD2C2UGQbZhkMb78olHGPkNqwwmYMGXcGZv5+q0lhaVolQjJ1Hv+Q1akLCAl7uNgUcsOuo5TBhlYu0xShT2Bya2SpskaK6KcqBAmxSJ4pFVrBrCOymCJsjhohDLQgFEC6kDsEzKYmICtGnsnNHhAOJSfQaToPRMKA0gDyVs4S8ynqGNtEyeNFNuG6fJJuEAMgK0zEAiEWidygpGZiMLmBaDlncLDxOErS8FmcBsNMieJ8V1bmA3B8VFrhvCcW0S4pnO9l4F4OdzYBbGU6thaTqQGoC0XUuqEykDabobbYKKRiYjs4VC0nQajlHbgWsb3R5LWdhRqmLBui30HFGSaMeaf3I6LSqUrG4QmUbahOxUVn0mZQWkk9VXLVBjrdFMMkSm3ZLdk20/mjUgBaFXAiCD4pF15lSF0aWQO02QjUAMIVCoRJUXd4nZFDcvo0+xWxVB728EDNG0xGl1odpYs0WOOV4M3s3LMEDKCLX+uyB7P04D3Em0NBHU3H0XO+0fav8AmkNIOQxBGa+4jgWHkV04klE2g3x0OzG1yXPqlzBm7rG2Jubmd5E+avMfnvJG0kybdfCB5LFZUfVdJ/Trl0J5AJsIj0V640/OPklmaomVqO+y+8Wvon2AlVW1DN0VjpN9lzURyDCp/CTamt1ULySkxt0ByNSk4BjSAZcSfhaYiwEuH581m4l8tLZIMzMmCXGO9yZG/KvMpF1OYaQDBnMd72kC+nqsztWWMMNIkg62I1PXY+EreC0ejjpQRkVKzoaDNo3tqLwp4SpneWG5vL3EuJg9fpoqzGl51tv49Fc7MZle7m49YKuUnQpwUYuaRq4V7mSJJiBptI/cdVepYi11n4urlAMniOTI/dEpkgTssJu0mc+WTdS+0WjX12TMfvCpueeEWnVKijn5bCurwp03Am5VKsd07NZRQubTNDPlN0/vuiqvfaVBz3GEUVyNB+I5soPeD4KjVa4mFInuooORfDGgC3mnLp0Wd786cKDXumxRQckzRc9o1shSIPyVBrz+q6m+tayAckXMMHAXKg915VQVDpNkdhvJQCaYR9RwvyhPrOKfOSdbILJkz5JIbJVnuhAg8q2RZAynhPZLRRazkogpnmyd7gQLJ8w46BUzMZrSU5pBM0kIzBpOhSAH7uE4Eo1QfRBDvJNgaGErFjHgRN+dwBPqsPGUAXg6kgE/L7LWFmNEmCSZtf8AIVId57uB9ltB/wBHoePByf6S/wCiwbWgEReZHw2uYMG5042V0OGwVHCkEWMEQfIg2j818lYbWjdTmdtGGf4yoWUh1lIglO18pOrQsjntCLhFhfdQeHQYlSFcC6T6wMbIC7LODd3ATqDDe7mjkARrfbqs/tqjLJs4hwnu97fV38brWwdIOY+Abf6gOTJAttus3tFkMILmNLgLF5u20agkt0joDHC2h0elgfwRkYfTor2CHf6XHHX7LPwtS8WWrgmNBBcYb/BRLpnblSeF/oPiWyWb970i/wBvmi0nuecgHQACSUfC4drycrrASeY6dU/aHaTKZLGBoJhgMRe8ucYki35NpjFyo8eMXJbdJBmYRgjO8XFg2/jJ2I8EGrhmg91482kA8QRIM+WixhSeHhzsTDYu0G5I42F4RGMBdZ8gC0gEz6RBG8zstniikXBQepIvVKbmmHi3S4v1CAYmyenUMZM8A6iQZG0zZv8AVc5tEFtWJ5XPOPFmGWKi1XQZj/kk94lB95KaAb76AcqDK0WmVbojKTiXQCR0BK1afZopMzPZmOpcfhF9p0FjqFUr9v0nu90wnONm2vMGXCcvUraOFs6PwpJOTM+rTc3UETyITUt05xRNnFpa6B8WYidIOsjX0slWp5bicux5UTg47DLgcNp2iDzcDlM82iEIVI8VI1RqVnZz2Fp6GU7ak2CpvrlMXp2g5B3uPmpuxEiFXa8FLOEw5E/fFGGI6qo11k1+UFKVIA2sYRveCyqNNkznKjOy8yqPspsqKgCp5tFIcmXPf2IPkhNfsVADQyk43tdA7ZdNWcoB0aB1mJPzUMS9rWX+J2g3jc+EfVV2nhskeMcKPuyTM5tJfOrieeOn7LWLPY8CLlBy+2Gc4tpSWujNFgLwdbXkTEJswcJH2QcbUeGilmluYkkHUyXabXJ33jZVKbHl4JMAbAQnNJmHkwTk01s0w+NFEvUM42MhMKt4WJ50k06ZMv8ARGwVF9R4Yxpc5xAAH16DkmwVYvBPC9M9kOzmUKYeS0vqNDiQCYaQCGfO8R8lUI8mCVj9j+zbadMtrFr3uOaBOVsRYTqbawPlK5L2h7PNF+UtMOEtc1upNsrptGmo8zK9MqPB3lYvbnZrazDMyAYMxra5F/JdHGlo6sGXg6fR5HiKeSqWm3nIne8Cb/RXqda0cfn2QsUWsc5jpBbLTMagwSeTbXzUWGQDFz+BZz1E7vLmlhavs3OxasPIABzNtOlll9ptLqxdoQ7QEEamQDe2yJgqoa8amZHqh0W532EAl1tTv80Ql8V+zgxPS/dGRjars5DGwAbcxEAT4fRWuzqLnt72Y/qhsH9UcjnRPUpkvLst3EwPkAtCmwMe1uYXNyCTe+o0A18pWq2ztlhSjyRGuSwQ2W3i1uL8zpt5oWwPRQxlYvcGknkja+nik0yufK7dHnZ5dIKHLR9n8KH1C4/BTGc7X/SPW/ksrRdB2bWDMOCDBLnEidToI8A1Tijb2Z4Y3JEvaHtNrGBkuJeYgRIaLTfk2G/oucq9oUWNf7pmQuAAn4uHSZNrecqt29UNR+abaADSAf5SpYYvl0Xtppbddan9HesansWGeXEO3J2A543HTouhptL2QfKdfEwYGwk7SuebTyOnbToD4fstjs6oSZvBlsRMcbk8254hS6ao6fx/BplN2qiSrWMwzx34MHU6weTGgP4VQL5Mrkca7PGnFxk0wgKTTMoeflOXDZTRmSLk8oZKYOhOgJQnkKBemlOhkWm3ROWgXQqlUE2TF8+CsoIeU4ekNApZBra6AoVNw3RS+2iA1sJB94G6VBRZovLXQ0Ak86Ni8/VCx1QsayAXEmcxFpBuQ6LiEao9zGywCRr1VEVn1HZ3iI0A53P5ytIvR7WDL+PBxvfrQNzaj72AFzcTbbxU3tLhABI1idfnYK0yhAL3aC4LnADyn6wqdMZpLRY7XDfIxJRys55ylJ3IfCuIsYHGXT1V1z/kst/+WZcwgf1NvHiCrrKgcAWkOB3/AHGxUyXs48sd2WMMWF7Q+Q0uAJECBOsuBA8wvY+zabPdsLHy0iWkEEQb2IAEdAABpA0XjLGF0NAkkwLga9Tp4r2fsqh7uixjnF5axoLuTGw2Gw6K8PsziWXMjUhUsWHEG0q+GDWIUKsaBbFnCdr+yLKlF7mAioZdmkkl2sEna0LiKRIYAQQRaDqOhXt1KiII6rz7237DLHmuxvdce+B+l39fQHnnxWeSLoc5ycaOXFUi42VjBXfA4d9OkLPLilgHlsk8PPllcVlFOgwN8kn1aNOk67qh0EtBnjUz4mOUAve7MSAGxJESQLgGxltrT1ClXfDGNgzlBto06lxO5EuMDcKtAazq4yJHekmD3j8Q7ug0M8La+2ev5MlHECayN9tEaUF14ScTC5ns8GUnJ2wwMq7i6gZTZS/UAS7oXSYPgDHmlTLaY948d8gZGW/3mdOnqst9QmSTJO6tfFGyXCNvt/0NUbIVvDWaBzY/RU56rVwDQ9hNpbt94VQfo7PCyxrhL/QCtTBag4KpleNQdAbjLbXu3FyPRW6gt8lnV5DgQYv6dflKqz1HHR2fs+xj3ta9oc1wFi1oDrEC2p/1Hnkra7X9iqNTvUf8t+sAyw8WN2+XouN7Hx4puY58gC41JNjJvoCdrbBemYPFlwa+IBE5bWt014srUU1TPK8zG1JNnlnanY9XDOy1WZZu0yC13gRr4arNcYXueJpsewsexr2HVrgCPnuvNva32YFD/NoNead84MEU+CDObL4zHKyli47R57jRyhKYu2TF8aqD38LIkcvTyEDPCmHqgIsanDk3uzEhFZTkbfm6GiuLGc7ZO98ABIsiwMlNbdAUxZ7QmqDcOv0BjzKNh6Gc6wPyLK17pjReXeJt6aK1JI6MeJtWVMNXkljjcwZ56K00OFgADyRJHgq1Gh3y/TpH5CuyB+fYaKZU3o6YppbKlXA59dJmSS5x+w8lbZh2QBBuIknTw4KdtSdCD1Mn0H8pwes8/wDP2SKpFKph6oMCpIOzgCD52JCNTwb4+BgP9p16xyjOqgXP3/Chf9doNSTA5JtYck2VWyHGLVM2/ZLsf3mKa14ljAXuFiDlIDWn/wAiJHEr1ZvRYHsT2RUo0S6qMr6hzZd2NAhrT11Mf3LpwxbQjSORpJugLqc6pNYBoEeFF5hUAItQXsa4EGCDYiNZ2U6jgmpubFlQjyv2x9nThT7ym0mi49SaZP6Sf6eCfA3iebwrZmbB0NPgbu//AC13qvdcTh2va5jwHMcCC07g7ELzDtjsQYZzmDvMqElriYIYBJaeD+md8w8s5Klro28aPLKkYNSs5wLi5ozSYIJLRGtjOnTdUO0cWHhrWgFrIh0GSROpNybk+YW7UpMy53mSGiAQAJvAMaga/wDC52k4S4M0BNza3Sx51KInf59qKXoJQq5tfiR21gwh1iRpNx6Kk5h2nn86qbDpzys5Q9o8hxraD1sS55LnEucbklDc+Cn92b3UfdrNpEttu2Sa8FTpYlzHS0x63HB5CEwAm8wk4XAEylVC62jTONa68ZTxt5H90HE2N+RrtIOvyVN4ukWzA2F/NWpHpYf8g4qpK/5DYOr72uxjyQCYPnt1uvWuxqDKbAGy6NZMmZnfS+y8jZWc17XgNlhkdYO69V9lsXnpMe7Vwmd9bSeYW0XZHkZlN6do6GiJEkkojtCNRp/CC114hFVnKcB7UexZ/wC7hWTu6lI9WTb/AMfThefvMOLXAgixBBBB4INwei+hGMVPH9h4bEf92ix5iMxaMwHR47w8ioljT2iXE8Ec3RRDyLQvYMR/h5g3TlFRh/tqE/8AuHLMqf4Zsm2KeBwabSfXMPoo/GxcTgBwmeIsbHdM2905dM/krIoZgnREyE62US4tuBqFHO7LIQKNNpMu05vYR4if4Uw2fhA6yfpCy2VcxN4A1LZnwR6YzZsgdAuXSQJ69UNHoRarRZe9rfidHiR+6Eamc90y0dNT5qo+q4fobP8AU4k/VTD3Ad5zPKB+8qkhORdNXYCfMQPFM+s3Q6+gVF2IJ0AaOSST6Qr3YvZFXFVGspMH9z4IDRfvOMW8NTsqUROQOnhX1XtZTaXucYa0a33PA5J0Gq9Y9kvZCnhAHvh9eLu1bTnUMG3+rU9Ar3s77O0cGyGDM9w79Q/E7p/a3+0fM3W0XLSMa7OeU76EUlGVF1QKzMdzkJ56qL6p/wBXp8tEN1QHpzsQgCpiajgYDSfBSw2YNgiPmiGqxupMnc/kKNSuIkwRcyI/dACfUK5H22MsY67QMzSdrgRI9V0FaryqWJh7HMcMzTYhw/hDVqjTFk/HJS+jxqq973FgfYWBNkR+GDA124v1twPmFSYwtMan1lbmGfnADgbW/wCBYfVStBPI5ytgKxB00MdZNvT5qIZf6fgT1MDEESADMTwdEV1RoOVszqRv58eaZAVjABFvDU+Kd1Maafn1UmNIAIbFvM+qOLAZtfzqhxT7DTKjMLOn5+XQjScL2te3Ct1KoFmx6/lln18QTed7ceKTxxZPFDgkbFEpEOde3XYKgMSQJ4PqNEeniBNxNyPuoeIXEtYpsAZO9bWLeS9C9jazfdMZILmt7wAiDPzPVeaurlxhk+pXf+wGA7jqhElxLQb/AAtA06ST6KoxUdFdHesp2BCK2lvKhQcmrPcSALcnjy3V0BZmE+ZVsg6nqU5b1ICYBnO6pg8coBb1SDPFAHhbmQBrqZ48lItBHX8uispuknfg8mLpg245Fuh5XGHQJ7dR8lAiPn8tFbOG3JA/j7IjqQ03giY12hARi7syMPVLGwGlxNyfHlXWV4YBNzJMXiTP3VHCMDmkEmbaHnbonNedoEW8FTR1xeg5L/Ef6f5CEJ/TI8mAKTHENnfgIRrSSmhs0uzex8TiXQxrngWLvhY3/U7TrFz0Xrfsn7PtwlLKHZnvhz3WuYiG2kNG08nSVxX+GdGpUqP/AMyoKNMCWXLHudPduIbHxHLBMjqvUndFtFas55yd0Bq1C3QSlRkXcZcdBwOAiVNNJ6KNOmRcm516dAj2QScHbn0QQ08j88EZxYgVKbTz80wBva3fXoUN72bAk/m6c02t/VHmh5RcgyUACqFs2YfsoOpQO7b6KfvHT8Jj82UHMLiTJaOOUxGZi8UGwNL/AE+yrvxZjXrwpdosAqN6NIAPis3tavko1HaQx2g3gx80wPMskmwjjrN1oYFxBjfQ6C3Hj48qixhBDiIB0632RWteHlwBy/vuFNDNt7cwEWvp9deRwquJw/ezDUXBGnnyEeg+w0+pPT+FF7wZnnT7nkoFYKpjRlBBkncmBbWANAqbg95EEA7a2/c/soYprW+MypU6pDczTB3/AI6qgJuoNbLCczgJOwEa5jqSqeJcQTY6+OkW9UV2IB7sZQBJuSXHqeOipVKhOp0kjxNyUAM53Ph87/QBM5xN9OB1O6d7pjQc9U+QmcgJ5PHikBbwmKcwtbqNwT9OCvXfYnKcMyDM5p6EuJy/P5ryCnTyyZkn8sr/AGJ23Vwzw5j8oPxNIlruJH3EESlSux0e4/8AUNAg6hIVJ0K5rszt9mIAsGvicpIOYDUsd+oCfETcXk3xjgDY6bJgbjLbp7qnhsRmGqN70IEWITBV/eFOKhTA8cYwDW/InY6/ZF91LZgAwYHmisocm8W+id4LRBgkEAwJGv0XGaONAWUM0iwNuvmhvw7rAEnhWmVBBOUAai3y/hFBaNTci0ahAJJnKVw5j3N/pM+tx9UEVCDEkm07jrbjRbnb2D7oqNkltnHkTr5SsBjiNALa8klaLaLTDBw5/ZTo4Z9SoymwZ3vIa0cknn7oFR0Wt5Ls/wDDTsh9fEtxBBayhPeH6nObAb5NcSfFvKcVsJSpHp3s92ccNhqdAuzljYLoABJJJgAaXgE3gCbrYYFFjEVbGAN6E54FtUR4UAN0AMcvCr12AolR/GqpuqcT+dEATZTbx6/upPMKDH9UOs9IYnvVOrXgp31bLLxteyLAp9t4gZ2GY1v6LnO2+1wWGnzEnmCD9QFdx9XO4AXgcrnfabC5AwNdBdmMEmbRaSeqYjGdVz1CZkNED7rR96GMu43Glp8t1iUH5bEEGRv1vK1qbbycrbdDGgugA1GqSzUt6f0j9+qjcTPw7Ec8oLQ57+Gjc2kc/sFDGvEAbDQc+O5QBVxJ1N77oHvNtEqrydfRAIlIDUb2ZVLQ4RcEwZkEa5oBjzjVBOBeSM4LNxIuRzC1sH2oypnY9xYS5zmknuvDtGvOgIOh8OAqXaofTcQ5pa0k5dxr+l2kcaHeAgCuKTGmIBGt7qYxOUwBA0j7KmalgkHSZQ9lJ0HlBfO2qQctL2fw4qYhgcxrm3JDjawQI1+xmNbTawuh4dJMwWuNw4EXGtj68Lp8N2ywyys5rHtOUOPda8jro1w3E+HTE7V7OLHl7D/SbfpJ3gaghsR9wqYc2oxzHak6btMDKWk6iJLT4jdTdMqrR2OExL6Ti/NmY7aZ/wDJp/Nl0FDFMe0PaQZ3Xija9ai8ta9zA0DQ9wt2dBsZn5rc7K9pnSM/cP8AW34HAD9TDvta9wqJPUzWUhVXPYbtJxaC6D1bpuOoN9wdldZjLIsKODovgbwBMyZ3RCMwABgnvBxtpHGpVVj4AIu02vr4fIq63C1XjMym9zYtlY4j1A8ly0ynJMqTmBkjUzBvEKfv7FuX0jwF/v0WrgvZfFVRJZk5L+74d2JnyWvhvYOP+5iB4NZbwku+ypQk/RDbOSNchpab5pBGsgWP3C5bEUSx5be5tPESCvZsP7F4YC9Wo7bVkf8AqVZw/sXgWuDnU85Fhnc4j/bZp8wtIwaHF0eJ4Hs6viDFKm+o42IY0kDiSLN8SvoL2d7IbhsPTogDuNGb+5xu5x6lxJV3D02saGMa1jRo1oAaPACwRMy1SoG7DJpUA5KUxEXqAH/Cctl0lM5yQFfE/dZpBkxBv4K/XfdZ7asSTp+9kmMIxl5KFiapG30TuqcFV6tAm7j5bIApV65jafBZnaGIhsTMhXce1oa5xXN4p7y0vIytaBbk7eSTGVqebMY1WR7Rgl7JMzPhaCtOg9wE689Vkdusc4B4Hwm8bA2k8Xj1RYjLqinrvOgTNcGmxkkQRuDY6oD6sCPPVQa/fQpiLrHkakfNCqPJm6E6oLwPUyoF8oAclQCcuUQgBPEhWGdovDTTcczP6TfLGhadREqsSmA/dMBmvUg9RyD5EpmOg3EjcTEpUBu9k9jCu0OFUNPeJGWYggXMi5mV1HZnYLKBztc57yIaHWF/iNh9VyOCqhrg6g+5N6byGk9Gv+E/I9F1GB7XLpDmuDxbK4ZTE63120QxmoIptcYzSb625if0ysXtPDOY8PaJE6bRMlk8TJadj6LSFYRmJvcCd9/W5Cr4h7S1wIJaSJ6W1HKTQ7MbtUCpSD294shzhpmbJnwvNuQ4cLBw75mZmdVuPJplw1bc9CTALfBzRPiFjvpgPgTkbpGrgRIN94I8ELoPZ03ZuPa33ZBcG02OaYkl73kEggaN3H2WjifaB4d3KUtgEG5mRM9PBcvhu0WsIyNg3km59dvJSf20QYAMKG36Lpez0Ds7G4eAGU6WgIzAE33Ln6bWE7LoMD2wHnK0ttANo9AmSUxbJpUXjiWt7z3noP3CVHFZphhcZtwBa0lJJbrskOA90AnLzlEn56Kwyg0cnq4k/LQJJIQmEqvy8qLHu1IhJJMCWeFL3qSSYDl9ig03TdJJSBTxL7T0KotdaPAJJJMBMNxbhNj6kNSSSYzAxz80N/qPyGqzO25DGMAu45j4bfOPRJJHoDCe/LoU1bDvyHJ3g4Q+nYSCDcHYwkkspDOPJ9UgUklsSKUgUkkAMXJSkkgBFOSkkmBE/ZMbm6SSBDAI9PFVGgAOMDQG4Hhx5JJJDN3s7tnOMj4DudnfsVouxBgAm+22aQRBHgkkkNGfj3CAG6aDyM+osR0Cx31ybk6CAPnHzSSSGCFd1tANJVplam0RE9TqkkihWf/Z');
INSERT INTO [dbo].[Products](ProductId,Title,Description,CategoryId,OfferId,Price,Quantity,ImageName) VALUES (60,'goat meat','this is goat meat',7,4,500,1,'data:image/jpeg;base64,/9j/4AAQSkZJRgABAQAAAQABAAD/2wCEAAoHCBYWFRgWFhYZGBgaGh4eHBoaGhoYGhoaGhoaGhkcGhocIS4lHB4rIRoYJjgmKy8xNTU1GiQ7QDs0Py40NTEBDAwMEA8QHxISHzQrJCw0NDQ0NDQ0NDQ0NDQ0NDQ0NDQ0NDQ0NDQ0NDQ0NDQ0NDQ0NDQ0NDQ0NDQ0NDQ0NDQ0NP/AABEIALYBFQMBIgACEQEDEQH/xAAbAAABBQEBAAAAAAAAAAAAAAADAQIEBQYAB//EADkQAAEDAgQDBgUDBAAHAAAAAAEAAhEDIQQSMUEFUWEGEyJxgZEyobHR8ELB8VJicuEHFCNDU4Ki/8QAGQEAAwEBAQAAAAAAAAAAAAAAAAECAwQF/8QAIxEAAgICAwACAwEBAAAAAAAAAAECERIhAzFBUWETIjJxBP/aAAwDAQACEQMRAD8AxtF8qawqMykjNK4GUmEfdcxi5pTw5SMSERqZK4OQAXOmOehOckalQCuKGaiK5qEWKiWIRJXPYlITigaINY3SNdoj1acpjKcK70SdGy5jYR2tS02FxgAk8hdIpMkYamj1GWRGYF7AC/KydM7mt10sSrnh3ZmrWGbMxrP6s4dPkGz84VLjk/A6Mm6mSuYxa3F9mmskMrse8fpAP1kx6rP4iiWktIgg3B5qZRlHsGQnMTGC6mFqF3amyRwKG96MAgVWIHYrKiKHqKQllFDslF0pC1Aa9P7xKgseSkD0N7kFzinQrJZKDUamMele9FDsexya94QHVLoL6irELHVHXXKKaiVXiTZdwmOCVhRcqxKsA1K5GaxDeEWIaSnAJrRKfCYDSE9gXNbKcGpCscmuTkNzkDoRwSAJM6Rz0wSHOAQnkJtStCncOwpAFV4ufgYd/wC93SdBv9WkUleg+E4O9wD3iBs3d3nyCtKDDSAOUA9Wi3LyK1vZ3h2emHvhznb6wOSn47gAeLjbb5QuhcdK0UsVoyFSqKrDnYCdnFoO39Wo22WaPDsTTcTTlrSSTBlsH+2P25rW4fCOpPkk2O2o3EiYIt0+q1PDMbSecrwM39RgH1Vxi329hKvg874e97fjABJNwIkgAnbTRT34Nj2hzxqSMzdRGkjQ/wClvcVg6AdnygyLDa3IaKg4u8WY1gYNfCAJOmqJQq29iTvVFEOyjntzUnh9vhNj9lnsTQcwlrmlrgYINiCvW+zVI5JIIn89lSf8QeDBwFdg8QAD43bs70+nks5cKxuJMqs80e+EIPkotWmdUBrFziCQEwp4MJrkABLk3PZI9DcVdE2Ha7ZFIUdiMSkxnCmmOClUxKFiAknsGiP3aG9il0zIQqypMCtqarkWoy65XYqLlqeHqNTfIRmLFjJLNEyoxc10JQ5IBjWJcqUlNzIAc0J4QC9J3qAHvKE4plSomtqIopDw1NDHOIa0EucYAGpKIwFzg0CXEwANSToFvOEcEGGZnID6zh8WoYN2t/c6rTj43Jg3RScK7IluV+IIJkRTF45ZufkPmoPFcUHVnibB2UX0DfDoORv7rV4iq5jS57m6GdbR+y85ZigXuIglzieZMkmwBWvLDFVEuEt7PXeyWOPctBIkezh99VrG1g5sheGV+NVMNAeMs3ADhmE6EtFltuyPaMvAzOBH5/pdMKcUvTGT2WnaHAkHO39Rg9Jka7Tb1CzTm5Hb+W8z5T+cl6FiKjHsgESRoVjMXQGctj0mPOFMo+lxlqgDuKOaILnRzHqb6RBn0lNZjMzwDFvfrHS91WYtj8xbEDUZgbncTGqgteQ+S4AaTluDJ32H++qltoaZ7Dwg/wDSHRZjtRxjLLDuCCNZBGgG5Onmj9n+JZqDmyMwj1WDdi24vElzZLKbiT/e9swQB+luvU+V9LSVkU3KiTR4M17GuMiQLbiRMFI3grJiCeswrJmKLjr5olYyudqPiN1ApTwenPwkf+yJU4FRI1cPWVIqN8yhveRoVncV2hvjKSrwC/ge09DZRKvAag5HyK0DGEmSiEHYIWL6JfEjKOwT2ahLkWmzEaiU0sJJ8LQOqlxD8Zm80IFd8rT1qDDqxvoo7sNT1yBKqD8bM/QcSn1mdFfUmMb+lqDXxDRoAk2lsPxMzdQGdCuVrUxt/hHskTyD8T+SLSaQFJYU2E9hUszoK5A7xGe6yF3aBMQPT5TG0bp/doFQmVCc1HKC56ENiGmuNJGYUQhMEy07GYPPWc8/9tsj/J1h8gfdb59PO0wbxb881nuyeEcym53/AJId0ygwJ+furWlWLSZE5X3sLTAH1C64frFDqyL2hmnh3gyZadyJLrDQ9V5VhKrmveWEZr63tf7r1rtQycI9x18I/wDsLx57slU2gG8/b3VcnSaIXdF23ggqeOu6HRfLN9NS4mItYc1XseaD5wzyAD8LjIP21R8hdADjGmu2qL/ywENA+/5EfNc8puO0aRipaZvOyHaB+IDWvbleOp0EX+atOJMh7SZkjUGPrP5K857PY7uMS3XK8Qefy8tF6Rj3l7AWG0g2EyOczourjlnG2RKOLKXidBwiYEiZy5Y9dz7KjewDxEi8aGRM8tlccQquLZm3M8xE2FgqknOCCbelyJseSym6lRUdos+CYoNlkkZ2uAMbm4+f5dROwOFY1tV365Ai0Bl9PMg+wCisdlLTYOEECdCImOkBW/ZiiQ+s+JDzaPPMfqhdoomV6AY4jncHSxS03sNoU/i+GL2Z2i7Dp/aTf2+6oKVQg2WU3jKjeO0TajRNtPmg1qBiQEkk33R2PkZc0TtzU9j6K9pLSnB4jRSO4mYAkaqI+gAZFuYlKmg7AV8QZsLIL8VA0hPfO8dFDqku1WUpSKUUNfiuslR31nE6p7qYQ3NAKi7Koa53NR3u3Ukt9U0MA1TTGQKsSuUzup0C5VkiaGimmvEJ7akIT6iujhyCMKLnUTOg1KpRRN2TjVCQ1lXNqSiAO1CeI0yU56aKabTRAdFIw7GqfwvBd7Uaz9Orj/aPuYHqoLVtuxmEIovqR8bgB/izU+5PstOKOUqZLdF9Uw4aBAyju3CBezYgQoWKaPE4EBrmAgi8OG/norriAytYQNczSfNpOvoqKu/wNgiRqPOPfZdczSA7EFtWg5gNqjQQdmvEEE+cBeUcawTmPIcIc0mf3XpGDxoaXMNhmtIt4rx9Qk7Q8BbWpue0Q5unW8QTy0TTyjRE1TtGL4Jgu9YCD4htvZWNDhTw/wATTGk7C31Nrqo4I91J5a6xa4gjqCQfmF6E4gsa4Qed52+SzjGMlTC6ZguK8NyvDtIO1uup6/RavsjxHOwMcSXDrsZ/lA43SBYXR4j8IFz7eSp+ztQsribai5uI87c1CuHIl4aP9o2aXjWGgum4O4Atve/y6rMsflMnnutdxjE+CA0SZhziAAIPz+6xjHQJ5HX8+qf/AEOmhcS0HqmHNcXdJA56fTqtH2TIdnYT4pGkizuXqCPVZDE1rFvMekC8nlEKV2R4waddhefA7wOdykjLPSQFMXtMf0em4VgzObtuDy5dVmuKYAU6jm/pmW+RuL9Lj0WjY8d4fFY+v5dRe0LA5rLHMLW5HTz0PutZxyj/AIOMqkZ431EIlSoC2PmmkeGLgzrFvJNY2wNpGoXNTN7GhxABkzpOvui4mnYOGpFxt6FDr6Q243Q2TAzElh5ahCXgNkSuz16KIWjnPmrIYe5AObrv0UZ1MQQfCeexWUoPspSIDo6Jp6GVOfhmxIIn5JndxqAVk1RaZBfJ2hdtzUl4A0CY+nPT5JWBGjouRDItPuuQBU1E1glEqQnUxC6jzL0MeEF1ObqU9iVjUWMiUaUOVkykIQ2sCM1tkmwIz2wi0WIOIdBR8I8Skhthm0nEhrRJcYA6my9Y4VRbToNZaGgN56DX1WC7P0wamb+gT6m30lbTB4iRLSDliWk3INiI22M9V2cEajl8kt7ok8WqAMZ4iGhwB1sHAtk+pCwXFcY3DFlVkvY7wuEx4hcm53AMdRut7xIg0T4DJu1pguOUyfTVebcRoQatMvggOa3Mwn9QcwDNbNZtwnyFxLIcQoue5ucAFsGQRBgHKbc9+ims4/3RDHua8mzDMAn9IcQLcp8liMBQxLnuDWSZv4SPdwsAtQzh9UNh7WNcPibnJ6gzliDzlHHXYpOXwZU1C6o8uEE1Hkjl4jZaThXENA4yP3Cz1TCPp1HsfGec9nZhD7iD6pWvINrLNSxYdo9HoPY9olwAAubX8vVZLjeDa2oXNLhFwZtGvsoeE4hBGYktG35+XVu5hrg5CCY0N9tlc6ktDi67K52Pc/wyCY5EwNLz9UtGiXwCNhJ2nzQuGYCozFhlVpZnYYBIMidZB/IRsQ57WPYwZ3sJ+Ws8gs3FySbKUsbSB4ikGA6HqLquZgzLXSfFMiNwqelxhxfDpF9NweUK4rcSuwM2jS/yTUdOxOWz0Lszjw8Q6XFoDdJJgK0x9NjmkNdmBnTUERz0WZ7CUwatQyZGW3LNqPOQFr8dTk9XAjqTH2+i6IrVMly3ZnDRIlr+cj85odeBp89k4OnWZG/MdZ3XOpyBOn5C539HSQWtvO28I9Klafy+/kiOBEQIO/VPYXHw6SD6HWFKjsbZCDgPaPVJ3YLb2jbkj08MSRsNfIp1Wll5HqEsX6FlYWxYhDqMIspdRs6a/VDbve49x5hYSiWpEFzDt/KaNCpLmxIB6+SDnMzadCsZRotMDl5hci92DzHkuSoqzMnVIxxDo2KO4wEAxK7DykyY42QjUsmd7IXWU0NOh9Cvop1N4VeynuEUvgSkyotC4lkoVEXXOqlPoPR4D7NL2cu945tGvqtXw8CRBcALOAkAgyPYGDIWT7MuHenqwx5iDbrErZ0GWiZmJ959N128G4IiXZdnCkNdBzOI10m1vRZ+rhWPebteS27ZGYGIIym6u8JWLW5PDyAu4nqSTpCqMdgqb7uYC9vhLxtOhkGR/tXJFRZTU8cymHMdmAAv4Cddz026KDX4gHgXBgQH3ymNPFsY2MKzr4B7yYJc5u867TPUQqHH4ADN4ZAu6Nju4s/dZq1EpvZneK4kmtn5NDT6T902ligbKPiG+IxcTrrsFHIXNb7AsajOSNgMU+m6WuItGsfmqgUKzh1RXVhuqjJJg0zT4fEGrIDh3tK7L/E13xAE8/qF2A4iG1C8izrPbFwTrbkVlX5yQ5jsr2jwu5jkVZ8L7QscYxDMr/6xYk8x9l0cckZytkntX2WbUPfUQSDeW6jzHusgGPpuEunLoSC08vUL0M8VaAQ1wcD1vym38LIYmiazztAN9iBp87I5ErVDi/k2n/DNhAe8u+PabmCSSRstu6pcEmbrzjsmHMe0NMucBA5A3vB2W6LwByEGejhqVpD+djfZVVqYa97RpJHzsn0qd7n08tECjVL3EzqVNc0iQNSPoudbOhkeu4OFjbZDpggga3kqS2jlgkQT7IjKcHMRBn6p47Czm0YExNrn+3aeqFiaIAt4h9FIfUy2Ghn06KFiXT8OoGnkm+gRBfMnkfZDfRJEtg851HqjVGEgcuSR4Av89/VZ4lWQalMak+23mgPpj1UzE0r+G/8AEhQe9zWiD7e655xplxkOHRInsFt/aVynAeRm8VS8M8tECLJa2K8Ci03krVLRwUKAeSK0pzWhdH1RYwzKlkr0Np+SPFlJIndgCSotSpBsimpso9caqkNIseE8RdTe14vlIMcxuPUSvUKD2vaHsILCAR5Eb9dvReLUqxaVquzfaY0ZY4/9Nx88h5+XRa8UsXT6G0ehUa9yLxqTzO8dIQH1yx7nODnMcPE0fE2LEiOXhPuooqggPp+JhvIPy8lJDvE07m3uLb/4rs00T0Ex2FaGtey5I8LgdQdZIOioOIUswgtyRdsOLgT1JAg9NLrT4ZpDXMgQ4yNbHVwvp02VdxCiYgmwMafbeVnKJV2eY4343RzN1CeFPx4Od/8Ak76lV7lxsa7DU0yuZITmlEYy88tOp+yktEpmFLiC23U6eqHj+HuDZc05To6Pyy0PA8HLgXXjQbevNXOJ0Nr/AIAqhaVlOKZ5eGvZ8Lz63UiiMQ+weGidtTfTqthieDUnAw0NcBsTr1Cu+AYejTaHtpDPzPijb4joteN5OiJRcRexvAjRYHvJzvFgZkCd/PkpvEnuc2Gm0mQDzII9iI/lWT6ngMiYmBMQRMgc/wCVlWY81HAAEQZcbaDRpjUrolSjRMf6LTC4YCxtN/IqcJEWB+yiZ5sNdZ5KQMRlESJhZxpGkhKm14/LJ/eiL8vfqo76g9/wKMcQWuJi6b0KznVHZo5bc00v8JkTvO46IeIcHX3QXPj7cj9lm3Roh9F8/m6TEDfRAz3todUlaoTaSpy0OjnVTMnVRazAZO6Ix5I5hNrCIOqybtFDKTCRy5rk7ITdpkJEV9Dsxjm2hNw7CCkZUvdS6bhyQ9HGNY0kp1QZUrnLqt0hWMY9P71MYyNUj4CClQx7o90xrcxKXEiydhqJiU/A6GvojVMoCFKfTJuormnmknY10W2A4s+j8DvDMlpNj7aLW8N7QMqCHOyuIiDA9tAfl5LC4bDk31S1mAFXHklHoGkz2Hh2IabEgzvp1g/dP4nQBbJHqN+S8ow2Mc0CHuEaQStFwHtOZ7upL2OgSbuaSYkQLi45RC3XMpaZNUZ3jNOKj/8AI/VVbmq87V+DEOESHQ4HYg2PzBVM5srnlp0NDGqViBAyjoP3QWBGzTKKspM2PDiMjTG3+l2JxALi0aSB7KJgMQe7bPLToEFlaZcOp9SiUqWjWOydiKgIkJMFiCHEagjSbGP3UVlQESmimHWIn5eojQrOM3GSaNJRyjRoMRxFraZJmTYDcyIAEqtwTcjWt3Nz5nUT7D0UKlhmsd4Zvu4lxvyk2VphqeaAdfsuiXI5PRlGGPZJpVd9+SdVaYBJ9AmtpyYjoPspFFtshVJjaIorkjomvrjcTFj67pMTRIM6DT0Krn1croJ6T9FV0ZliXk2On23Q6jJFtVCZipEcipTKtvy4UOmUmCFTLYjRJWPNOxJzXCHTozF4IsVm0+i0/RMMNRtz5FPyEao3cEXED91xdLSDsnjS2Fgg0An7pUQAHWy5FBZ529l7JW1IU1lONdVG4jSgT9FKd6OWyTSqNKG8nPbRVtJ7tVYYZ8ocaGSntkIYpHU3Rw68JtR6kSsA9t43U5tgAq4EgyjMrTNkNDrRLcRv7KO+l7rmVbwpDQD6pPQk6B0HxKjV6eZ/RGxByrmPkBP7HbBEWS4Rlz1SuplPYwtQUhmKe9xaHOLg2YnUA6iUj2eEFTTQmTzQ304EJx26YnoggJ/IBK5ic1kJ0Fk+ljMrIGwQziw3w9FW1ZUCrVcSpxyNYyo1dGvyUqlUEzO6y2GxjpjePeFaYarmE/JZyi4m0ZJmhY5rjCm4asBBnf8AZVeCabGOp5qRiGFpEaFaRbSsTLR1eZjzTG4kiDzKqe/yu9fqiit9fkqzFRoqYDmxqdY6FUXFMPDjax+oVjh6xBB6I2LYHtHPT7Fbp5IzkjGd6Wugc/5VvhKgd+6jYzDZXwRt7qVg2w4A6JRi7IcizoUQWlsab/sk/wCVg3UrCTIUnFU8w0g7rbAFIqmNvBuAYTMTRgaeR+6mBkX2KR7IB3GsdFGOh5bImHpSLlcmmoW2hKppFZHn2GxAddD4m4wI0QKVMsPRWLGNIuVg6TtGJCwNEEaKWGBpsiNoBuibVZF/VS5WwFed0tGnJlDeQ5PpPgQgdUEqN2TGNiZ90gEXUiowESkL6AtYDPVGZDVF+HXROa+TshhQld8hJhniT80XENBsojWFptumtoCzYUr7+qGwzB6IjqZaFPpSQZhsE2swkJjH8kfvCRolk0wpshQky80tQFrkoK6Y00Q9AqtNV9WjqVaxKZWpShx9Q1IophwVphMTpJUOrRQQ+LKJRUkaxlRu8Ni2saHag/TdSn4lrjI0OkrC4fHFog/gVphseBYG23kpbcdGiaey8xWEe7xN/IVe/FQSDYqyw2PsBqEHiNAPuBf9ik4qrQ09i4bivhF4yn3CvuFYkPcI3C8/rMfTcAdP2Wj4TjGtLTKqEmpbFLaLntJg4a142VdgqkgHcarQY/EtfSe2QZbZYvC4rKYXXaTs5mbbC7X1+qtmskXCzeAxLSOqv8PXkD6rdElbiaMTG/1UDvi25Fh9OSvMXTm+6patIyQNOqlxHY9tQHa21lyj5iLLlIWeaYN2YwVYNw8DVIuXDLsfoKnXOh2UrNIC5cpYmQC6HQjvYEi5NlAm14Meam0KkrlybWhMbiGzC6hTg+S5cpBBqgslDARPJcuUghlZxGi5+KOVcuQjRdFlhmjIOq6g665co9GDx1OQq1lSLLly1gyJBWOT3vsuXLd9ErsiVbqvq07rlyzXZoPwlEPMKQcIabokEH5LlymT2XFaNfwemCwAgWVgaAv0t6Lly1X8oPSFi8A14gqrZg8maD8PzHJcuWbRRI4jii2nPNto2Wcw9YzJXLlcuzEv8JiyB6K8wPETpdcuXVBmbLSniSomNxOW8SuXLR9CI1V8FcuXLMo//9k=');
INSERT INTO [dbo].[Products](ProductId,Title,Description,CategoryId,OfferId,Price,Quantity,ImageName) VALUES (61,'sheep meat','this is sheep meat',7,4,500,1,'data:image/jpeg;base64,/9j/4AAQSkZJRgABAQAAAQABAAD/2wCEAAoHCBUVFBcVFRUXGBcZGRoeGRoaGhoaHx4eHSAdHSMaHiAeICwjGh0pIBoZJDclKTIvMzMzIiI4PjgyPSwyMy8BCwsLDw4PHhISHjIpIikyMjIyMjQyMjIyMjIyMjIyMjIyMjIyMjIyMjIyMjIyMjIyMjIyMjIyMjIyMjIyMjIyMv/AABEIALwBDAMBIgACEQEDEQH/xAAbAAABBQEBAAAAAAAAAAAAAAADAQIEBQYAB//EAEAQAAIBAgQEAwYEBQMCBgMAAAERAgAhAxIxQQQiUWEFcYEGEzKRobFCUtHwI2LB4fEUcoIzkhUWU6KywmPS4v/EABgBAQEBAQEAAAAAAAAAAAAAAAABAgME/8QAIREBAQACAgIDAQEBAAAAAAAAAAECERIhMVEDE0EicWH/2gAMAwEAAhEDEQA/APTgaWkFLUaLS0lLQK650lLQc6511dQc6Fj8QIBn996LTMQMUFP4zxUoRzgZgL2XzrPylKeIMTDg4kIpM+Q1tV5xuFMRJMQZD4cOIYPn1NQMPDxMKOc4eHhki82SQT0A22VYpUfxHDw4YBlCM4jIQTa9j8XU+dZuPGwjgYUZZxKEAgIsNdu9F8T9oZCWLhmMhmiRIMANEZr6NaVnYcdKMIENRXdrvS9ppoBxMMQYuJGURGMcMZCEZFkkC9qLwXFyhPFGGRH3hsLKOYAWO5rNS43PIxk/dzbAV5C4Z8idKdhY7xBETSIIkbEAeeulE09M47i8mHAZgoAMAakC3o6zviHFyxpZoG8QL3D3QFVPFeI55SlIlK1lfyofBcdMSzRsgby3drHrrS3apvHY85SzxMpyEGQr5SEb6VP9mZ5MLDxplicmgAzJJ9wALfOofgmHMwxCQOY5ASdO3U1N4WMeFGLg4hDgB7olEqVwgNA3H0pGWrwPEM04mSjFEps+p0qF4j4vA5gDYaBi5rIzxs8fjlbQDYG7NMhixMZA6gMPc1LlWtjf6qSFjYkx8ug7UDh+LjLEBMMwlORC1NgNuho5woy5oxUAIsA7q+u9N8N4gR92cgyjMpdRKSL+lZgk8ThShh4jIQkIxYvzEW9bVaxxX8RFgAGO2lUXiGMDhiMXzTiyXrmCv5UzicTM73EgF36vetb0ix4bxH+JEGNl661Z+NcVHFwxKJBAYIOvQ+VZvhsOZnKQvOIC0V6n8XgTlGU0BKMCZRSZG/c1ZboVvhc+QxZCMmzrfTypniE5e8wnrHXewNjVh4JhCWGDrOMLDQyErl9TVf4rjjExYEhCGHISA11CB+tTSicfxecyCbuD5K4qFwONL3cZCRzCU7joSdq7AImCxm5ZZQJJDv1pOFxPc4MFOXMAUQLboHpQabxTjD/pDL8RIjJX7ggb0bhJQjhwBiScoZOulUeLxHvMOIzjOZX3bSK9a13/AIRGQBkbgAHXaty7Z01FdXUtVt1dXUtB1dXV1B1dXV1B1LSUtAD3XNm1qg9r4T93EiQjzd+n1rRymqxvthj5pCOYADUfP5VnLwMLxWEJsESlIi3V9fKq/hpD3YicxkCQVZL71bYuNdxllP5t6qBiLEIIbuxvWJ4IhTJjPKWBmzehp0yLJPMn+9qkSxB7yNvwkH1rvcw95DlKlPQFWX7Nb2Js+Bxcw95OJjlZylvpda1N4bhz7tmMRAO2760uFOHupMyi5KJJiAJArzIVSOD46UYlSjMkzcSDaKQkdgDWWbUn2b4zIy87AnCI0Zd/lUbj5yxuNwzEjOYT10Q0A8r1XeGxxYxMmYxSBaBAFwO96J4Zj5OIhMglwmIBPm7k+tVWnj4dBEykBMYfIY3D1R79qBxmJA8PExhlxWGz/TV1S8V4pLLGJFozfQ+q2qRPj8KRiZw5hOOYAH4R33qGkmcInh892DKWKikL+r0qNw0Z4mJCOHEgZIv/AHC6Q+9d4hxWUTwcOCw8XmjcMOx9DWg8P8Nw44E8SP8AD5+VEggRUU31FJNof45wohLh4cmY4maRAP4YlsdDVdgcKJ4maMULuxAbrQcLwxxMXABBAyYkpkkEykMsdtuarnH4aEZArSP9a1rZpmcKeGJ4ssQCMTKEcwATAGu4qN7ScS4SmMvwkOFwbbu4NEh47giGKFEk4s0OwVzWS8Y8U96MT+GIlKJB0qW9aGqmYR4fCj7siWWLdjpqFWU4pHiMTDipe8jAZm8oZf3o0fGDHDEpkSnhlQeumhGwVU+FiyOIZkqUjsNPlU2si+4jhjhROUD4Dfps6Jx3CjE93hRIxQYZokWPKEWOl6i4HEzEJhxyzAidmH33pOJxsL/VLPLBh7sqXe1g+tIgvh2E8XDF7zAIatm6babVvuM4GRkxOyryjD4uUMWPup5yxlJ1Qev1q3x/abGJ5s0SLKItbpWpdLp7HXVGjx+EdMSPzFEjxUDpOPzFVRagw8RjmRsGhRZ8dhjWQrPcT4th5kmGx2W9Km13xviIhYakUzguNzFAg9azviuNnj7wzIsDBbv+qo/guEYYkJBkEEEyqpy7a6uqPj8XDDhnnIRDTdqhcd4/g4ZAM2TtG9S2Kta6q6fjWEIxkZjmS9ftUTH9psGM8gLRAJ2puC4xwVa9ZDi/ZqeJMnELEicoB+prT8Nx4xGRGeWyJiQ2731FqSfHYYciwjlva+u9TK463WpLeoyXG+ysQzkiQNGS/Wsh47wEMOUZQCI1vtW68W8R97CUcMTBdmY3+Uj9VWH42V5RkJNBZrL9axyxt6LjcVHxERykbD5k0ybJgIgROx/WuxA5iI6q1O92WBIku49OtaRKjwWZAyBjaR7Hei4/ixgTEC8giQgx0XTeo0pZR52oE539KGlgcUmCBK8/SoOPimJgXpI2fXWo8JGIsdaDiTcWdjSRFnicZ/nyonD+JGF7N9LaVTDGKLrjO1OKrzA8QgHM3LGUbAsG3StP7PQ4nipgYkJf6fOSQLA3d+odYfDxEI8o2N9xXsvspxUZcNCL5oxAl50k7SigmHF6OMcEIAAZc0v/AOfpVR7V8ZPPlwpN4ZcBd32O1XRnH3+NIrljhRf/AHS/+wrL+N4+EcQywyXGE9CnfQnberl4GLxiIwBJJEsxSJRdReJhO2UMFJX71pY+H4uHlyEHNESMZx3N6o+JwzGcTLlEpS+E5UQNqzDaJiQEjpKOImiyCqTCJkHBsZiVt3q0xOHOFD3kyTLI4mQR0SehFUnCyUBIElHmAdmUGd3VWUHFuw5C4T2ocZyJ5pyJGm/32q3HCmc8I3zTlcJIAE/Sn8L4TmxcWMhKQiQBKJGpuizV2WqnEJBBle5exPyp2NjF2JXnSSwJznMIkRktjuhejcTwcwVIhodKEraDiKdDiR1qrE7LN6mmjGOwzdwq8unKZ1dxxh1pffDrVMXuh5v+lEEjq35XqaXnVweKC+K3Q6UWHGSGkz6GqE4+9z6E/aklxJts9GL/ACq6pzXuJxOeIgS4i4B2oE8GH5RQOG8VMcM4Yw4c0nOU4iRIBCgL8oQN9bsKuyZ2cItaxNpR/wD2H7vUts/XTzOu0k4UCACPqauPZjwzDnjZyP8Aph3LubC3bXzVZb/UZWJSDGo0Xm61vsbwuIJnFkCIrKIosmSLIOgADvfTbXWG+UZx7vhrcbHEdfTeqTxXihKEg4idwJIMfy763FP8W8RUjhx5TZyuENdtqyvE8bizxMowyImUYxJI/EQLjV3ddLbbqus68HcBhYmK/dyw4i3/AFDKGbqjlI6iq3xPhTI+6xFDFABBzRkCDu4n4SrfatFxvAiMLAZtRdEr72NFlweFxcP4kcuLGKjNXI6SK0Y9Klxsul5SvIzKUcQxIUhOWZ6urPhuDxcRHDw5zACJECQCTuUgXWi8b4fCwVLFw4yxWYqURfKAc0r3ABATud1Ufg/FMdSMZiEZAI5WUL8o0hHRDSwQVLn1vScZO8qy3EznGWScZRI1jIGJ+RqLKavW7li4WLhShxP8SQBOFLKBKMuki9CVcVVz8KwD+A+kjWp8k13HPLLGeKys8SklMqtTLwPhz+Yf8jQ5eAYJFjP5/wBqv24s84yspUuf7KtL/wCXML/1J/8At/Su/wDLeH/6k/Pl/Stfbic4z8sckAWtWw9nvGMPAw/+pqHc3HYCqs+zkNsWT7gUg9nemL/7f71Psw9nKVqfCvabCl78Ykh/EmA+wiAD9KrOJ8Sw5ZyCyY5W1c2+VU49np7YkfkaYfZ/FH4oH1NLnjf03Gp9oPGCCMsYuMY6HoKyXF8Z7zFwi0QWQdrj9KkcT4XjSN8v/d/aomN4HjNiMSO0hUmWPtdxoeL8QOJhYpxCMsYEQiANeo/SqHwjDPvRCJGWxkT/ACh79yKTG8K4hLK7fmFAw/DOJBYgfSQ/WrLj7Ovbd+Jyw/f8MxAyhhYkpAIXUQPvVJ7PcdAY2PKWUCciFY6A3DqjnwnFmWbLLMk8w06a0H/wniAz7s37j9avKe06af2TwoZOIJRzTAykJR1sdk6i8fgQOLiZPhEkLjoKrfD8DisN5YEPYr561JwuCx5OUhcknWpcp7E0cKQ2JS7FfbSnxwx0Q2Gn29anZGREC72L/wAU06M9UixsWu1h8xXl5VjSLPDOhC/brvdgF/apT0eo/ap+SJBLsPmX+36U5GkGUjtQ4iSbfmLegCqxjsOvW+5/rRo+YYYIkLhL+/yNOWjirIW0ADp8MQxkJRsQW/31qXCAIJQ8up6Cu92Awom5DXR/v5VNklnirDh/FoyHxZZR16jqY9bdx071ouF8cwcLg/eM4cc8oxliLNOTvJR1uwh+WsXCEZBgaa+tvW9X3DvFwIYWGjiYWc5cmYkSlmMol6g60+OTG2x6581ykxpMWQJdyJHWu/1Aw5jFlCWJlDjESEXLZkg2vtuvUUMOcZETMtLghAHsP1dOmR1A5SL9bF10ucvcZksdxvG4k5SGUQzWlckgWsCR8O7TNL4ZjSjNg2SIJ6b/AL2VRsXHuwbkALy3PQX3onBkKJY05b72Hq2KS3K9l6iyx/AsLiuI97jSkY5IgQBABldyJOtkhbQ1TcX7PcTGZEcMyBzEGPMEFvtrvc7Orvh8VI9Ux0f+QfWrPw/xH8R6j9/Su1xmXlzs5eXn8uFnCOaUJxBJjzAi4Wx8/v0oO+tesyx8HFQnGMx/MMw+tqquL9k+GxJCUP4TZOQBH52jptbtWLh6Yvx+nns5DcgUwa7/ANKuPHPB/dYhjIWN43BBH9C/2dag5BqPleuV66Y41DnG/wCKXajQ8lbf+1SMHhzK0YyJJAGUGWrP2BPpVjLwDFAnmw5qCBQ1J0EfzG4+Yq90mNU0sQCuhiE6WHRI1rMH2JxSYucYxI5tSR2tYmj8X7FkR/h4kSRtIEW8w2fQVfry9LwrGRB3I+tO31q443wOeGBJEXUhqj2O4KP96rsg2CLrF3EsoE4966OajGGzGtdk10Q71NmqE76hV0jbT1/tTyOqpoPWqEEu1JKSVqdOJG1KqGjTKuz9/vS5B2phjQ0LgZG5HRldX3G7Xo710djqgECfQD7dvShzEnlEib+Vm99kQdqUzBRf9F2d/tUNnSAVtX8zudEA/vTowKDQfRa2tramSjYu1mLjTYJ6m3oSb7R5mcjYXkRygF9v79yB5NGxyBuS+2w6nsiflSTiHadvrffuDTMIz1KvmY6jYd7j92qVGBykFWDtdAobm377UpKbLC5nmit9gGO5dmt9DSSmdHyi3p60OWACizlOj3R36BOjHhghJoMAA7m79AkfMd0Oz4gEEyGu/wDW37+VaL2G4X+MZjQYct+pAA+/yrNQwhYJejv006r51pvYAE4uJL8Pu79HmC+j+tawn9RrDyt/G+Hc0Bc/0D/Ss5x3Cn4fXs/8a1r8aX8XMdj9zl/+wqv8Y4UQjKQD1Po64Zb3bPG3vmtaZDEww9OYxJF0i2I9TfMe3pR8Cd2rMgeRIBP01pJ/EevKunNf0S/pXGLicpuAIvqCnvax+xrtjXHKJUZoLaKHncBfaj4J5vd6EgZvMXsOqvUTEPKSn8RTFyIovqub/tNFnmiECTiTzAD+ZyBl6X+3Su+LnYnYPEysyNyCSdGnYFj4e/WrHB4oiyII3XL5evWqP3mWJVwIZYAa2SI3fX1qRh8UAHlQGYdQEAQOwvl7Ktw2tsb3OPl97h366S2YJF15fSrSHh3DmIj7qCA0T7onU+urPUvI4HiJkPiGpYYHUP4gcr2J32q34bxIxkIyio2AKkdRYoHdEKIO19adLJtoo+7gEBGIDNgk7k084lrLtVXPiY5hE5nYIuQJaIchzDQkN6eRSMgPhmBIm5cpGysgUdY7AIu1TlV4xae+HUPo6HLHi0bHvu6qONxgInPiAPQRBic1yhIk/EQQgP6VTcZ4iSIrMuV5iDKJGYcpvdjfVXNOdW4yNXPFw5AxJGl+u4/UVivaHwb3eacWYzxCYiOzDXQb37DrRZ+IyhIDDTJysr8Q2zBahI65h0VScPjfewlEiL6SBTSNidEwql/rqsZyaY8xG2+9OjYdz3seyPlReJnKWIYyygAnQdNra9dBr0qNF62F9D/Xs/vXnrg4SR26dfl2rv7ft60SSQLZZ8+mnzpko9fyryX7NQ26QI0/apMvWy760qP67Evz79O9JrYXJ+/+aGzCw/360UzPU03GIYWhT2VcYft1TZfeG0ot5SNFoENdl8qZGUiogapDfy06n9qnAzv8OuwZJZ/rEl9wXTIAyMlFgMLvuhvcWHboKaNnQAF9UWyHEn8vc6jypYwlIXOl/IXl9/v3pYgBsC2gN2VY/XqPrd0Yl2Vu+yvroB9hteinGIDMkEMqGWR0F/U/vaky7O3Kwd/RtByW1cJHYhDQv5G1xZgW321p0cEqOkpydn6BsIMna4A2s4G4cVcWA6X2By9Q728+lPMp25gLm4A1ufNAaeTtUecEXYhkGRSJJP6H5Oi4R6FAJ2GpQ22aR6AVUg8JRvIyJTKBTAa9P1W9bT2J4YwwJYh/GQvKITrEYGHGxlK2VmzOVFEjrov91eh+z/Gwngfw3ykQR2JSGmwI++9ax8umHdQ/aXFEMMhqUgTvcRT0unKNN8DxDxHCiMpOcXmPYk5Tp+ULrvvVJ7UcYMTiZB2w45AAHckCX/K+mvLRPY/jSMYQajihbnmAJA7WBXlWeMt1+OnPWSJx+BKOIrg52OwBBD6dPI13DxZKIygMnQkDlivMxPyFXPtBwl5FWNu1yBc7kkgeoqLh8FlM4okAIn8x5gUfJDs6xjfx2ygMcOwtqD1tGRLHbMLDse1JAD3kpm9ssfX4pDyWtWWNCKkQlKx9Wl01qMYa6WhEeRJZ83+tenFxoGMAIkkXzyl00J3/AN0n6UPElOZEtBLPZXEiLB/fS8e1NniEmAiLFk9spR+W39rgx5kQktQEAPzFoeX2AHetbTR/DSzQM5FyiMxKAP5miEQuTTprUmM3YgCMDJImMZZXexYizF6i51VRowMc8OkYArrOMh0sZW9fOu4aAxAF+MGwKJecZeg5SR6RHSrsXY45SIyImYNg7R5XbSwjvdR0qRPGIxZxlEIg5JK+ZysBlOYIx12zHcqlljGMp3+KUYRHWSJJG+ubdJ9KBxE7SAkc05CLaWsX2IUT3IFRrkNx/FYfNIiQyhR3tK6RCXMg7AdlUOeO5QucojmGmgbGi0LsrEUzHn7wyOxAiPKQRfcSzH0NNw8srC8REv1sL9UWR0Ippm3ZMQGQAkRaEgT0Ms0BruBKI8zUvhMQmU84F5E+Y0+h6dRUWccy6Eg/M/EfQv5UeFyXvmt2f01PyolQ/EYiOIUTch2sAdvKxoAwWCDLKLk7ntZhlGpniljE77nytoO5PzqujxDOjIv2DVh5X33rz5z+rpxrjAjcH+ZW1HyDpZE3fVaXF3t22p0j/KAGLbWDRVwSifnQ4TavdkAK3wgg63OtQOhFkjZv+2u1+9NEJaCWv2WnWkhjxBet4kdv6C6+ZpITZDD200sBHvrfW/rQ8nwgEymwjuOtt9RRJYWWxOU32zaEjV9l6UHDxCEgzoLW6a+d6NgiUg8mbu/70CYeGSQfnG2iBMjtECJN5ctx1DFPETyptMHodSu4N/Lcih5u0hYZtQGY5R8g0PPpd+ck5yDmKf8AKBsGD0BFnvdqt1XT4gZgDGWTlJsPwh31AUZkdCSDTo8VIt6yBd9WEydwFL6pA3TExCPwuJL1NiwNmwACHqSizSiBzCIRI6DUk7DSyZurHW7lDhCSBkL6iI2H6uUR/ikgUSjbcmw0Ze2ga/Yfw8QXctvN+URGY2CbUirMxiluyOa0bMlBDozqGTrQEUSpSBWqtzMnRWFkz3N+imMcoTzXZslFkrT8OXQaDbcUJsExBQIHw7JEj4gSzG+zurU8zN2WgAQSbWtazJL8ripoEjMbyUgJEbfFbbdMsdvMWfhXjOJgZIgOALMBZmQADKsSwQPPtVIgEHzLKh5k5SjqTGI31dLh8ShG7LkUbg2BBIfWzH5R6tEy0kHEBJV5ENhAAyGYvqSZLzJ7VZ+yuLEcXhsJ5vhH4kQAegsR92KpMOZGVflC7sAtGxIZ+Whp/D4s4kSgbwUhprG7HX4dP71Z1Vl729J8bkYxBGrF/JXHe6t1oWHwvLmITiImHcE7+o6Xv2qTh4nvsPDxQQIzAmAQCiQLXGxffWj8MI5Tf8RudWd/sqcf6r18v5il4+AjGNwyB9jf6R+dUXE4hAObVRBHQjNJ+X9FV94jAN9GAPMIDub36ms3xn5XqRG1/vr/AIq41jKGniBmhHqJF9gpGUukWIxB3uaj4EwA5R54YkymSwQX/wAkwPI9DUPH4q8iIzXLmMSBcE8pJ6sg7ldGkweIiRMGUlzOTVybhnqZAjoRK9b2mlniTEROe05QjfXNG0RfoQDrrm9G4cREgZssY5XbKREcyPUogE75RubQBiicZnNnjK4K/ESQABsUQOtS5YnMCbEylY7i9nmYGmxv505GkqGIXEHMCQxEplpkjooy/wC89Ki4uJECRN1FhHygCL7yaPY+rp4gCmJC4vMaXO25Ubh6nyFQjico6zmENUIWAP8AzivM0lNC4mJIoE8ykyO0B9f40vlT8CZGbo3bpqPkFH/jahY2Kgcq5uWJ6yQD9bfKpGCCyhZLroLK9x+7VbUOlLKhYgW8w7eWoosTdv8Ab/v9+9RpwaKuiGNrv6WK7UHGxSYlAME9n0PmyP2KbTSZx5icME/mGndg+n9qrMXFiDeJ7hOxS37ffyp3G8UBkgGRYvvsLEd9+lRRji1mLBG5IbR3F4/06rnl3XHLWxvd2gjeWy30srEad7G3VMvLuAdem+hYzHWugWpNxRubi4AZRdie5JstqbwuPaLJySQkOWwaMl6FHrvWdIDjYUA5IDQAIDQXK21H16GlzgACAR2BIaVmNR1766aLi5VHMhKNyxYLmGjVwRf+XQOlgIEA2YA06RihEdbBbAddaqacMV/jygoeQO4IurA6b0TAEAFIFs7D+t6jTwiT5B2YHVX20G7XSpmHIL/qT9Ivy+i9FUTskYEkAnogXoyGM24v9e9Fw+IEQhluDroUtCNDb93NMGHIMhoMWYG1gRr8QK9NBTsPho2HMTKIIy6anMeYAi2YBX01Eq1pvv8AA5ziFmSsHq7l6jTQ/P8ANUjh8UTJjImEpAGepvGQlIyTKC06i7QqIYCJJiSACMpjZMNgMEW06IaUSMY/EgAABkDLRA13fn13N6kt2fmiRYmOrDHSKuE7Ekk2sbXVdKbiZCByxirFltDMg72Dt0sqTEwxGVogm4UrlSixpqFmINikbOzIQEegQiWGAYk6BIkXAsEmOlZkXsSONd/FHlOraduwtKLOgOm1JG8ZHPygBlX6fNgLTUsihxyEEEaBaj+a7d/h+3aicRCQUrqaIeliQfkYq22bXUkm9B4cWsuYMkAooneN9bh6NAdKSGE3N3+ExsSCEX3BEm+x6UWc4AyBWUxaypK8bi0iYkh9CegpMXIQZRD5y5FgnMJEdrkSOi070U8zNyWuUMN2USQDe+Ym9tejDpz5RGRA1FgSGbbWlZgAeY/mj4PECV8rR1IIj0RR1coEBvTqaLJAhDaHVjlAEv8AcrjuTV0s9tL7KeOow4eZQlIkEkAQtEp7gkyQ3PrWo4jCMSBmIDb6DrcW06/evLsOeSQmACYGJMbfgkDlFyywZHQFHavW8eUMTCEgQYyiDEuxBuL1eMyl/wCO2Gf4hcbw+stj9KynieAAiRq3Y6C+29bwxHuw7hCsl41iwkctjbKfTqddLfOmUmNb8xjfEcIiUZSZI0Gl1cl9SGmStVUaUpRw3Eg5VmC+IXZvvcfWrfj8WEbFB6dRu76/5qFhcPGYtMAMp76AHVEFx63IrPJJlDZzAjkgZMEoApmRDLGweWMba+dSlaMso5pARyoyIjZXKiBddA99QYHC5WQQTt5Xt8yfrS4sJiIt8J+TKXzfnV5RDswjIRCEIjMhozlyl7pS9Nr0GOIIli6wyI37BfNxv5V3FRLlmtpm+39D9aFiAkHqMxBHlHUbh2+VXYDPH5hqIpkAlElZihunf+WrzhHLNm3ysJaGQJWm0ft1qmwMAi5aIemkWGfmB8j0q5wZK9gUAd7sgjtdy9O9Xa0bGF+9ul+/nt3tQpSDAkLWevmir7V0SJmI011emx+q9aXGipQ+v76frV/GEXxXg4DEBcTmEXoUNBrZEdEbVB/04JAyI7hnp8RWpuStNPOrTxXEXuy9IkbIl7u269e1Q5yIkSBmEgWke1z15tLamsZS7ctQHiINidiWdzI21JJRNwX1uyqTGgCZAKB7cqBRBSCWVAAbnSyNhzmNkSzZXd9viuiwUGPMsEwDflSy2styrKQsQbJHV1nv2lkRzh9hKMS1K5OnxGO1u2/WmjCw7koE5pNkABRiDuQLAnWwI6s8JQYiAytigUyyRp9rbui4QVzFttAahkK4shpHr87upIh4k8okdAGWrECwAtpaKGo6OicDjnLZG+rEf82X22oh0jcyjdBoLuX3Vtwe9LAQFpgu2x6D+Xq6WpxpnDznzDJKIlCXYyNlFC6ZjfvawZJxOecwSboMh8zAiAWUCIh20JJu6bhsDmBk5dEr/itbQla/DScMG2Li8jawALBN0SRbQavZWr/wU4KgDbmYTBJAYBC/CS1e6uNCUliDeVxe41GoQRICYe7Y1oGNxBIGgYAAFhZuWjJ5vsKNDGccsnl5sthe5A89Y+StdN47Nn4GLmOV5QdSmNLXMrAqT0KjtoG4nECRIJNhAEXJBJD6kkIonrHoghxJONy0tySgN1cnLFLQonqFyjLzZueJkXogJWACIicunYJ3pKs7dGMWSO5OiZAEbaAXlI7dTd0PiMTSbGlr2ypAfIgroTuVSYvGRzSDZJMi9PiJMXGwsNtke1NONA3EmGiJKL1KuSncX0pA+WFNhxiZxIUTqrDe8RHI90ZaamlFhZEMknSMgFu3FJMPWwpPeyleSDJkCSyRe/N1LL00G1nDDgYkt3WXcAX5lzHs+p6orSQL/UgKJyMlAGKzHtqGCl3BfWhYeIYmLkiRcAGNl8RQO4lfcvtUyHCYQgYpZtSJH8QOoVjylAHtqqfCUQTESirnILvu1mloIixvUmUa0TBBkQBqyjlJi7oIZspypO1z1daz2V4yfuMWMjJRnAxZzWkCLeZi/nWREiQTIiRtZmQQCLiDayvWn9kcI5OJkAcqwgGviGckWAuAQdLZqvdawva24fxiRgcMj4ZGLu8ohmvY7senWs54vxQciLfr1NWns+c0+Mi3EGMyusWcp9CD6d6zHiWGpzk5bxlzKNkfWQ5SvK1OO5LW88+ug5QjGXOGSGXIPuCgxYMeQd6ItOYDQ+Z8wOx9B61Fhw7TvYm7Qkmbu55TYWK1vYspZBIWiRYB7gRi0dfxl2uLLfOnLaThSBuimxd3YJQWoaVhbUBGh4nEyAQjIEBl6FWPmDcenQ0LPmsttLO7uD/uI27aaOlMmRJAgD+HXVRYWv4rdgEWBSH+HQxi0QLsG+hWrajez0DomFiRuEckJBLQXio6Xs9Og2IFRJ5xIRIGmh0Z3tpYMjZ96bPHGYRtmuY3CuOjs/rbdk0mSRPiBECI5Qx6lyBJIveQQFx3es7DhCUYzjiRubgmIuMzIBN2x9KqcfxGLuFCKESQdCTEWNiACyh8rsuAcOcwRA3/ANxD5RdAuwMjo0VqXdNTLtbYgMLLS/ehSAIOIEcrhKILXLmAPRgn5GrLxKMcMCBXLCMflG5+hqt8Aw4yni4cYCPvITKSzYkefM1f4Z31uey1lLNRrHuh+5zDDNrFkvfr5i60171DxeFhEOMpb3JT/EZdWBcan5ijcfw5AirXIOzYCD2SP1qLPGy5iSBkyi9kC00GBy6hkLvWM97Z1s6HDGQipygCf+6XR9Ceum96HkwwAsSRBJIzFGRAR+EWCNgreddLDzRWaSuCRIyvlOgXLqzE99d2zUG85iDlkI5hqWgdzrbcLq6nkvUGwcOMS4k5PxGxTfKGLC1l5bhp7gmQjCUbpC3Nokyh113GlBxcSOUkCAkhJkq0QIgHU5hzfK9qjzxpHEnyki5EgNRLljy+RsNFftSS1FlLAMXlJJkGuhR9UJIn7uhYmISbyDFj5j9/40CwgchEZk/DJpxzblMwIT1GmqFAkSypxT2BX3olukmUwI3ABCLd5CUYybJWX4S7q6TLCcIlg8pkImxzMxJOXzKJXf5NOIBMgxL3jtEsKJZvrcdWLKkxsUkGykRbsiWVtE+VwAyHfbH+jTwwS5MgEkAaJcoBFjK65mGHcBU2fEgHkY93czDtlRjcaWAJloDvYUvERkJc0nEXUSJEIhok5mc0iczJtekECrkSBBJFmHmCWbRaj4SDr1n+ro3CxSAAATynJEp8oJRJSZJHc27UsOItMkDEkYyII0BDkxF8wQlqVahRjmOdRJkgQsx/h9RKw0bGxe9ScLCAIiMsQcxMpkGKIMQZAAIEq4q9EqLxEsSSMjmYDBJiRc8hAGiCRCCXRBhwsSZHEMSY5eVEBSOmhXLInyjVrPK5HKYwMiQSPhiXGMSEbFAaWV6Zj44lyARiAZIgaoEkh9o3kr2iLCIDdKFh8DGJGbMwjKMiAMoFoiOgGVOUkTp5nw5iIgwSBIEAI5iwJA3BiTyi2ZJCm8ThxBJI5sxjME8x0llILOQSzWvoDvUcxjFEIPoWED8XzLWorNhuQbDxZZZQUTzDKyhmEewROo+V7KnYABKEUDIOT1aVpW2Nxo15Lh4kdDl5mgwzkGbra9uvyroZAfhSudzLfmZ5bEb2BO8qi7SvDeBliyjhgXkZP4kMobkbIRR882mi2PG8TgcJgywcOYzR5p35iVqe5AAQ2AFYfAggZE2jIZQz8QZMi7hehJ7NHw+NEJxxcS5jiZ5CV3LVkFXYBRIv51qXUbxsjYeA8DPD4bFxcWJjPFIOUksYY+ESB+E80reTu6xfiJBxJgfiIJOp6CA6M83prZVbeKe1uJixjkjkiWFLmMrPMRYDft0arO8RgA4kpTscsgDaWUSBZBHSOguAQ9zW8ssdahlYgY2PixGqBuAmBmBZ/m+HQWAEdzVgcWyk3liSTHKCXzDqQL/CNUENne6CiIRRMYx/LlLMgMwaiRlGzRuhcH+iPMC7BRJI6ADumEL/AIQdKxbKzx9OHEgiDMQCwiWECdieUnXYbnusOPwgC5gO2YGJl/MTvqQSNQCxcAiJi+FxEpHDkRJZRHMQLnIybGVgQcupet6peK8Hxopc1yLbau++7PnW8Jj7ON8rzE4/DKjHLG8WyZZUYRvYAgykCAjbyoMfEcMgRsssrgE3ABt5XIPQCxqj4nwvEwvjHXQg6Ak9rAGo0sOUSkQQHva6dtA7Oukwxvg00PExw3iSEzKMJO5Qtox0IAD7+VWfstw2H72OJzRwsImZzNEgDI+vMY6vQdaxcMScSgSDbR7aD7eqokuJxCFnmp/zHKS9U7kWvshVmBrtv/GfH8IkyhOJ0e6vc6bEAepqy9jcSEpnGmYww4YeIIzMgjIxjp1IjKX99vNeB8NliRmfeRiY/hLMjbNoNkr0uN43jnD9yZKAsldAZcr6dep+kyxmWW5+N4zXbaeK+OYZnKGGVz2GbS0w2i0tP5hQJ8XH4/zgWKPSBzLyPkL1g5Y0nfV/Vv71Y4His7CV4gMRAEbhm8hzC5Om5OlTP49+E3WixMcmDgYiKYtIu+trh2PYiPWhzCky0QImQjtmja5aLidfzWFVGF42YH/pr8qJBAAsGExYX7A1Hn4rPUDLYBRtEBBxCuGWbHpptmfFlGburyWJAfDIkm8WZC8WB5JEW3sdKMOLjaXKDoQkCxqiNdfroGKynE+IYmIQZyzJp3TN/nQ5cZMgB2Ctt/h7aVr6qXG76bBczjAj4bSBRQEssn0sV01sbDxOGxplxjGSsTKYgXrcSiToR9tmc9DxYgxcRIRtd9IhvVlE+ZNWEfG25HCHMSfqj03BrP12JrS0w8TMcmXNJoSvpIFBaAPKztlGjNP4KbhzMDNPlEkyogK1tZXOw1bFH4E/9U//AIolbP3uHD/4zkPlUbhMMTnESDiL5drOy6Hcdz1NZ1HP8lHxMYGXNcAjMLxB3YH/ACkRfcOnyxwRLEm1ImLhbmkGQzsBEA+Ys6AeGiRJv4TL5y+1AwsY5IQsgeiecgSa1sB5bVOllTIYoAzwzNWQzFkEygZMIZYkdy9N3cPiqJMzIszUhsDEshFDLLMYgmzNtKCIKEiNYpetj896n8DhDEOHCV4zkMw6208v1NZ21EXiZRhMIB/iyASyiRNjIAPKHzW0tVPicVOZicMCIfwI8shYgkkgxBJjsbGrWOBCco5oguUVeVjIgmQveT3k6dLFLmAgARFAABEziQtNK1OmbNoEQQNLklq40iMx3Nrsb6UXi8ynESBiTqVEkAFyCkYq0dzfTtaeHRBljggEYeHOQB0JhG2bqL/QVW8fFOQPoggooABWCA0rO/1LNTZMOJlF5TAHQ2GpZ5TawRZGwJ1umBjFHKSL8pNm0gN2SvlC1DwMU+5lKzZGgAAiIWAFrs/0VG8NwxLFiSGVE/OU3/8AEVrW5av6PizNhJymRGBuxFfhkTYEXMj0BOoVAMDEGB1ciW7sti1mQf6DapfAYEZSiJBjPDW+sspKNmpGpUI/wiGVkxpgMoShASBA0FyWtaztZNos4mJlGXLYOJBIkQiCNmE31KARVJC5iS8sWT67jcFBNH1Yp3HBYxGoliYjB00kfvTMLGJEGuaZgf8Abew6Xv51nytvY8MPJcEloxdhIA5cwBWUgHfd6UPGmwZIsgxGVBJO+ugltvtTxIwlFElSis11zGKD2UQKr8XHlmN+n3P6mkjVy6TP9OICNzIyaARtbmIsJXiSACkbkIUsMMIGV3EBv0EhuVynKNuyoWHjSMYEm5PQW+HS1tTROJ5bAlCch5/Dc9Tc3rVnR5PERzHPGNzkAZEjrljvGxIZ6360PE4FQbjlUujzCMG4gfB7wROhudRamcZARxBhj4Thg93KAJR2vI1NyqGJLWUJIE9JNvr8G/5pdknQpsXwzCOcyWYSIzAFZt5FbdwzcFaVLx+BwTKUoxiI5pSACIEWo6DcGJV2dyXULBw/gN3LChiH/dKa+QBsOwbqZigwgCCyRMliJuDY6dzW7kxABwEcsibGYQ0zZXYXuGo3W2oQVbxHgcQTlkJMWygmKOUOIIBkgSXpqdBe1xcVTwhlBM4xky2DINhECx0YOgqccADMWWIxA00cx0uENDbtT7LFl1GK8U4UxxIxjEXhG4ZZJkySdS2PICo0MKQ2G/Sy1P1ramI93HEQzc3kMpsh5W8raUDE8Ow5RRiAotix5k/vrrpewrpj8q7/ABjxhn+371qTHAnMR5ZGAKQCN7lbM9fJ1q8DwHCgDMZnmGpB28v2hQ5QGbDA5RKDIjYCx06Uvy96XK2MrLw/ETlFL9HUiHhUyCIs7gEXbSPQ6+aq6lIhBk31Ouh/QVHZzAEkgWF1bmtZWp9lcb8t3pD4fwScMSJxMpwwXYvMly6bkx061KxsGMsvJFCKDOzJC+fzdWMZPCxMQjm/hbkgvqCV+7uh8O5RBzSFtIyIHydYudrWWVr/2Q==');
INSERT INTO [dbo].[Products](ProductId,Title,Description,CategoryId,OfferId,Price,Quantity,ImageName) VALUES (62,'amberjack fish','this is amber jack fish',8,2,320,1,'https://a-z-animals.com/media/2023/01/shutterstock_1236114520-400x300.jpg');
INSERT INTO [dbo].[Products](ProductId,Title,Description,CategoryId,OfferId,Price,Quantity,ImageName) VALUES (63,'tuna fish','this is tuna  fish',8,2,320,1,'https://a-z-animals.com/media/2021/01/Tuna-Albacore-swimming-400x300.jpg');
INSERT INTO [dbo].[Products](ProductId,Title,Description,CategoryId,OfferId,Price,Quantity,ImageName) VALUES (64,'asian corp fish','this is asian corp  fish',8,2,400,1,'https://a-z-animals.com/media/2022/10/Asian-Carp-Jumps-400x300.jpg');
INSERT INTO [dbo].[Products](ProductId,Title,Description,CategoryId,OfferId,Price,Quantity,ImageName) VALUES (65,'barb fish','this is bard  fish',8,2,450,1,'https://a-z-animals.com/media/2022/03/barb-6-400x300.jpg');

SET IDENTITY_INSERT [dbo].[Products] OFF
GO
SET IDENTITY_INSERT [dbo].[PaymentMethods] ON 

INSERT [dbo].[PaymentMethods] ([PaymentMethodId], [Type], [Provider], [Available], [Reason]) VALUES (1, N'Cash', N'', N'True', N'')
INSERT [dbo].[PaymentMethods] ([PaymentMethodId], [Type], [Provider], [Available], [Reason]) VALUES (2, N'Card Payment', N'Bank', N'True', N'')
INSERT [dbo].[PaymentMethods] ([PaymentMethodId], [Type], [Provider], [Available], [Reason]) VALUES (3, N'Net Banking', N'SBI', N'True', N'')
INSERT [dbo].[PaymentMethods] ([PaymentMethodId], [Type], [Provider], [Available], [Reason]) VALUES (4, N'Net Banking', N'ICICI', N'True', N'')
INSERT [dbo].[PaymentMethods] ([PaymentMethodId], [Type], [Provider], [Available], [Reason]) VALUES (5, N'Net Banking', N'Bank of Maharashtra', N'False', N'server down')
INSERT [dbo].[PaymentMethods] ([PaymentMethodId], [Type], [Provider], [Available], [Reason]) VALUES (6, N'UPI', N'Google Pay', N'True', N'')
INSERT [dbo].[PaymentMethods] ([PaymentMethodId], [Type], [Provider], [Available], [Reason]) VALUES (7, N'UPI', N'Phone Pay', N'True', N'')
INSERT [dbo].[PaymentMethods] ([PaymentMethodId], [Type], [Provider], [Available], [Reason]) VALUES (8, N'UPI', N'BHIM Pay', N'True', N'')
SET IDENTITY_INSERT [dbo].[PaymentMethods] OFF
GO
