/* READ THIS - First Execute Schema Only File, and then Execute this File.*/

USE [ECommerce]
GO
SET IDENTITY_INSERT [dbo].[ProductCategories] ON 

INSERT [dbo].[ProductCategories] ([CategoryId], [Category], [SubCategory]) VALUES (1, N'MAKER', N'MAKER-A')
INSERT [dbo].[ProductCategories] ([CategoryId], [Category], [SubCategory]) VALUES (4, N'MAKER', N'MAKER-B')
INSERT [dbo].[ProductCategories] ([CategoryId], [Category], [SubCategory]) VALUES (11, N'MODEL', N'MODEL-A')
INSERT [dbo].[ProductCategories] ([CategoryId], [Category], [SubCategory]) VALUES (12, N'MODEL', N'MODEL-B')
INSERT [dbo].[ProductCategories] ([CategoryId], [Category], [SubCategory]) VALUES (13, N'MODEL', N'MODEL-C')
INSERT [dbo].[ProductCategories] ([CategoryId], [Category], [SubCategory]) VALUES (9, N'MAKER', N'MAKER-C')
SET IDENTITY_INSERT [dbo].[ProductCategories] OFF
GO
SET IDENTITY_INSERT [dbo].[Offers] ON 

INSERT [dbo].[Offers] ([OfferId], [Title], [Discount]) VALUES (1, N'MODEL-A', 0)
INSERT [dbo].[Offers] ([OfferId], [Title], [Discount]) VALUES (2, N'MODEL-B', 0)
INSERT [dbo].[Offers] ([OfferId], [Title], [Discount]) VALUES (3, N'MODEL-C', 0)
INSERT [dbo].[Offers] ([OfferId], [Title], [Discount]) VALUES (4, N'MODEL-D', 0)
SET IDENTITY_INSERT [dbo].[Offers] OFF
GO
SET IDENTITY_INSERT [dbo].[Products] ON 

INSERT INTO [dbo].[Products](ProductId,Title,Description,CategoryId,OfferId,Price,Quantity,ImageName) VALUES (74,'Car-1','this is car-1',1,1,1001,42,'https://firebasestorage.googleapis.com/v0/b/grocery-app-13-sept.appspot.com/o/path%2Fto%2Fimages%2Fdownload%20(8).jpeg?alt=media&token=b6446c22-de85-400a-b7b9-63ccfc2593b9');
INSERT INTO [dbo].[Products](ProductId,Title,Description,CategoryId,OfferId,Price,Quantity,ImageName) VALUES (75,'Car-2','this is car-2',1,3,400,49, 'https://firebasestorage.googleapis.com/v0/b/grocery-app-13-sept.appspot.com/o/path%2Fto%2Fimages%2Fdownload%20(8).jpeg?alt=media&token=46a481dc-cb4e-43f4-b23a-b45fc13ea130');
INSERT INTO [dbo].[Products](ProductId,Title,Description,CategoryId,OfferId,Price,Quantity,ImageName) VALUES (78,'car-3','this is car-3',9,1,45,40, 'https://firebasestorage.googleapis.com/v0/b/grocery-app-13-sept.appspot.com/o/path%2Fto%2Fimages%2Fdownload%20(6).jpeg?alt=media&token=4326690f-cff9-4167-81a8-47eb15b682b9');
INSERT INTO [dbo].[Products](ProductId,Title,Description,CategoryId,OfferId,Price,Quantity,ImageName) VALUES (80,'car-4','this is  car-4',12,2,60,80,'https://firebasestorage.googleapis.com/v0/b/grocery-app-13-sept.appspot.com/o/path%2Fto%2Fimages%2Fdownload%20(8).jpeg?alt=media&token=b2bff1e0-2f3a-4d21-9f0f-556199e4c98f');
INSERT INTO [dbo].[Products](ProductId,Title,Description,CategoryId,OfferId,Price,Quantity,ImageName) VALUES (49,'car-5','this is car-5',13,4,7000,20,'data:image/jpeg;base64,/9j/4AAQSkZJRgABAQAAAQABAAD/2wCEAAkGBxISEhUSERIVFRUVFRUVFhYVFRUVFRgVFxUWFhUXFxUYHSggGB0lHRUVITEhJSkrLi4uFx8zODMtNygtLisBCgoKDg0OGxAQGi0fHSUtKy0tLS4tLS8tKystLS0tLSstLS0tLS0tLSstLSsvLSstKy0tLS0tKy0tLSsrLS0tLf/AABEIAPsAyQMBIgACEQEDEQH/xAAcAAACAgMBAQAAAAAAAAAAAAAABAEDAgUGBwj/xABDEAABAgMFBQMJBgUDBQEAAAABAAIDERIEITFBUQUGE2FxIoHwBzJCkaGxwdHhFFJTYpLxI0NygqIVFrIzVGOE0kT/xAAaAQEBAAMBAQAAAAAAAAAAAAAAAQIDBAUG/8QANBEAAgIBAgMFBgUEAwAAAAAAAAECEQMEIRIxQVFhcZHwBROBocHRIjJCsfEUFXLhBiND/9oADAMBAAIRAxEAPwDOSiStpRSvYPNoppRSraUUqiimlFKtpRSoSimlFKupRQgoppRSrqEUIKKaVFKvoRQgoppRSrqEUIKKKVNKuoRQgoppRSr6EUIWiilTSrqFNCCiilTSrqFlQgoopRSmKFNCChelTQmAxTQpZTKhFCvoRQhRehFCYoRQgF6EUJihFCAXoRQmKEUIBehFCYoRQgF6EUJihTw0AtQpoTHDRw0AvQihM0KKEAvQihMcNZcNRgWoU0JihTw0sC1CmhMUIoSwUUIoTFCmhLBRQjhpihFClgmhFCa4aOGpZlQrQihNcNHDSxQrQihNUI4aChWhFCa4aKEslCtCmhNUI4aChWhFCaoRQgoVoU0JqhFCChahTQr6FlQoZC1CKEzQihLAvQihM0IoSwL0IoTFCmhAL0KeGr6VNCWBehTQmKEUKWCaUUJihFCllF6EUJihFClgXoRQmKEUJYF6EUJihTQlgXoRQmKFFCWBehFCYoU0IBehFCYoRQlgXoU0K+hTQlgooUUJihFCWBehZUK+hFCAooU0K6hTQgKKFNCuoU0ICihTQr6EUIDOhRQmKEULCy0L0KaFfQihLLRRQihX0IoSyUUUIoV9CKEsUUUIoV9CKEsUUUIoTFCKEstC9CmhX0KaEsUL0IoTFCKEsUL0KaFfQpoSxQvQihMUIoUslFFCKEzQihLLQvQihMUKaEsUL0IoTFCmhLKZUKKFfQihYWWimhRQr6EUJYoopUyV1KKUsUU0opV1KKUsUUSRJMUIpSwUUIoV9KKU4gUUIoV8kUpxFKKEUK+lTSnEQooU0K6lTQpYKKEUJihFCWWhehFCZoRSlihehFCYpRSliimhFCupU0oKJpU0rIm+XtSO0bZwy28SwvWFmQ5SopUwYocJjBTCiBwm28JYMaVNKsUJYowpUUogRg8EjIkX6hWpZSqlFKyiRABUTIDPJZApYK6VMlmomlgwkhIbQ25ZoH/Wjw2ci4T9WK522+U3ZsP+cX/0tPvKyUZPoY8SOxQvNrR5Y7EPNhxHd4CSf5aoOVnd3u+iterHEj1eSmS8nZ5aoX/bn9a7PdzfOBbIdbHNmBN7Q8FzMZVDEYLTmzQwpOckk3XxfJetjOEZTdRR01KilU2a2MieY4HUXg+o3q58QDziB1MsMVmYhJEljCjNcJtcCDhI6KRFacHDPPS4qWWiZIkpMRuo9YRxBqL8EFESUyWDrSwCZcJazEvWqv8AUYP4jfWrRDQ7X261lwf2pSpmMcuzibppKLbGxIYaXUumTec/20WsiwmzLyJuMpH3ykrnN/hmbAXTDgKRlgTqea8eetlN0lSqjtjgUd3zN/s/aLYcoQvFM6sp6XpuzRwxtcR4uMwZ3AHOVwXn+14MWI+CWGUyay0yuleDdIkZJ6O6gUuLnSbmdbpg6zyAUj7Rljivw2viq6FlplJvff4HZ2jbFJk1lQljO4O0OJ70rszaDncRz3ASN0zplJcfYXvhw3NiPAhmkwz5r8Z0nCZmm4VqL6myLZC/MGd4vCf3JuS4Vtv9frQ/pUlu9zaQ9vBr3OdNgJA7NzZg4ymThyvT0fapewCGZA3zAIJvvxXJbQtDGNDnSBAumRK/C48gm2Ww0NdgDjlj8uS5I67M41F2ne+3N8/BLpdvvN8sGO7a5V6+RlZtuWiI5/8AElDBNAAFUmzEuV4nM49Fudk7aigAxrhLzZTcD+YgmfcuXttoLXMaxpJcZuIAB0mQFpN8bFbY7RDgnhNDXPcS90IxPyhtPa5Cd67cGXLPIk50u12/hz5+PPuOfJGCj+W33V58j0TaW9zYUnFhoA7RMpg3yErtPavMt4N77VbIjmQojrPBJ7VBvwAvcL3G7zQQPetfaoFodChMDIzwGtaTw4xM2gNLjNuJvkMp5TKpOxbbQWwrHaMLiWBg6yeV7OCM4w4sn5n07F9+vccGVqUuGPJde1/b9znN4oMJsWUF8SIAO06LKdczMCWQEu+a0xXRRN0No+lZy3q+E33vV0DyebQeJiDdqXtl6xMLCeSO7bXmjZHHLon5M5cIXXt8m9tImeE2X53Enuawqxvk2tOLokJo58X4wwuR+0NKueWPmvob1pM7/Q/I42S6XcHav2a2QnEyY88KJpTFuPqdSe5bqy+TGK8TZGYebWOp/USAtzY/JG27i2s8xDhAEf3Fx9y16vVaV4ZQy5FFSTW9p79Umldc0+V0XHgzRmmo8u9HZbb2w6yWaLHEMxHQZSbOkzLwyqqRkADM6ha/ZG/H2qE/jss8IyAbK0zdU4gCTHNGcsDmugfsOHGezisMVrRKl8ixxAlW5kpE3DHDJbaHs6HBb/DhsZhc0NZ7gteP2ri1GP3nC20vxPer60+qvk9jOOmlilSl12+l/sefxduOZGiBwcYUWNDdCaAJsbwhW2+QzBMpnNXWHfqzvhDjOdDtANBgAOdSAQydYaBibx+VdXt7Y1kj0RXsY6JDuYSO1LEgeon1pGYAunK7OQuw966tPm96uLC014rb912fSjXOMY0p+vT8jT2Pf2E6DEbwo1AJJNJBDTNsxO4kCRON60tv8oUWLQ2y8bENLpA0hri0iQYMZTxOK7Eu5D3+9YGIV0e7nJ3J14fwjS5xSqPr5s1+zrXHfCbDeXUhwxunI3mV2p9Sn7LG++PHenb0UpDBKP8A6N+X2Esif6V8/ua6FErcQ5vm+aRPDqDemoQ/MbsuXTFUWNvCBD3TAE8LgOZVGydotiuLmi+ZpdfIjIXhfMS4nG4npxir3M4sYARb3GTbmtADr8KSblqLNtgMYK3NLwQJFwJa0nMtv7it9Cg/xDSCTM1YyMxlIXy0WusWwgIheWs7TjMl5DiDmWuMwcsFn7pONu367+nwYTfFXIZ+2Q3NpbfVmCJVHTMpuDEpIZSSSPOln3Ja3brF5DmOLHCQBa8dluZbLVO7UgFljJY6caE5oi84bhKd2Uxf0KmDRSyzVNqK3e3yrrfwRlkyqEN0re3rwKTsaG+b3kCWBd2qdZCYA6TWzsOz4Aa2baw3Bz7hPUa+1ctBtJYBEjzcTfDZdS0a06pa2bdiPOJXq49Hjxvjyyrsiuzpbe99fw8Kvt5vjlmnLbGr7/8AX3s9DftSBCwkTo0Ae1IWnbTYhFTWmWAkCB615+Lc4nMrorDZnBs3YnVNV7Tx6fHxRje9L6d/faRsw6GWWVSddvrkt+hv3bUmJENkMpAgKuHa6jJrW8zIABJMYeSvhNPJfOT/AOQ6vdrh8tv9npf23Aly+Y2+kmZa0nWQ9iZbaHJaDDmjaAIbS0EudcA0Tceg+OAzIXkrW6vLmXDOTm9u1/BdPBJGXBih+GkkLWrbhmWwqXOF15unnhol7Ns58U1xyYrm3yI7DOkPAdSqeFCsrS97XRCDItgn+G0zl/GtJk1pni0X4iRUbrb1WiO6IIog2aCxpphtE2kkdicTM/lAvwX20NHnyYlGU3BVu07yS73N2o/4wv8Ay6HlT1EIS2XE+m1JeC5vxfwSRu4Dw6YBM2mRBBBBkDKXQhZt2rZ4cWHBjRGNfEnQwkVOloPE1nsqwupqII4jjEMzIgOAlMcmgLzvf6BDtDnvYWi0wmiJBIHbAhns9rSYNx1JXzul9mvNrcscbfBG6clfFulXS1fVbtdlnRPUVjjxLd9nQ7m1b0ltsZY2QXyc2p0a4MaC1xaJ5klspc0/EfPG86laeztdaPs1pbGc2HQyIYTQ2mIXNBYXE3iVRwxW3DZryNZnWVY6bb4aknyUrfJcltXL92zfCPC38vA5jf6KBDgG/iNjcaEWmUnwgHAHk4FzP71EUWskydDF91zvkjfWAX8EtcAYQfEM9BMkDnKG71J2XIL732FCMNDjaStq337s8jWNvK0awwLV+OwdG/RVmwWg42s9zQPitv0WTWr2OI5KNQNkxDjaoncZfFT/AKIf+4jfqK258XKJc/YnEy8KNlD2ay7sXylMzw9aYh2VrcA0dAFxsTfV34f+f0VDt8X/AITf1H5Lij7Oguh1S1rfU7ubRi4dwCg2hg1K4I73P/DZ6yoO9sT7jPb81uWjS/Svka3qm+p3MW3AC5uF99642zbRfBjPFphupoiXnzYsKIJlgODyHHCYcAJyzSdp3sjNY6IYTC1rXOPZdgBM3zWggeUdkVr4cdhYXTkR2mTymMQFhmvFulvTpdr7/L5mWOsuzfVX08jQbR39ixHFzYMNszcHFzpDIAAha9+91oPowh0afi5Z2+3R4fmiG+FLsOdZ7PEFOQLnQyZjmUoN4HZwLKf/AFYI/wCIC1LFhyLjau/XaZyyZMb4bqvXYzdbK2ha4rof8ZsMxC8ww2Ex7ncMFznSMgG9kic7yMLjKi0717QYGvFpqY+dLgyHiPOaQW9lwmJjmDeCCsbBtiTmWiBCh/aIYcwMmGw2hznOrhwpiokPe2U7sZXiS9p2iIUNsGE1sjEMZ8JxbGhtdTQ0A53TMiTLszJISWj08vzY4v4JlWpyx5SfmZjfvaI//R/hB/8AlXN8oe0R/PaesOH8lpTtWJk2E3+mBAHtommbHta2E/wi8k3dlgI/SGyWp+z9GlbxR+MYlWrzv9b82d9uDv8A2uLa4UG0Br4cV1Bc2HS5pIJDgRccMF7ZaGwmjEUvaWOumRmLhfLEEdF415OtiWkxvtltqEgRCY+50yJOfwxczszAuBvPf222dtw4DDEjPENgumcSdGjEnovmtVrMOm1laPFFukr7974adbrZ1Xid+PTZMsLyya8dtjRRd3o7g2FDDIUGE9zWiJEdFJhCYbTmMpAykLlvd09yYLIjHxnGO+GXOZUAGMJwpYMZZEzXAbV8qzQSLNBLvzxCQOoaL/aF03kk37iWqLFZaGwwWMDm0TBILqTcScCWj+4Lthk9q5ZRlmqGNO5JUtlv2uXTlfijVPFpoWoO5dOv+j07b9rECyxov3Ybz3yMl4HtCK7/AFCOfRh8JvMAsDvaSV6l5RdrSscaVwLaQNZ4+wFefQIsIWq3GMAWugl4M+00mBDDHNGBkWOF/wB7mV62h1MNTx5cbuKaiu/h3bXc+JV4HHmg4JJ8939PoegbuWeizQGZNhQ2/pYB8E7bLU1ouulmcPHJax20WQobWzmQJABcpt9lstXZh2hsBhxIaTEM8pzFI6X89PlsPsLPlz5LXDBSdPq6b/L2J9vhV7npPU44pSe7rl9zU7U279tjWtkEkiGyCxgzdSXteZf1RfU0LvWNJxXGbqbhGzRRG+0FxAkWhgaCNDeTp6l3Qhy0X2mnxRwYo448kkl8DyMknOTl2mIasHeOSyeRgCJ+L1k2QzW8woqdICaW+0jwUttfaMhILn/tr9VUiGtc7mqzFCWLliXLrOUbbaAPQn1PyQ63H0Q1vMC/1kpF0RUuiqAat0V0RjmFzjU1zbycwQuIh7PiOFQbcbu8XELqXxVr48UwyXw4robvynE8wFz58bkk4umb8M1F1JWmbVzrNY4MJkSJE49M3shgGmcyA4kiRlK7FMbIsdntcOLFdUQwyHZhM/D85zmO+8fUuBivmSXEkkzJJmSTiZpmwbRiwTODFczWRIB6jNcOPT4o5HOStteO/bv/AB3I7p6nLKCgnSVfwegwt17HJrqCZ1k1vaGiQDhe2GJmREwMDqm4W6tkpLuE+Yc8Fo4RkGBxJLnQyAZtN08rp4Lhf92WuUjGJvPndoXiRuOs1dB3xtYEhEdjPs0tylLA5XdFulHE+cfkjTGeRcmekQd3bNChcWTmFplSeERKhjiTRDGT7ug6Ln4O/NibKYjnkGN+LguUt29lqitLXRotJulX2fVJaGTdPaFwar2fp89WuGuylfjsdmDX58KaTu+235bnu27e+NitLgyG8tfkyKKHH+m8h3QGa3m+FghW+ymzxBQR2ob5eY+UgZT7Q1C+c2hgvIbLQPv9gK6iBv1Ga0MESKWgAC8OP63Co+teRP2Nmw5OPSZeHtv7pO77K7mzf/WQyr/vW/d19eIWrybW5pNIhxBkWvkZdHAJ7yc2ONZdo0RWlriwsLb5ibmOE+XZB7kk7eqI4/8ARjRR/wCSNEcD/aBd0mUzC3utjWltnsXCndNkN/tMpn1r1McNbwuM3F3fRr5pu67OGPijnk9OmnG/XrtOy8q9uPBhwmzvdFiOlgGsgxAJ9S72Li7bVEbCisBJjQWQrr+0Jt9s/wDEpC0v2raGlrxEpdiAGQwRoZSmOq6bczZ1rhM4cRtAyNTSZHESE1n7M0X9HgWFO+bb7X/FKu7vNOpyrLPiXI6my2QvvvPuW4s1ga28pazuc0AAi5XGO7UL0jQP3KJju8XLX8RxvncgOcc/2VDHpjGUkpbLW1oVNojEDzlyu2NpG/tKpGNpE7St9bs/HgJKvkVrnWhY/aFs4TW5G1/29afuAdXt+BVUXdy0j0Aejm/GS7jjBTxBqnvGPdo4A7AtP4R/Uz5rE7vWk/yv8m/Neg1hBeE94x7tHnL92rV+H/kz5rX2ndG1n+X/AJs+a9UJCxcFg5NmSijyX/ZFqPoNHV7fgVk3cK1H8MdXH4BeqmSglYcKM7PMmeTyL6UZg6NcfeQmoG4AHnRiekNo95K9CMlF2icKFnIWbdCE3Gp3Wkf8QFsmbFhj+Wz9I963hKrdzSi2awWFowa3uACBZAtmGqeGEoWa5tlGaYhWMZ/RONgBWthgJRCqHZ2DJW1huSmQy9fyWIA8fD5qgDa2jFYC0tMyZho8SGpQYTcTcPGCHifIDLT6oDE26eRlkPh15qIm0gBeD9dOiz6XfAarX26IAPd0VIa/ae2W81zFrtdRTG1o1+C1dy2RRqky7io4qoULIxPVK0VpXirExdStJvGzEUF4ShjLDiIQbdFVTnzVRiKOL+3jBQFs+qxB5+pVRIoz/SPiVU+0XaDQYfVCjJi8/Hj91iY518eP3SZjqK/Hz0QDnHOvjx4KOMdfHj9kqHeMgsg76an5dUA6yIdfHf7zermxDr48d614fL5LIROeGJ0+qAeNpln33LEWsnkNLr+Z+SRMWfwHxKkxfGpQD4tDjl4+AUWi10AXTcbmtGJOnIc8lrYtrpvJnMyAGZ0HILGGTUST2j5x+63JoQG2s5di6ROJ0HIclnxPGp+S1joxwBx9g1KXiWkgEz5N5oDZxY5l7+fJaPaduOaWtdsIuqwx6rnrdayTislzMWwtceZVHESxilY8RZ2a6HDEWHFSxirDiK8Qo9NMdYcRLF6A7wfktJuGa0cRLl4GJVZj6fX6IBsvlie4XkrAx9Lh7e8/JJvjeB881gXkoBp0dVcRUz7+XjBAd3+4dAgGQ/xn3aID1SDr9B1UmJ3DXM9NAgGeLkL5eoddSpEX98ykw7uA9QU164aZu+QQDRi5zu1zPIKK/o3Icylq7+eQyaEGIAOWerjoEAzxgL8fidAqLVbacbybpDX7rfickraLTTefONwA/wCLeepyVEFuMR95wAGHJreXPNQDsJ5mHOve65oyaOWg9+KvEYNGoGJ+85KMBzPadifut0WJcMfRbhzOqAbdGJune69x0GiStVtvmMG3NHxVcWIWj8zsei1Vrj3yyHvVIwtdqynzK1UWNNRHie1LEqmJbWoqVU1KtgsLljNYVKKksUeiVZkqHRtPHQJUxfGfqyVTonj6rEzGTE8fVVmPkPYly0nEyGgxVjdAO4fEoC2vx9c1Id4zPQZKqfefYOiyB9vrKgLR6h4xKyrl4vPTQKqrLE6ZDrqgO0MzmfkgLJ69wyHXVE8ye/4BV1eMysXOvli7IZDqgLXxOXRvxKgE6zdmch0WDW5AzOZ0UGX9ox1JQGZfdy9pKqixqZE3uNzWj4LG0R6RURMm5jBiVhAguBm4ziOx0aPuhAQyGZkuPal2jk0fdb4vVrXekcBcwa80FoNw80Xk6lBf6UuTQgMjPzcze46DRRWD/S1VvmBL0nYpS1PwYMM+qAwj2ic3noFqrRFy9aZtEfLILWxok1SFb3rCaCgoQlE1jNE0ATUIUoU7EHxkpaf3PwCxdj0WbFCmU/GZRUcAO4fEqvnzVouEtUBLR0uzyHzUz7hmTieih/ngZDJGLuiAJ3aDTMqRpK/T5qRiSg3N6oCJmchjmch0UsGTe9yxdc3qsn3ABABOQuaMTqq3xQ2939rVm/EBLWLtRSXX04csUBcxpnW7zzcB90fNWy9FpFR846LBuJOixheaTqb1AXUjD0G4nUquv0zgLmhYRPNaFMXIKgriRZAuOJwWrivkCcynbb5y1tpxRAVjvySbjeromaoKpCAUBQVKAEEqCoKACslipQH/2Q==');
INSERT INTO [dbo].[Products](ProductId,Title,Description,CategoryId,OfferId,Price,Quantity,ImageName) VALUES (50,'car-6','this is car-6',4,2,5001,100,'data:image/jpeg;base64,/9j/4AAQSkZJRgABAQAAAQABAAD/2wCEAAkGBxISEhUSEhIVFRUVFRUXFhUWFRUVFxUVFRUWFxUVFRUZHSggGBolGxUVITEhJSkrLi4uFx8zODMsNygtLisBCgoKDg0OGhAQGi0fHx0tLS0rKystLSstLS0tLS0tLS0tLSstKy0tKy0tKy0tLS0tLS0tLS0tLS0tLS0tLS0tLf/AABEIAKgBLAMBIgACEQEDEQH/xAAbAAABBQEBAAAAAAAAAAAAAAACAAEDBAUGB//EAEgQAAIBAgIGBwUEBggFBQAAAAECAAMRBCEFEjFBUWEGEyJxgZGhMlKxwdEUQpLwBxVicuHxFiQzU4KTotIjQ2OD0xdzo8Li/8QAGgEAAwEBAQEAAAAAAAAAAAAAAAECAwQFBv/EADoRAAIBAgMFBgUBBQkAAAAAAAABAgMRBBIhMUFRYXEFIpGhsdETFIHB8DJCgtLh8QYVQ1JTcpKiwv/aAAwDAQACEQMRAD8A8hCyvjRslwCVdIDZ4/KUymUoo9opJI00NFjJvCULTT0QMm7x841tAtakqas0dXLz+EpASmMDVjFZLqxWiAh1YtWS6sa0AIdWLVkurHKwAgKxisnKxmWAFcrIyssMJGRBgQkRpKVg2iHYjIjSTVitALEcVpJaNqwFYC0Vodo1oBYC0VpJaNaIAYrR7QrRgBHtDtGtAALREQ7RoADaDDIjEQEBFDtBiA1xKuP3eMsAyvjdg8ZTGVIoo8kAZqaH9lu8fOZhmjorY3eI0CNAmVJaJylQGUAQj2jXivEMe0a0a8cGADWijxrQAYiCRDMFoDImEAiStAMQEREYiGRGtAALRWhWigANo1odo1oABaKHaMREANorQrRrQAa0QEe0VoAICPaK0K0YA2jFYdoiIAREQSJLaCRAkjtBtDMGAF8GQYrdDkdc7IAQx4MeIaGl7RpybvEoy5gDk3hBAXi2Urgwi2UiBlAHePeBHhcYV4wMGOIXAO8V4Aj3gARgsYrxjABjAMIiNEAEa0O0a0AAtFaFaNaA7DWjR7RWgArRRWj2iEDaK0K0a0AGtGh2gwAQj2itHjAVo0e0eAAwGh2gEQJYEaHaBaAEsCrEDGqQACPFGkjHljBnIyvJsNsMYFktIwYrwRGMkivBjwAKKNFeADwoAMOjSZyFRSzE2CqCSTwAGZMAFJ8FgqlZxTpIzudiqCxtxsN3OdTguidOgBUx9TVO0YemQah/9x9iDkLnmJLi+lWoppYVFoU+FMWLc3bax5kyHLgPQzn6FV0/t6lGjyZw7fhS8gOhsGvt4yq3Knh1Hq1X5SnXxbMbkkyAtFdlqUVuXn7mg+H0fufFnv6kfIyBsPgtz4jx6v8A2yCnq3uwNuRsfOxkS3va8evEuNZL9iL65v4kWWoYQf8AMqeK3+EEYfDHZVI/7dSV6mGD+A9ZlsljaCXMr5qP+lD/AL/xm/8AYaH9+viHX4iT4bQ6VGCo9Nz7oqfG42TmlBvbZOvwKDC0S7ZMRduIz7FP18yZMrpaHoYCnRxU2pUlGMVeUlKei+rlt57k3uIdL6EXDP1dcFCRcEMGVlOxlIOYlajoinUzSobcSAQDzlCjr4mqS5vvJ+AH54zRxGjHwyh0qHM5g7CBxsJaPInrLu7N2liOt0brj2QKlgDZSNax/Yvfce7faZVVCpswIPAggzqMClOqpcqHbNrNnmt9dBfYdUswO24HGWcDQ62qKN9em99UP2ypsTkxztl6xNtam9KFOo8j7r47V7rxZxVorTqtK9GQpOoSORnPVMC4NrXP54wU4sqrga1ParritSuBHtLf6srf3L+n1ibRtYbaZ8bD4mVdcSHhK6/w5f8AGXsVLRES6NHVOKL31Kf+6S09CVG2GmcicnvkNsWZGiwGKeynLwt62MuKFHlHERyOSkSGAhXjMY4MZomA0UeNAY0moHIyGS0YICa8EQpJhMHUqG1NGY8gSB3nYPGMpJt2RGI4mph9C9orWqilbKyqKpv4MF/1TawHQpKwY08YAFFyalEooA3ltc2HOTmRq8PVjtizkpe0fU1FJ1UJuM3RHtbgHBA27eUlfQj3IDBs7AhTZuYBsfMTV0V0RruwLUqrre9kptn3NsXvzkymrbTtpYDEU5Zp09OdkU8HoqrjKhI1VVQOsqkBKdMbtYgAE8FGZ7sxufrXD4JTTwQvUIs+JcDXa+0Ux9xeXnfbNSv0axdYCigSiii60idULfaSAWYk+8wPfKFT9G+N40j3VD81EV7nPVoVXJvKlfmvc5bFY1nJLMSTxlfWnUVOguJXa1PwcGQN0Pr7F7TE2Crq88763du38oZok/J13qoM50wCwnU/0BxtgTRa98xelkORNTONU6C4rdRccbvRN/ANl6x3RHy9X/Kzl+svlHNVQNufD5zof6IYldtAn/FTP/2lLEaGrqc6Nu90/wB8My4j+WrvZTk/3WZtDEAfyMr1MDUbtKpOsL23+A3zTXRlW+aN4Gn6dqalLobjKi9dSoPqja7ag2WN7BiTsG7dHmQpYLEx205LrFr1sY3R/Aa1Qswyp2LDbn9xfMX7lk3SOvrnU1vZILc2PPl85t4LCGkgQ2DX13LE5v3gE2sAPPjOf0lo5qbMe24vcsFHG9zbb5CQnmdz3K+Hq4XAKlCLzVHebSei3L3/AHjc0J0cdFu7AXIOWZtYWHxmhpvDItOz6zjYqIt2Y8BxykeBbEV7XxeFpm33jVJ8xTCDxMfSPRquhFSu/WLudCDT8Cp1fMxd7ezRLBKOWhTU5u1s+Vbd9pSV+kYmJoGnUpuQKTrch0QqxYFTlcWub926dfoLQDUa32hyFQFjTp3BftKbA2va19+eWyZSYll7K9kcMxO66KYvAIg/rKfaW/vDTXq+IppVYAn9o37oZm9EYV+y4YO1WtK7vsSsr/ZdF0Rj6coag16oCawuqn2mHFV225mcjiqAc5LYcTPTNJdE8K5NWpjKwJzNWrRZ08a4Gp6zIfodhSL09KUH9B5qzSMrWp6mGxOEcbOTb/2yt5J/nA4alhgv32PIZD+EkJG5R45/Ga2ktCikT/WaDDiHIv5gTGNRAbawY8sx5wWp6UXSSSja35x1Bcjh6CDSpC41AFJ7OsoF7HaLyfEaqi7HuG+ZwxRvlKaMq/w4SWa1/NGVi8KyG5BsTYHcZWaaeNVipIJ4kXyO/KZRabRd0fEYui6VRq2ju10vuBgQ4BlHIBEYo7RANFFGMBjSehvkMvaLwpqtqjZvPAQLp05VJqEFdt2SN7oboCniqoNep1dEPSpkjJqlSq4VKVPntYncqmdN0qw1PCYivQoIKa0Wpqigk+0gOuSdpN5UpLSXDrhyrBVqtUV0F2pswABIuCbBQL2JGfGaPSiuterTxIdXarh6HW6pv/xk10a+QzI1TYgbdgkzcXE9rsvC4nD9pKE4OLtJX3WttT2Pdz5X0OcwGjC7C++dtWNLDrSpgBgBrsm5n3F+KjcswcNWCZykarYglidVMzme09hsHlac7TbPq3hadOSSXu313JcfDU6Wp0vqX1aKqDwRQtu87oP61qtniK7t+wrFV8TtPpOfFUKNVRbu+Z3wLk9omw95tnhvPcIstx/LUY7kunvtOl/pYaa6tFFUchYd9htlSrpjEVM3qlQeJsPBQLny8ZgnGAf2akn3mHwXd8e6AFqN7TfnvjsRGnRv3I+XubR0kim7MXP7RKr+EG585J/S2qBq0gKY4KgT12mRaD6NPXXrBqrTuQajNqpcbQHPtHktyOE1NIDA4NCxL4hhlq07pT1vdNUqWPksqNNvYjz8Z2jgaDy1GpSX7K7zX/ldHqZjaVxj7XYX4sw9Ns0aWhsWyh6tRqSH79V+oHeDUILeAnOV+mWLOWFoU8OvGkn/ABLc676z37iJN0cxWtiRXxxqOqgscy71GGxCzNdQcrnPfa0tUoL9TPMqdq4qpphcPbg3Fy9EkvM7bC9FKIRDVxL1Gq36pKXaNTVF2NPrLa4HEqBznnOPx79ayUE1gGtquF1hYZmoyBV237uJ2za6Q6erYusKrVCoUEJSQ6qouywO3Zl931N8umAOyoAXgMhJlbNps/PI9DB4THztPEVXF8Fb0Syrq76eUtIGwJ1QbdrV9nwM6Tod01GDfVqFnotkQBcrzAO2chWp1agbqgNVRdnZgiAXA13Y7TcjIXPKZ1PQlSqSVxNGofdSq172Jt2lVRkCdu47Y4wb1Qu1u1MOk8O45+PLnfj9Np0WmtJpWxFSqihVZmIsLAC+WXG2feZTBmAVqU21HvcbLizA8GEunSdhkInFo2wXalKdO77qWngi3XwKvnax95c/xLvmZisE1PM2Ye8PmNsGpj3O+QMWPGUk0efj6mDrXcYNS4qy8VsfrzJqGkivNfdlitpRWGaa3JjeZooHhCNK22NpHNRxlelD4alpwevhfdyJMPpKrSa9GrUp/uOw9bx9JafxNawaqxIzBNixI4uRrHxNpUqsDsz7pDiMO+rrdWwA32MaZwVIaOUFqtdN3PTZ1LbYouuvvGTDnuPcZPojOpc7BnKeAou13t2LatRtgW5Gd+Nyptxl/CLqoTvI/kPhJkrHdga0qk1Um/06v6b/AK+ty9Rw7Yl2NwqILsxbVVc7C7buFhmTskOktGGivX0aqVqetqs1N2db7lYMAym2YuJLpKkj4XqUuHpBazm5s5qIWFxypjadjNYe2YGg7UqNNH2Yp9V9nsNdFP8Ahfq3v+0Jqoq1jya2LqVKrqtu/p+eeuhVrPl3i47jsmQZo17rZGFil0I5gkW+A8JlEyYbzo7QqfEyS5ewYkcUG0s84vClS4HzMLUpcD5mUtaPrySrlwU6PA/iMPqqHA/iP1lDWi1oAXjRocD5maejMVQp9kHUJzJOtmN2Z2Tng0sCuNVQQDa4yABtt279p2xSV0deCxcsLV+JFJvn9uB2SPfZeG5NgTrWOw2yNsjY785yBqhCNRyL3vdQLWGQzv8AnjJqGPq37TnvNj8ZnkZ9LD+0kLd+DXRp/dHRVc+z93730kVZjrCzlQFZdUcTs8pm08Y+zW7shIvtD+96RZGFXtzCzVu9u4rY7rVNGrTAXezfvNrR2a+3P87pkis/vRHENxv4n6x5GT/fmHSsk/A2A4jVDrCx2fvEfCYr4twL2U8t8ur1pUVKVSnbbmlrW4nlDLYqHasayair8Vps+u42HxNSuVVnL6osoZ9YKBuUMbAchElCrss9ttgHt38JhUukWkAC61qoCm2spsoPIjKVW01iWJLVXN+Y9YZThh2vTp6Qhbol9rHVjB1N4b0PwgVMORty7/pOQfG1jmar+e/wj08Q+3Xa/Mk/HK0Mhsu3o31i34fzOjq1lG+/dlIGxOR3SsKoYA8fTlK+MrlELDaLW3534RW3HdUxrVN1E9LX8iKtSq1ayUHbUF8lGYXWFybfea2+/cbCT0qHVUKqjtdusL2tragp0hl312kuisXTqsCSqlQzGm2tZCFJNSgy9sC+ZpjiSL7pQWZBQakqVGQlR2gQ5qioo1naxDgHffLMzotbYfE5s0ry3vV+oGjMV9oRqdW5qU0LIx9p0UjXpsdusoJYHPYRlrEzPrIdcrzl3AYN6WIWr1lAWdWKnEUSSD7YsrHaJPi8OlKpUJOSMVz36h1fM2kPVXOmhLLKUL3XHp9mVqdCA7AczwAvJaatUzPZXhv8ZcpUkX7pkXPcw3Z06qzSeVeZSppUbYNUcd8pY/R9dMyCw95c7d4nRIxPsqDJhSfbcKIHVWweCjDLKbT4r2/ocbg8e1I3Ug8QRkfpOq0dpWlWuCpvY3RrkHlrDdIsVhqPtOASOO+VK+k7DVpKFHIW+EZyYTE1sK3GEs0ODXpw9OQsbQYItFFVVGdgxZi3vN3bLSLEiyKL70Hl2j8IWCzFybk7bxsYbdXfZ1ig9xuD8YLVoHQjRwk3HS8WXadFmxWJYEKipVRrmxt2+rC393qgc8uyAdsjwVCvXajWp0g4RaKaiaps9OrSFzTBJAKqo1rWNpq6X6nC6zhizYjXqKw7PVmqrMjE3udXXCgC1rs9ydULlqXXFJh1CCy4amGKdpS1JS7q20GxbfawUHITVKysfN1JZm3+bCLTmG/rddbZCs587H5ykdHp7rTQ0pjQ9apUQe1UYg5ez7K7duQEhGLfl/pi3s0nLMkuCKX2BfdbzjfYF91pofaHO8eSxfaW4j8IjM7HOasfVh6scLJACwitJQkLUgBBYSxRoEgtwIy47j5AxxTljDMyewV23swVh3ENkd3lAqOW/e2citiKXZU7Pavla3s8fznKhyzVs7/nkZusKgAYtTQbR2ajbDvOqR6mW6ek9YENTwNa/vUdQ+DqUz8YJMqv8PN3HfRbVbZp9jGOJug1rC/hYjfntF+HCWFrhuXHv3num1gajCy08PTzIsqYio1+A6tjUvt2CPpCjUa2to1ksNq4Rxe+0m9MX8hHlMsxhrUBzBuN5GwSli8VY2U57zlNHEHO/wBnKchRUD1zmfXUFtaxX/Cttltl4WFcqNXf3j5/SaOhsYATSqE6lTIn3WOw/KT6KwOHfOtiGp52/s8uRLZ+onRaOwuiaY9sVG4sWP8Ap1dX0kSa2Wfgehg8PUzKpGUV1ktm/T3sZWI6MC3YY33a2yc/UpsjFWFiDmDPTRjMDuqX5WY/BRKWlKWBr2ubEZBlFQHzIz8ZkpvemenisHh6ivRlGL6qz8L2fM4NCDkR62lvCUKjjsqSBkSMlvzOybFTQeCFz1tXyFvgJWX7PTJKPUJO/qqZtu7PbyNt9rzXMea8FPdKL6SX3sUcLUsSNxzHh/D4QdIhmQ2Fwp7XIE2HqRGLU19lXPNyMu5BNDRWNVXKOxFOqpRyDYpsKVAd2q4U3zy1oltNqkpU8M6cmn04X/NmnMr6BpEU6g1F16w1EZ7gIqHWqVSBuXVXtHIFd9iJp4hqhqM2KVKq0EV1PV6pqgdkKjEAmlrVWJexuEuJQ07Xag5pBSjKV1shZghBpqhBN6VhccTmc9kmExiVqjBQyrYIoJvq0qgem4UDIANW1wudtUzXkeQRaKxGIqVUWjdVaooJRQtwMyGqAax7IJzJvN3G0hUqVLgFetdhcX2kn5zJ6NJ9nU4lxbsstEG4JcjtVbcFy5XsN8o43TZI1UJHFt9zuHKJ/psbU5rM5M2q70qftEX4G0zK+n1H9mFHMi5mbhsciA3opUYn26hY25aoNvOHU05W+7qU+VNET1UX9ZnlPQeLhk/XrwScvvFeF1zLI03iNoLW/dFvhGp6VrXuxvlYAkADwEyqmKds2cnvN5DrHjKynJLEq+jb8F7nSU0L51HUDgGic0F++PP6TCoYCq/sUqj/ALqM3wE0U6KY0i/UMP3iqejEQymix8ktI+bZZTHUVOTd9gxlTSuPWpqhNgzuRbPdJx0SxG/UH+K/wEtYfofUJ/tB4Lf5iOxNXG1qkHDYn19xV8LUx1NGpdqrTXUalrZslyVdAciVuVIvewQi+dtnSVA0qj16g1arLqU0v2lui03qsPu9lSq32kk7BnRo9F3Q5Yi3/b//AFLS9Hwc6tdiL5hQq387yrnJlZionMQyg4zqMNgMCm2m7Ee8SfQMB6S/Sr4RckRUP7gHrEWcdRwTt7KMeYXLzlsaDre6fxJ9Z1X2qmfvL5RtdOUQzzIU4YoSaEsRFiIUDCFAycAyRYDsRLh4T0iB2QpPOXKQbn5yxQzP8jAdjla9Krckq1+IBt4WlSoDvBHfPQqdhtC+Npap0VbcPz4x3JcDzCTpjKi+zUcdzMPnPSToJGzNJG8E+sdujOGP/LAP+H5GFych5ydJV/76p/mN9YBx9X+9f8bfWelJ0PwjbUPhrfJpapdAcEdob8ZHxaFx5GeWNj6h2uT39o+Zg/bH4j8K/Sewr+jXAnZrnuqH+Mdf0R4Q59ZXHIVKXzSFxZGeQDGsNy/hA+Ef9YPy9frPYf8A0hwe+pifx0v/ABwB+ijA+/iP8yn/AOOO4WZ499qPAev1ki4pd6nwM9gH6K8BxxH+Yn+ySD9F2j/+v/mr/ti0KTmjyJa9K2ZPdnKlat2rrsGye1j9GujV2rUI51vpLKdB9EpmKCn96pUYerWi2Dbk9p5JgtPKUWliaK1qaiyAko6clqAHs/skHlaEukMEh1qdB2axA6ypZVuCD2aYBYWPEHnPYRoPR65DCYY99Om3qQZLSoYan7GHw691NF+AlZhZGeHYvHV8WxsrOeCKTYblCqMlGeQ4k7STJMJ0Sx1T2cLV/wAS9WPN7T3B9JhdmqBwB+V5UraaXZcebfWJsfwzy/C/o5xjW1+rp8QzEkfhBHrNfCfo3prY1q5bkgC+Gd/lOrraaXiPM/OVammwcsu/KK5SplFOimCp7KAY8Xao3pe3pLNDA0afs0KK9yESGvpsfkynU0v+bxXKyI2zUW2rkPd9ry25CZuIOeR8Dn8pl1tLXyMq1dK58++FyrHR0HWwuufEMy+loFXF012D/wCQnPynP/rhtx9TK9fSLHfeMTjodD+sqe+mPx/WU62KQnsgDuaYH21tn0gmuTGQab4k8R+KD9pO9v8AVMrX74utHOAM0DXHH1lepic9/wCKVzUH5EG4jJuCFhheUGMZIyW0REitEBACUSVKp3G0rASZDAaLSVG4mGcURvkKyKosB2L9PSTDf5EyQaSO837zMmNeIdjoKOmyuy3nLadJmH85yJjhIrlKDO0o9KH/ACZcpdI6h3+YnD4ccpt4BL/yJktndh8MpvVnRjT1XiPh8oDdJKg+96mY9Qj8qR8pUqOPyDJTZ2VcDCMb5l4nQjpE53jzMD9fNvtMWiRJDbP+Eo5FQjfaaT9IG4nwP8JVrdIG5zJdBxlPFyVLUqpho5MyNt+kT8/MyKppwkD2vz3zl2aSVW7ItzmqPMkdANKE8++0iOkb/cHkswqVQxrm8bHE6D7UvujyEJMRT3qvkPpMJHhh5Jskjb66l/drIqz0rf2ajuv9Zm60heoYCcUXytH3R5t9YhQo+6PN/kZlmuYhXMZDsaow9L3f9TfWJsLR3g+DGZhxB5R/tR/IgF9DQ+y0Ds1vOGuAo/8AU/EJljENxliliD+RKMi6+jqO4uPEH5SL9WpuLnyHykRxLRde8AdkSDRS32v42Mf9Vj3/AIQOufj6xuvbjGRoU78vWP4fCKKSULw9Y1xwjxQYCvyhCKKDKJqfdfxjt3RooMaIz3QGJ3CKKSXYdQeENQeEeKIqOoaEzQwlYj+X8YoorHRTlJbyWpVG3VPp9ZWqVP2fhHigkaym2gVf9k+clWpy9YopRhdglzfIesq13B2gR4pm1qaZ5ZbXKTkcJGzDhHilo45ghuUYtyiijEOG5Qg/KPFGhtsRflImbkYoo0Q5MG/fHDRRQJuFcQWIGfnFFAGSKBwkyERRRiEWH5vHFUfm8UUBNi67v9Y3XDj6RRRkn//Z');
INSERT INTO [dbo].[Products](ProductId,Title,Description,CategoryId,OfferId,Price,Quantity,ImageName) VALUES (51,'car-7','this is car-7',4,3,120,1,'data:image/jpeg;base64,/9j/4AAQSkZJRgABAQAAAQABAAD/2wCEAAkGBwgHBgkIBwgKCgkLDRYPDQwMDRsUFRAWIB0iIiAdHx8kKDQsJCYxJx8fLT0tMTU3Ojo6Iys/RD84QzQ5OjcBCgoKDQwNGg8PGjclHyU3Nzc3Nzc3Nzc3Nzc3Nzc3Nzc3Nzc3Nzc3Nzc3Nzc3Nzc3Nzc3Nzc3Nzc3Nzc3Nzc3N//AABEIAHMAmQMBIgACEQEDEQH/xAAcAAABBQEBAQAAAAAAAAAAAAAEAAIDBQYBBwj/xABIEAABAwIDBAQKBQoEBwAAAAABAAIDBBEFEiEGEzFBUWFxkSIyQlKBkqGxwdEUI1NicgcVFkNVgrLC4fAkM0RzNGODk5Si0v/EABgBAQEBAQEAAAAAAAAAAAAAAAABAgME/8QAHxEBAQEAAwACAwEAAAAAAAAAAAERAhIhQVIxsdET/9oADAMBAAIRAxEAPwD0Ojhe1t8htkGo1HE80S//AC29p+CFpHsjaMzw0lgtftKLdUtETDv+Z8pdHDxCuKfeyEXEjrdq5vJPtHd6JiFPZ4sn4fiE/eSee7vXGVWkn1p0b0npCKisE4Loq/8AnO9q6KrUfXHvKIo5LGV5+8feiIIhGWyS8biw6P6+7iiGmdhfJI+TUnKL/wB6/wB9CZv6kvBfI8XI0uVVRucXSSF3nmw6ElI6olEjxvX+MeaW/m+1f3oiK9+CaSiN/N9q/vXN/N9q/wBZA06sh/Cf4ijSoTLLki+sf4p5/eKLMrz+sd3qCApqI3knnu71zeS/aO70EbBeOS3HRNyO809ynEkhik8N3Lmo7v8APd3qgF40j/APeU54+pj7T8FI+F+WPQaMHlDpKT4X7mPQcXeUOpBNQN+qd+JPqJhAGktLr9CEyTsbdjsvY8fNcdv5gGyFptw8JvzTBMK5h/Vu702MXbMelv8AMFEKd/QPWCLjheGSaDxB5Q6QgFsp4mBjhm8Y6gdHWkYX21A9YKUxP+kPNhxd5Q60A7nF5ufQE148X8QUu5f0D1guPhk8HQeMPKCCtkk/xcrehx96nabhQyU8prJTZtifPb09qJZC/oHrD5qhJJ4hf0D1h813cv6B6w+agZUEiKHLpdp/iK7h4+td2KSoheYotBo0+UPOPWuUTd29xfYC3nD5oqeqe6One9nEDRVn06o84dytKlu9pJMhaeHlBVQppOgeu35qxE8dbPuZTduluXWo/ps3Qz1U+KneIpRYa5fLHT2pv0Z/mj1x80E0vCP8A95XJNIY+13wXZeEf4B7ymy6wxdrvgoInnwVymF3O7EPV1tLRC9TM1v3eZ9Cz9dtvS05IpqfP1vdb2BLVkrXFtiimlrWSZiB4A4m3MLyyq/KDWG+6jhZ1WJ+KFg2wxqtkLKYwl/HSG6mr1equngGhmZf8QXXV9GJ3EztsSeRXm8dftM5wM1XTxNPEbkEhWEGI1xi8KqbMb2vu2gIY2JxGjbxmPqO+SY7FKJxaGyPOo4ROPwWbftFFRwBjhHNUc3BmgPUsxiW2dVK15pcz2tvcxmzR6efoBTTHoElRC6pe4F9iSQTG4e8KdlXTjjM0dui8Tn2ixKo3jt81jQRpxPtuoYq/FJsxikkdlF3ZQNB3KavV7zHNFIfAlY7scCprHndeBw4ziDJGkVb2g87Agexa6g2jx7DMu9DKuDqN9PT8LJqdXqFQAYYfwn+IoIBCYRtHR4zDGxl4Z2tsYn9p4d6NWol8Si7aSSxtd4HsQ+VEkf4R3+4PcoAqiSMfUy/u+9Nt1J8f+VL+771yyCsxza7Z3CZjT12KNbURMs+KOF8habnQlosOy6zGIflJwKZgjir6xrBfWGkse8uVXiGwuIvzunNPKS8vMjAC436SbFUFTsqYJmwGKR0rgSAI+XrLntej/Ph9v3/AAXU7RbL1DiZKvHHXOtmxD4FC/nTZC98+N36zH/8oeqw51nwGOQOF2k7pt+j3oamwFlRMYBpK1t3Z2W59vWptXpw+OSzp8Q2LD80hxS337H3NWlwjGdkZJGx0uIvgdy3jcntLbLIHZFzvFLASDrY+jmlHslI6U7t0B6Lg2HzT1m8eH2eiV0GD580mJVD7i7QYyWkdN2jUICaKklFoKtxA4NED7e5Z+DA8TpS2CGrgpoXOFmtJLG+gg2v0hMdDj0Eha2ua0tcQRmy2PR4iup0nxYtp8IEsb4353skFnAxPFx3Ksl2aljheyiqHBruMcwuPQbC3tVnQyYgIQ2rxKaV54kEgDqsjofpDiLylw63f0Rhjv0YxFjiQILf7gR2F4VW0lQXvpTI1zcrssjT8VuKSl3v6wE8SABdWkWCwyi73a9gCNZa84qcDc6aQxwSFjnXFmHjzCtsMpZmUrWzMeDH4IJbyW2/NEUJFhftRkGHRDXI3uU06+MbSUW8mZuYnPfxuxvhDrWvp2ywiJlUTleLB1tQbcLf3wKtqWijZq0WPNCYxR4jW0rqShhFO/NdlW6QEN4jNl5nXmrp1NLYSRaYkHoZofalki+2PqJYfs0MLom09C8yXcZJXzTPJkkdq51jcC510XZaKvj1FLnbzyPBK1OTN40+Nke6ktN5vFvWlu2fbx9zvkoWksjka8Frjl8F2h4p61+WR1VgcD23FYBfQjRUGJbI0dU7NJLE9wFruYDogsTrsLwilijx0mbEXNDpIKMaMv1uP99Cpv0j2Zef+AxUdYDD8VjWxtTsVSjg+C3+2q87OCizmmNO0kWNgRdddjWy8mhgxdv/AEmn4pv5z2TdxnxKP8VPf3FExB9CqSSwhjb6Zgbq2wzZqeQgtlYPQoKaLDMRifJs9UDEJYheSmz7qVo6Q1w1VSNr4KCV8U9NXU8rDZ0b6gRuB7CQlpx4cr5Fxj+ET0gs5zXdizNY6be5y0u0AdbnbmnYltvSVLdW1xPL6xj/AOZUkm0lOCCJ52dUkY/qprV4cp+YtYqmzhmHcosUxkwZYIAXyv4NBtp0nq96rzjlJPbeTsH3t2Wn3IfDnNqqmSeRzmSVLjDA7N4hLSG+9o04F10JBQqsbostTNSh8QNzu43RubbzSea2FPjMmKUsMzJiWiMWc02zDXUjp5HsWRpattJTx1NU972/QYKWKHMTvZXWlJHYCB++FPs64U9VW0jSd1HIHtI1ytdxt6W8OtSLYv6moyu01N9UyPEJGeKSOwq8pafZ2SMNmrJc9vGdEW29hRA2dwaoP+HxWC/mucL+9VFPDjdRH4ssgHU4o+HaWrb/AKqX0uKMdsLO9pdSzxyj7rlR4lglbh0jmTMJLeIHJD1fw7S1Z/1Lj2gFWDNp6mGF80ske7Y3MS5vyWBa5wOvTwKbtBWPZhsFMHWNRO1hPQ0an4IaLxbbLF5ag1DoGS0jvCMQzB+W/EHxfZx0unfpxQ/tWf8A7ZWRnnMQZW1UQhawsEsUYtmLC9rWgcw51jb7ruKjyj9lP/8AI/okq2QXthh2J/TJ34zTPjkklL969l2ON+R4e1Z6CkMDnOjlY27S02jI+K+hpKqeVhZLO97Dxa83B9BXjG3WBVuEV09TBG9+HzOLmyMZcR31ym3i25dSYkqhixGohG4kfoy4Gt7enmEG7M43hlcBzDnu07ihnTscyz9X5id4Dra3C3bzVvsngFXtHiLIImuZTNN56m2kY6us8go0Zh9dWUk8UjZdYnZmSNkIew9LXcl6rgG29LXUrY9o4qeRwFmVbohZ3U8eSevh2KhrPyXMbITR44Gx+bURAm/aCFXTfk8xGL/h8cww/jkcz3Aq5WblanFWYDX3fDh9BK0+WyJp9ypRR4fTlxpqWGEu45WAXVS3ZDFaZxc7GcEafO+luae/LdTijxKn0ftHgLgOUlU5/wDJf2omGY02miw+d+6jzubkacgvc6Kpw2SfdRQR0bZ4DIZHyOv9S5oFnAjgRp23sh8bxCSWT6LKYHbmS5kp3ksfpxF+WqmwV5nP0TeNYzfsqJQTbOxupaOu4GnM26FmtSeLvG5amOamNNT4WKxocAJZHmVjy458rX2jBvfQZrAAXtZCUVI6srquerOSYMa27CCL634ejh0qCSSPEW0r60tP0qGSVjwDZksTiL+mNrbjnZqH/SKngdI0Qve4vJJDrA6AD2AKqmnbilNKQ2olawcHBzrW6jqE6OuxePxa24HJxB94QH6T1IddoYzoAefknt2nqOclu8oi1ixvGYjmAppHjgQ3Lb0hytKXbLEA+1dTzEHxnB2ce35rOR7THy6qRvZFf4oqPaanP+ZiFQOylB/nQaZ9THWkT0uUknwmgWI7QdVU7VtZUVeH0z37tr43B33c/g39iUO0mDgHNX1Ln8s8Dbew/FZatxqSvxB1TKWRyABjd2dAG8LX69VaRbOnEGCRmmr6yJjXg6tY4sacoDrWzcMhsD5YsOKn8H9s1/eEFHWw1E++a9odI/w4bWaGmMMtfhYEA9nWNbncUP7Vj9VSFxrZsTqHcJbKrxB1VWMyPqXtbzDbWPepCuLo5s7UbO70k71t/vRNKDdsxO3RkzLDh4Nlre0JXCmRdY2TZ7ED4sjHfvW+CEl2cxDzAexwW7uOYS0TIa88dgFe3hE4dYUTsFrgdWP9Qr0ewSsOaYvZ5mcLqm+SfSCnwwVcD2vacr2EEOBsQV6TZq5kYeLWlTDswUs9fPEInvaGanKxjWi5tc6AcbDuQYw4k6gr0gwwHjEw/uhN+h0ruMEfqBMOzzxuHAeQnjDwP1YW+OH0fOCPuTDhtEf1I9Yq4aw7aEeYFIKIeaO5bP8ANVGeDHDscmnCabk547kw1kRRjzR3J4ox5oWpOEw8pXeqEw4SzlN/6/1TDWdbSgcApNx2q8/NLftx6n9UvzUPtx6qItFy56UklUIkjmlcpJIEUy66kg7dIFJJBwrhKSSK4u30SSQcJKVykkg5ncDxXQ5x4lJJAsx6UrnpSSQdDj0pXKSSD//Z');
INSERT INTO [dbo].[Products](ProductId,Title,Description,CategoryId,OfferId,Price,Quantity,ImageName) VALUES (52,'car-8','this is car-8',11,3,2800,1,'data:image/jpeg;base64,/9j/4AAQSkZJRgABAQAAAQABAAD/2wCEAAoHCBUVFRgSFRUYGBgYGBgaGBkYGhgYGRkZGBgZGRgYGBgcIS4lHB4rHxgYJjgmKy8xNTU1GiQ7QDs0Py40NTEBDAwMEA8QHhISHjQsIys0NDY0NDQ0NDY2NDY0MTQ0NDQ0NDc0MTQ0NDQ0NDQ0NDQ0NDQ0NDQ0NDQ0NDQ0NDQ0NP/AABEIAMIBBAMBIgACEQEDEQH/xAAcAAABBQEBAQAAAAAAAAAAAAAEAAIDBQYBBwj/xAA+EAACAQIEAwYDBgQFBAMAAAABAgADEQQSITEFQVEGEyJhcYEykaEHQlKxwfBicoLRFCOSouEVM0PxNMLS/8QAGQEBAAMBAQAAAAAAAAAAAAAAAAECAwQF/8QAKhEAAgICAQMDAwQDAAAAAAAAAAECEQMhMQQSQRMyUWFxgZGhsfEFFCL/2gAMAwEAAhEDEQA/AMtSlhh5WUmh2HeXILrDy3wsosM8t8M8AvcNLXDymwrS0wzwC1pQlIJReFoZBKJ1jxGKY4QWHidjY6QQKKKKAKNjo2AciiigkaY1o6NaSgRNI2kjSNoIIHg1SEtBqkkqwSrAqsOqwKoIAFVgNaH1YDWgAFWBVYbVgNUwASrBKkKqGC1IIRBFFeKRZIJTaHUGgtOlDaVMyQG4d5bYZ5VUKcs8OkAuMLVlxhnlJhk2lthxtARcUKkPptKzDCWFOQAtDJQZCklWCSSKcnZBY6J2ctOwQKNjpy0A5OGOInLQBk40cwjSsWLInkTQhlkbJJsWCNB3EOdJA9OLKsrakEqiWlSlBamHMkgqKwlfWl1VowGrhvKCCkqwKsJc18NAauHgFPUgtSWtTDQSphjBNlbFCzhzFAsJTCwulhZymH6Qqkj9IJH0sLLDD4YSKjTfpLCjSfpACKFCWOHpQajSbpDqSNAC6SQymIIimEJeAF05IIOhkoaVskmE7Md2g+0DC4YmmrGvVGhSmQQp/jf4V+p8p5hx3t3j8U3do5phtqeHvmPq/wAbe1h5SQ2fQQinz/hcHxdVDpiqqn8DYhyR6g3X6wtO0vHsP8RaqB+KmlQfOmM31kURZ7rIMTiEpq1R2CooLMzEBQoFySTsJ49hftexKELiMIjEb5Wek3+lg0z/AG07f18ayqgajRQqwS4LM4N8zm1jY/CNhvvawmzbdrftNake7wqIWuNaiszZCPjyArkB0sGOYg3ygWJyj/aFxF73rmmdgFpUwAbdWBJ+cxiYkC51LE3LE6kkksxJ1J9et5dYTEUmdqYsqPSNO9rDOR4WtsDmA185G7FjsT254orAvinK3+7lUHyuqgg+s3KHGOiVUxlfK6q6+L7rKGF9Ohnm+HxSmiwdAx28wbi/qLEy0w3aRhTSixJVFVFU3AyqABcKRf3vOjDOMfcrX2Mc0ZNf8vZoMVx3HUzb/HOSOXgY/LLeS0O1vEbaVHYdTTQD5lRKvCcfoKLmkB5owzf7lB/3Qqpx3CsAVp1HJH38iC/TMzm/sJ0yyYZLSS/Bio5V/YYva3iB070j+imfmMkrcb2tx5+PEOg2tTSmpv6HK3vtBMT2kpo2VsMUP8TFjY8xYAESux3HnUDwABtrXGotcdQRcfMHYiYOcFx/BqlJ8/yGJ2uxSH/5Ff8Aqu36kSyw32g1x8VVG/nQD52AlJ2d4iK2IpUnpIVd7N8V7WJOt56HiOzOHYeDD02A0JPi16by8ZqXhflGcopfP4YFhO3If40Q/wAjEf3lxhuN0H/Ep87EfTX6TP1+x6cqKKfJbSBOEvT8Krb3JHtf8pf04y5VfZlO+UeH+ptXw4IuCCDsYHVwYmYXGYmmfC7C3KwKn1BEOw3aW9lqKFP4ht7g7TGWBra2bRyxfIbWwYgdTBw2piSdhBnrN0mBqBnBxSXvmnIAkNuUKp1PKJaUmSnBYmp1/KFU8VBkpydKcANpYuFU8UIAiQimkAsExIj6uMVEao3wopZueii5056CVWO4hSoJ3lV1Rf4jqfJRux8hPPu0Hb162ajhgaaWILn42G3L4B5fFrusCy4xv2gVP+4GCLe6U1VXdhyzk6C+9hb3mX7Q9tMXivAz93TOgp0rgvfSzN8TXPIaTN1cw0Fr2Jub201sLDc8o7gOO7qsK7oXKg5FvlAc6BibHQAn3tLSafCook1yzQ8K7JVagDVb0U5KLZz6jZPe58pq8NgsPhU8ISmvNmIBb+Zm1aZDFdqsTU0DLSXog1/1Nc+4tAGplmGYtVdhe1y7f1E7e5lSTX4rtTQTRA9U/wAIyr/qb9AZR4/tdiCCEyU+gUZ392bT6TPYiuxJXYAkWHlpvDezvBmxNTLsi2Lt5clHmf8AmUnOMIuUnpExjbpAOPp13X/EuHKMbd45Ora3AJNyND5aSbBcFrvkAw7lXy2fKwWzH4i2wAve56S77c4hS9LBoAEQZiq6AfdRR00v/qBh/ZPi7oww7eNGva5tksCxYX+7pt8vPm9bI8XqRX1r6GnalLtbMp2g4K2HcqUdUv4C9jm05OoCk+UqrWsduY9p7XVrhkGgdHF9sykaWuNbg36GZLjdLCpZQlKmxK6BUDAEjW24+kwxdfKdKUd/QvLFXkw9TOhKuti1mIYFTY+JT7g3vOGqltmB5km4/T9Yf2jx3fV2q5QoKooAN/CgyKSepAvLjs5whKarisSgcvfuKJ++VPidxyprcX/EbKN7N6CbcU3pmL5KSrwyuiLWek4pt8LlSFIN7G55aG195Lw3iKKHLKCWWyggEDXzH7uTvabTtHwnF1qJch3Zjcqj2ZFA2NP7xPQE5RoBe7Hzc4ZlfIfCdbhvCRbkytqDKLJCa07LdrXJY8RqipTTKbvTupsCfA3iW59Q0hw93Q0zqbDLzs6g5D6EZk906CR8JR2cpTQsxRjZQWIy+LMbcgRv5xtDMzAUyBc6bC+Vsy6eoB9pqt6Klp2KQLWaufhpqcp/icFR8lLTSngdbFMcRSdqTDQOrMrPblddSB19pJ2c7OZgC4yU7khNQ1QnW+uy7Ac7AT0DDYewAAAAFgALAAbADpO6KjGFefJxycpTu6PPxxHjGE+O2IQfjUNoP4hZh73l9W7QscPTrvQVKr3KUixay6jvXNgQCNl38R9rXjfE0ooWfUXsFvq7fgHkPvHltvMLV4iXc1HN2b5ADZVHICWxY+53WimTI0q8k+IqV62rvb+FBlA+WvzMrKvDm6S0p8Upjcyqx/anxWpUwVG7MLlutluLD5mbTkorejLFGUma3g5JpjNuGYe17j6GEMkE7MY9cRTLKLEWzAcjrt5aS3bDzzZqpM9GPtRXd3FDu4ilCRgWSos4I9TBYeokywdWlZxrjYojIlmcjnsgP3m8+gkwjKb7YorKSirZa4/ilKguao9uijVm9F/XaUD9qqj6ogRPulvE7eYHwqP9UzVFGrOajksL6ltc56eg/wCIfUnpYukity2edn6t8RAuNUXxAzFjnGoYkn2J5fpMTWoujFWBVhy/UdRPQ6dItty3J0AHUk6CB4/CU6gysA1tmsRb+W+snP0sZbhpmeDrHHU9ox1LFnZhceWkOSsh2a30/OFVOzg+4/sw/Uf2gFfhFVPu5h1XX6bzglgyR5R6Ec+OXDDKVZ6ZzI9j+/nOvjHzs+mdzd2tq2ml9tBYaeUpQ7LpcjyNx9DHpiTe5APzF/lM2vk1Lbh9OiWtXd0XqtPMT7k6fIza4DjuCootGgHbzC6sx3Zs2W5+mgnnaYzrt56/v5SVXRtyAfl+gnNl6eOXluvjwXjNx4D+IUagru9ZcjOc9rqbL8KC4J2F/pCuH4hEWs+YK3cutMcy7qVBFuQF9fMSqFIfdb8jFVNRvjCsALaWUWG3hAt1mvYu3t8Fe7ds0bdqCtNaNFB4UVA7G50W18o0HXczPAA6EBmIJLNqxJNyzE7m1x7iQlmXZR7lifrGUQ1RsgsosS7nVURfiY25ActzcAakSkMMIXS5Jc5S5DeD4VGLV6t+4psAFHxVHPwUUP4m3J+6LnpLocRqZlxQZMxIICgFE7s5VpKvJEGgHMktvtn8XjcwUU1KogK0FNrhWPjrP1qOefLYaAR3Ci4BpEalgU/r0+Wi/MzRpNbB6xgOImqiPYI7or5L3sGLAHrY5TaMrstS3eUFYgffRWsPUgj5GV2HqouIrd1aqVp0KVNUN0C00OZmcXA8bHTfScqcLxNa4quSp3RfCnpYaket55WH/GZMsm46j4buzTL1cYUnt/QHw2KPfFcNSVzlK+ABaYvuWYbgfLzln2e7G0sOoZwHqD3VT5A7nzMt+GYRsNTOYoiAXPhAJ9WFvmYDjO0VNEFTMACLg9b9BzntdL0fpKlt/Jx5ep7i88IGtpQ8d7UUMOpRSXf8CHT0dvuA+WvlMZxfta9QlULImuoPjPkD90emszT1S3pvblvf9nedvpJcmSk2WHFONVK753IvawAFlReSoOQle+KPWQERhSa97SpFey3bJHrk7nTn7cpNhK4c5FRVQC7O12f88voLe53iwFYI5GmbL4b2INviQg7hlzj3kNZkpoKSHM7MCzbDTQC3XW1vM33sPOz5HKR2Y4KKN39mKEnEEWy/5el+ZL623tYTdtTmK+yZPBiG6tTA9g+n1E37J5TKy1APdxQkr6RSRRQmpF30ramKEExPElQFidv3YQlZLdFpjeI5BlWxdr5QdhYEl26KACfbS+0xrZqr5CxYsSXe1iR1I5Hymj4ZhnYvWV0zlmpC4z3VMxrqim3NFF9NAL7i9NwtLLm+8/iP8u4HpbX3nb0aqTOPqpaQZlCrlAAAGnpE6hPjvfkg0b1Y/dHzPlzjKmIC/Dq34un8vn5/K28BZ56MU39EeVJb2T1sSzWBsANlGijlfzPmbmR3jLxrPLpJcFabJs9ox3vIiZGTINEtDqiqwswB9dfzgj8JR9lKn+E2t52OkLRCxsP+AOZJ5CNrVtMifDzPNv7DylHjhLTVmkZzjwyobha30c29Nfzkf/SW/EPkZaoJKqEzJ9Li+DX/AGsnyUn/AEt+RX6/2j14dV/F8mP9prsBwKrUswXKv4m8K+2lz7Xl3S4Rh6Iu5NRunwp8r3PufaYy6fCtKyy6rL5o8+wvAsVVOVELm/I7ep5e81eE+zqsaao1RUzENVC+JnIN1S4sAq76E3Yk8lmjw+Kqv4aSBEGgsMqj0AlxhEcC7MT1J0A/4mEsEUbQ6iUtUefYrsJkJIxGS+2encC2gAZDpYekr6/Z1kbvqmJSoqi3gzMxAIIHiNt56DxPjeFAK/4imT0DXHzGkwHFawLHKRZr7HTXb11tL4+nhLbTE804ukDU+JBmCoRTynWzsjuD/ELD20l01PU2xeKGgNxVNgCNj5zGocrXsD6wipi2YWvYdBtNo44rXgrJt8c/JYcTxSkgGtWrWO1RyyfLn7StxOKdzdjc/l5AcpHkJhOHwhblLrtj7UFF+QVKZJh6YI2ljTwaoudyBK2tx6mj5WQuttQHKa+bAE7dJnOUYq2aRTk6Qx8LaRGlbxdAT/pF/wBJZV+I4YoGTDOxO98Q9l6aBdR+9JBiab909QoqL8NrsW8R2u3/AL9plLJGtF1F3srKTGm3eWDeE301TOMitfqbmw/hiwWIZiy5nGVMxsFOi21uRe5uNt7i8Zj8TlRUA1bckaADTw9W215A+elnhqd1KIgz1HQEjbKMroinqzsCeVqY6zznydXg9K+zvD2wz1D/AOSqxH8qAIPqrTVadLwHg2HWlQp0VJyoircC9yB4m9zc+8Pv0DfIyxBESfwiKP8AF+H5jX8opIPF6/EmO0rsVimYqDte/v8Av84MXncuYW57j1HL9+U0xNKSbKzjcWX2E4tlYqgJd1UFyxARTZqiov8AEyhibjcdNZ1rWFv3ptKLhe7MfSWTPeephjGNyXk83NJuovwSs943PIcxjSxm/cjm7SYvGl5GTHCTdk1Q68ciFiANSY0CEhMq5Ru3xEchvkB6cz8uWpuiLRDWYWyKdPvN+M//AJHL5+ka05cYDglSprbKv4m0FuoG7fl5y+weGw1FwgdHqnYEhnuBc5UGo58r+czlljEtGMpcIo+G8AqVLMRkXq1x8hufp6zSYThlGiL2DsPvNyPkuw/PzjcJxUYgVP8ADq1Q0w5IFlzd2VD5SxF7Zl26yLB99VGdglJeYcMzi+ov8IRrW8JBbUXUDWcsuoUnV/oarBJK6r7hxd3NlBPpC6PCETxVmF9wpIHzgeK4tSoLYG5tYkm1/MqNPaY3i/a12uqHKPLSTUpcaREYr7s3mO4/hqIJJ0HID6Ceadou1NfFEqpyUhso2sObn73vp06ylxGJdz4mJvqTeEcSwndolwwDBvFZgjnKwOU7Na1h63nLmyKL7Ud+HFq2BtgWIzBmudQQ4J9coO0WCqMSUb4hqD1HWdfC1EpU65zZKmxtotS7Bcp53CH/AHCE4Wgwr0g6lS24Itoy5hp6gmZ4cr7tM1yRTjtEXdmT0sMTLM4LXaWGGwYUXa2nWegcdpAGD4bexhtevToDkW6f3g+O4vb/AC6YueVt/boPOQ4XgrP/AJlZgF/iNlHqTufL85Vyofcp8di6tY+EEjlyHoJDS4FXfUIAOZOgHmWbQTU4niOGw4sozv5j8l0PzyzPcS4/Vq7HKOQHL0tYKfMC/nOXLOD52bwjPxpEmCRcLm7x0fN9wAtr5Xtvz2B2vAOI8YeqfFoo+EDYD22/frH8L4PiMS+SkjOSdTbQebNPTez32XIoDYk5j+Fdh785zOXwb0eYUsVmTuyWIZgcq6kkdBz9PTpPQex/ZyvmWtVTIAPArDx6/eK8tNNdd56Twvs5hsP/ANqiiH8QUZj/AFWvLZaQHKQTRSU1YCwAkpDkWN5bZZwwCpyN0MUtcs5APmK8IotTUZ6jWUbKNWY7gADYdT/eCsbQDFpY25HxL6Ny9jceoMlOmSy+oOG8a7Nc9CNddP7SdakytGoVPP52I8weUsKHEG52f1OV/wDVs3uCZ24urS1JHJk6fudo0mHVCCWa2/W+gBA2sLkjfodDyhby285W0cem2Yqeji311H5Q9Dm1Go6ggj5idWKcG207vx8HLkhKKSoeiX/9mF0cKTzPtadwFEsdpqcDwxQAztby5+81lNIw2yowXB2c2W563tYeptCe0HB69CktWg6lr2YMimxJGXKW8I+9qw3yjS81lF0UAKBYbAaCdqUu8GV9VO6/dPqOc5ZyclV0bY0ou2rMfhcRUp4TvMVV/wA41GJZ3ByLZQFyDViVDkIouMwvbeRdn8bTernJVKJz573etV8BVVyIG7pA5DW3a2xG21w/CcMm1KmvoiD9IzivGqGGTMMrOdERSNT522Wcvo26ts6vXpaVFRQw1LDoKjZ0QZ+7Q+B2DsWKIo1pJr8R8e3wfDKHinaUnRAFUaKqiyqOgEpuLcXqV3NRySTt0A5BRyEqmVjvOrHijjXyzCTlke+CXG8QZzcn6ybA8CxFUd5kKIASzv4EAAuSCdW06AwegrKwdSQykEEaEEbEGTcRxFV0Zqju5OgzszfEbaXOml9pGSUqs1xwitAWFQt4gQCdRmyjkbfFYchpzlxxnjmJxLJ34ASkt1VbWJtlNRtSM2W9hoOlr3neD4E1ENJaaO58Sl8oUAWVrki++XY6Zh1lVh6xysFVUFU5Au6gob5bk6ZspF7++886Ts7Ugihi6pUDNdEYsuZMyIbMbqD8TAFrX00JtFwaqauIRjf4z8Ru2iObseZk9XHL/hqVJEb/ALlQ1wwO6rYKG81c7a6fODgjBHzgbK5A3sX8KknnYB9ZGH3cVsZODU4moiDM1vSVlR6lbUeBOp0v/KOcrcXxRFJYnvH9so/T8/aVeL4nUfdrDoLgehO5HltO2fUJaWzmjhfk0B4hh8OLIM78ydf+Pmf6ZUY7jVWodWKjyPLpfl7WHlDOB9kMXirFKZRD997qPYbmendnvszw9Kz1h3z/AMWiA+S8/eckskpcm8YRjweVcG7OYnFECjTZh+M+FB/Uf0npPZ77K6aWfEv3h/AuiD1O5no+HwioAqqqgbAC30EIFOVNECYHh9OkoSmioo2Ci0LE7lnLCAK8UU4TAONGGdJjGMAdeKR3iki0fNGPoFeUrKzm2Ui4BuDzF9wD02nqOL4IjAiwP1+sy3FezLDVB+shlTKd2rfCbH8Lf/U7H00PrInQjQi3rCMTg3QkMpEiWqw0PiHRtfkdx7QBquQLcuh1jlcA3F1PVT+/zjroeq/7h/cfWIUifhs38puf9O/0kgPwPFnQ37xjppqbjy8WlveWeG4+W0dmHmGJH0Nx9ZmWQjcEeuk4pM0hmkuGZzwxlyjfF2qr4MQ6ORpd2KP6Mp8J/ekz/E1xaG1R6g/rcg+hvKmjjWT4T6jcH1Bl/gO0SkZKqgr0b4f6W3X0Ok3WSE9PTMHjnDcdr9zN1KrnRmY+rE/rCOGhy4VGyk+YAbyIbQ+hmhxXCUqeKkb88h3Hp1HmJn8Tw90OxFpTJhnHa2aQyxlp6LlatjkrDI3I/dPL+kwhsNKRcczAJUUuALAnVh6nn+cNwFdlGo/y7HKGuGv0TqPoOvW+LNL2yRWeNcxD1pQfjPhRPNx9FJh1FmbXJlHVjb6WgHHagKoAb2Y7bbbX26y+ZrtZGP3IOwmPppQem+YNctTZQb58igAN92566WvM7ifCqruddPQklvUszAdMsKw75lt6XGh2OhHzI9zBxRfPn0A2FzewGwH785wNHVYRSUNTBBAvlLX+66HKWt5pm+QgL1GdiqXOYgBRfUDbwjc/3M9A7M9i62JIqOhSlbdhZnH8KnXL5z03gvZbDYbWnRRW5uQCx95DB47wH7OsXiCGcdyh5v8AER5J/een9nvs8wmGsxTvHH338WvkuwmzSmBJFkkkSUQNAAJJHGNkAUdFGkySUK0bETETBJwmMJiLSNmgHWaMZo1nkLPBVkmadgneRSSCnbBrvbn6QarQU3AF4Wzlr2F9fVQPMcved7sm19Tc+EajlsTtIJZm8fwNKoIKX05D9ZlOKdh9yht5NPTnoAbnbkup8rsY2wsSAAOp39QevygHh+L7M4hNSh9ZV1MKy6MCPWfQX+ELgXW/6+vl5wDH8CouCGRcw3A2HqR8Rgg8MRmGxuOh1Hyncinkw9LH856dW7BLUP8Alkjztvz26QN/s4qi+VwfK35nlAPPe7T8TD1UH8mnO5X8Y91YfkDNpiuxNZOanyH95X1OyWI/Bc+X6yQUuEZk1FVQBsPGflcC3zlu/H2KhXSi9ubh7++VtTOL2SxJ2TTa/n0HWG4fsHin3S3qZdZZRVJlJY4ydtFaeM8lSgvmtMsf994M3EXvcE36gAE+5zH6zbYD7NKjWzuB6Cavhv2bYZLF7ufOHlk+WFjiuEeOoteofChPnYsfm15ZYPsXjaxHgb1Yz3jA9n8PSFkpqPaWiIF0AAlG2+S9UeQcK+yeqbGviMg6IMzfM7Te8E7E4PDWZaedx/5KpzsPNQfCvsBNJYRwtIBxUj1jbxZookfeK8jzRZoBJmnLyPNFmkgeTFeRF5wtIJRIxkZaNZ5GzwB7vIneRtUkD1IIskd4O9SRPUg1SpJICO8igXeRQAl2TkL/ADCj25n5bziBmNjex2A0t+v73kqoijXlvqfqILUxljZCAvUC59r8vOQXJ6qqmn3+u5+XL0gz1bWJ+IeVgP5j18pAapANyNb3bQNfov8Az1kLuLA6H+Ecul+pgBdXFcxpfc6hm8h0X0iw+FZ7EgBN77AztFBo778gfLayjeEGsWIAvfQ3Ov02EEBWgG9/oum2m7QLEcQuLKL+uij2g1R7khWJa3iJNgAPM/v1kaAZSAbL95ubH8IH784B0Jckkj+JzsPQDf8AdpKlMWGnhOw0zuRzboIxANPDf8Ka79Wlvg8Nl8TasfoOg6CAOwWFA8TDxcgLZVHQQ9UHSRhxO95AJxadvB+8i7ySQE54jUg3eTnewAnPEXgxqRpqwAvvI3PBDVnDWkCw3vI0vAjWnO+gWGl43vIGa8Ya8kWH97GtUgBrRrVoAa1WRPVgbV5C1aCAt60HerBnqyF6sAnep5yB6kHerIHqQLCe8igPeRQRZY1sUz7mwHL6e5kBcWt+z6yK+kQ/PnINCcNb15eXpaSUKZvcb/vWLDINyfzhyGw8Igq2JKOxcn0vB8Tis10TReZ2keNqMTYaD1gm+mwHS1zJIJQ2m/hG/UkdJIAdOv3VtfTrI05E202HIf3heFNrnmdzIJD8NTC6nVjuYR30CzGNzGSQH97OirK/Mf2Ysx/ZgB/fTnewEsZwuYAf30Ya3nAi5jC5gB5rxvfwAuf2Y0uYAca/nGNXgLOY0uYAccROGvAC5nMxgB3fxpxEBzmNLmAHmvGGvAi5jC5gBxrSNq0DLmMZjACmrSB6shZjImJgEzVJGakiYyMmATZ4pBFALMTqxRSC5Y4eTtFFCKMrsTvIFiikgnWF0NoopAJzGxRSQIxRRQBRpiigDY0xRQDhkZiigDDFFFAGGciigDTGGKKAcM4YooIYwxpiigkY0jaKKARtOGKKAMiiigH/2Q==');

SET IDENTITY_INSERT [dbo].[Products] OFF
GO
SET IDENTITY_INSERT [dbo].[PaymentMethods] ON 

INSERT [dbo].[PaymentMethods] ([PaymentMethodId], [Type], [Provider], [Available], [Reason]) VALUES (1, N'Cash', N'', N'True', N'')
INSERT [dbo].[PaymentMethods] ([PaymentMethodId], [Type], [Provider], [Available], [Reason]) VALUES (2, N'Card Payment', N'Bank', N'True', N'')
INSERT [dbo].[PaymentMethods] ([PaymentMethodId], [Type], [Provider], [Available], [Reason]) VALUES (3, N'Net Banking', N'SBI', N'True', N'')
INSERT [dbo].[PaymentMethods] ([PaymentMethodId], [Type], [Provider], [Available], [Reason]) VALUES (4, N'Net Banking', N'ICICI', N'True', N'')
INSERT [dbo].[PaymentMethods] ([PaymentMethodId], [Type], [Provider], [Available], [Reason]) VALUES (5, N'Net Banking', N'Bank of Maharashtra', N'False', N'server down')
INSERT [dbo].[PaymentMethods] ([PaymentMethodId], [Type], [Provider], [Available], [Reason]) VALUES (6, N'UPI', N'Google Pay', N'True', N'')
INSERT [dbo].[PaymentMethods] ([PaymentMethodId], [Type], [Provider], [Available], [Reason]) VALUES (7, N'UPI', N'Phone Pay', N'True', N'')
INSERT [dbo].[PaymentMethods] ([PaymentMethodId], [Type], [Provider], [Available], [Reason]) VALUES (8, N'UPI', N'BHIM Pay', N'True', N'')
SET IDENTITY_INSERT [dbo].[PaymentMethods] OFF
GO
