/* READ THIS - First Execute Schema Only File, and then Execute this File.*/

USE [ECommerce]
GO
SET IDENTITY_INSERT [dbo].[ProductCategories] ON 

INSERT [dbo].[ProductCategories] ([CategoryId], [Category], [SubCategory]) VALUES (1, N'MAKER', N'MAKER-A')
INSERT [dbo].[ProductCategories] ([CategoryId], [Category], [SubCategory]) VALUES (4, N'MAKER', N'MAKER-B')
INSERT [dbo].[ProductCategories] ([CategoryId], [Category], [SubCategory]) VALUES (11, N'MODEL', N'MODEL-A')
INSERT [dbo].[ProductCategories] ([CategoryId], [Category], [SubCategory]) VALUES (12, N'MODEL', N'MODEL-B')
INSERT [dbo].[ProductCategories] ([CategoryId], [Category], [SubCategory]) VALUES (13, N'MODEL', N'MODEL-C')
INSERT [dbo].[ProductCategories] ([CategoryId], [Category], [SubCategory]) VALUES (9, N'MAKER', N'MAKER-C')
SET IDENTITY_INSERT [dbo].[ProductCategories] OFF
GO
SET IDENTITY_INSERT [dbo].[Offers] ON 

INSERT [dbo].[Offers] ([OfferId], [Title], [Discount]) VALUES (1, N'MODEL-A', 0)
INSERT [dbo].[Offers] ([OfferId], [Title], [Discount]) VALUES (2, N'MODEL-B', 0)
INSERT [dbo].[Offers] ([OfferId], [Title], [Discount]) VALUES (3, N'MODEL-C', 0)
INSERT [dbo].[Offers] ([OfferId], [Title], [Discount]) VALUES (4, N'MODEL-D', 0)
SET IDENTITY_INSERT [dbo].[Offers] OFF
GO
SET IDENTITY_INSERT [dbo].[Products] ON 

INSERT INTO [dbo].[Products](ProductId,Title,Description,CategoryId,OfferId,Price,Quantity,ImageName) VALUES (74,'Car-1','this is car-1',1,1,1001,42,'https://firebasestorage.googleapis.com/v0/b/grocery-app-13-sept.appspot.com/o/path%2Fto%2Fimages%2Fdownload%20(8).jpeg?alt=media&token=b6446c22-de85-400a-b7b9-63ccfc2593b9');
INSERT INTO [dbo].[Products](ProductId,Title,Description,CategoryId,OfferId,Price,Quantity,ImageName) VALUES (75,'Car-2','this is car-2',1,3,400,49, 'https://firebasestorage.googleapis.com/v0/b/grocery-app-13-sept.appspot.com/o/path%2Fto%2Fimages%2Fdownload%20(8).jpeg?alt=media&token=46a481dc-cb4e-43f4-b23a-b45fc13ea130');
INSERT INTO [dbo].[Products](ProductId,Title,Description,CategoryId,OfferId,Price,Quantity,ImageName) VALUES (78,'car-3','this is car-3',9,1,45,40, 'https://firebasestorage.googleapis.com/v0/b/grocery-app-13-sept.appspot.com/o/path%2Fto%2Fimages%2Fdownload%20(6).jpeg?alt=media&token=4326690f-cff9-4167-81a8-47eb15b682b9');
INSERT INTO [dbo].[Products](ProductId,Title,Description,CategoryId,OfferId,Price,Quantity,ImageName) VALUES (80,'car-4','this is  car-4',12,2,60,80,'https://firebasestorage.googleapis.com/v0/b/grocery-app-13-sept.appspot.com/o/path%2Fto%2Fimages%2Fdownload%20(8).jpeg?alt=media&token=b2bff1e0-2f3a-4d21-9f0f-556199e4c98f');
INSERT INTO [dbo].[Products](ProductId,Title,Description,CategoryId,OfferId,Price,Quantity,ImageName) VALUES (49,'car-5','this is car-5',13,4,7000,20,'data:image/jpeg;base64,/9j/4AAQSkZJRgABAQAAAQABAAD/2wCEAAkGBxISEhUSERIVFRUVFRUVFhYVFRUVFRgVFxUWFhUXFxUYHSggGB0lHRUVITEhJSkrLi4uFx8zODMtNygtLisBCgoKDg0OGxAQGi0fHSUtKy0tLS4tLS8tKystLS0tLSstLS0tLS0tLSstLSsvLSstKy0tLS0tKy0tLSsrLS0tLf/AABEIAPsAyQMBIgACEQEDEQH/xAAcAAACAgMBAQAAAAAAAAAAAAAABAEDAgUGBwj/xABDEAABAgMFBQMJBgUDBQEAAAABAAIDERIEITFBUQUGE2FxIoHwBzJCkaGxwdHhFFJTYpLxI0NygqIVFrIzVGOE0kT/xAAaAQEBAAMBAQAAAAAAAAAAAAAAAQIDBAUG/8QANBEAAgIBAgMFBgUEAwAAAAAAAAECEQMEIRIxQVFhcZHwBROBocHRIjJCsfEUFXLhBiND/9oADAMBAAIRAxEAPwDOSiStpRSvYPNoppRSraUUqiimlFKtpRSoSimlFKupRQgoppRSrqEUIKKaVFKvoRQgoppRSrqEUIKKKVNKuoRQgoppRSr6EUIWiilTSrqFNCCiilTSrqFlQgoopRSmKFNCChelTQmAxTQpZTKhFCvoRQhRehFCYoRQgF6EUJihFCAXoRQmKEUIBehFCYoRQgF6EUJihTw0AtQpoTHDRw0AvQihM0KKEAvQihMcNZcNRgWoU0JihTw0sC1CmhMUIoSwUUIoTFCmhLBRQjhpihFClgmhFCa4aOGpZlQrQihNcNHDSxQrQihNUI4aChWhFCa4aKEslCtCmhNUI4aChWhFCaoRQgoVoU0JqhFCChahTQr6FlQoZC1CKEzQihLAvQihM0IoSwL0IoTFCmhAL0KeGr6VNCWBehTQmKEUKWCaUUJihFCllF6EUJihFClgXoRQmKEUJYF6EUJihTQlgXoRQmKFFCWBehFCYoU0IBehFCYoRQlgXoU0K+hTQlgooUUJihFCWBehZUK+hFCAooU0K6hTQgKKFNCuoU0ICihTQr6EUIDOhRQmKEULCy0L0KaFfQihLLRRQihX0IoSyUUUIoV9CKEsUUUIoV9CKEsUUUIoTFCKEstC9CmhX0KaEsUL0IoTFCKEsUL0KaFfQpoSxQvQihMUIoUslFFCKEzQihLLQvQihMUKaEsUL0IoTFCmhLKZUKKFfQihYWWimhRQr6EUJYoopUyV1KKUsUU0opV1KKUsUUSRJMUIpSwUUIoV9KKU4gUUIoV8kUpxFKKEUK+lTSnEQooU0K6lTQpYKKEUJihFCWWhehFCZoRSlihehFCYpRSliimhFCupU0oKJpU0rIm+XtSO0bZwy28SwvWFmQ5SopUwYocJjBTCiBwm28JYMaVNKsUJYowpUUogRg8EjIkX6hWpZSqlFKyiRABUTIDPJZApYK6VMlmomlgwkhIbQ25ZoH/Wjw2ci4T9WK522+U3ZsP+cX/0tPvKyUZPoY8SOxQvNrR5Y7EPNhxHd4CSf5aoOVnd3u+iterHEj1eSmS8nZ5aoX/bn9a7PdzfOBbIdbHNmBN7Q8FzMZVDEYLTmzQwpOckk3XxfJetjOEZTdRR01KilU2a2MieY4HUXg+o3q58QDziB1MsMVmYhJEljCjNcJtcCDhI6KRFacHDPPS4qWWiZIkpMRuo9YRxBqL8EFESUyWDrSwCZcJazEvWqv8AUYP4jfWrRDQ7X261lwf2pSpmMcuzibppKLbGxIYaXUumTec/20WsiwmzLyJuMpH3ykrnN/hmbAXTDgKRlgTqea8eetlN0lSqjtjgUd3zN/s/aLYcoQvFM6sp6XpuzRwxtcR4uMwZ3AHOVwXn+14MWI+CWGUyay0yuleDdIkZJ6O6gUuLnSbmdbpg6zyAUj7Rljivw2viq6FlplJvff4HZ2jbFJk1lQljO4O0OJ70rszaDncRz3ASN0zplJcfYXvhw3NiPAhmkwz5r8Z0nCZmm4VqL6myLZC/MGd4vCf3JuS4Vtv9frQ/pUlu9zaQ9vBr3OdNgJA7NzZg4ymThyvT0fapewCGZA3zAIJvvxXJbQtDGNDnSBAumRK/C48gm2Ww0NdgDjlj8uS5I67M41F2ne+3N8/BLpdvvN8sGO7a5V6+RlZtuWiI5/8AElDBNAAFUmzEuV4nM49Fudk7aigAxrhLzZTcD+YgmfcuXttoLXMaxpJcZuIAB0mQFpN8bFbY7RDgnhNDXPcS90IxPyhtPa5Cd67cGXLPIk50u12/hz5+PPuOfJGCj+W33V58j0TaW9zYUnFhoA7RMpg3yErtPavMt4N77VbIjmQojrPBJ7VBvwAvcL3G7zQQPetfaoFodChMDIzwGtaTw4xM2gNLjNuJvkMp5TKpOxbbQWwrHaMLiWBg6yeV7OCM4w4sn5n07F9+vccGVqUuGPJde1/b9znN4oMJsWUF8SIAO06LKdczMCWQEu+a0xXRRN0No+lZy3q+E33vV0DyebQeJiDdqXtl6xMLCeSO7bXmjZHHLon5M5cIXXt8m9tImeE2X53Enuawqxvk2tOLokJo58X4wwuR+0NKueWPmvob1pM7/Q/I42S6XcHav2a2QnEyY88KJpTFuPqdSe5bqy+TGK8TZGYebWOp/USAtzY/JG27i2s8xDhAEf3Fx9y16vVaV4ZQy5FFSTW9p79Umldc0+V0XHgzRmmo8u9HZbb2w6yWaLHEMxHQZSbOkzLwyqqRkADM6ha/ZG/H2qE/jss8IyAbK0zdU4gCTHNGcsDmugfsOHGezisMVrRKl8ixxAlW5kpE3DHDJbaHs6HBb/DhsZhc0NZ7gteP2ri1GP3nC20vxPer60+qvk9jOOmlilSl12+l/sefxduOZGiBwcYUWNDdCaAJsbwhW2+QzBMpnNXWHfqzvhDjOdDtANBgAOdSAQydYaBibx+VdXt7Y1kj0RXsY6JDuYSO1LEgeon1pGYAunK7OQuw966tPm96uLC014rb912fSjXOMY0p+vT8jT2Pf2E6DEbwo1AJJNJBDTNsxO4kCRON60tv8oUWLQ2y8bENLpA0hri0iQYMZTxOK7Eu5D3+9YGIV0e7nJ3J14fwjS5xSqPr5s1+zrXHfCbDeXUhwxunI3mV2p9Sn7LG++PHenb0UpDBKP8A6N+X2Esif6V8/ua6FErcQ5vm+aRPDqDemoQ/MbsuXTFUWNvCBD3TAE8LgOZVGydotiuLmi+ZpdfIjIXhfMS4nG4npxir3M4sYARb3GTbmtADr8KSblqLNtgMYK3NLwQJFwJa0nMtv7it9Cg/xDSCTM1YyMxlIXy0WusWwgIheWs7TjMl5DiDmWuMwcsFn7pONu367+nwYTfFXIZ+2Q3NpbfVmCJVHTMpuDEpIZSSSPOln3Ja3brF5DmOLHCQBa8dluZbLVO7UgFljJY6caE5oi84bhKd2Uxf0KmDRSyzVNqK3e3yrrfwRlkyqEN0re3rwKTsaG+b3kCWBd2qdZCYA6TWzsOz4Aa2baw3Bz7hPUa+1ctBtJYBEjzcTfDZdS0a06pa2bdiPOJXq49Hjxvjyyrsiuzpbe99fw8Kvt5vjlmnLbGr7/8AX3s9DftSBCwkTo0Ae1IWnbTYhFTWmWAkCB615+Lc4nMrorDZnBs3YnVNV7Tx6fHxRje9L6d/faRsw6GWWVSddvrkt+hv3bUmJENkMpAgKuHa6jJrW8zIABJMYeSvhNPJfOT/AOQ6vdrh8tv9npf23Aly+Y2+kmZa0nWQ9iZbaHJaDDmjaAIbS0EudcA0Tceg+OAzIXkrW6vLmXDOTm9u1/BdPBJGXBih+GkkLWrbhmWwqXOF15unnhol7Ns58U1xyYrm3yI7DOkPAdSqeFCsrS97XRCDItgn+G0zl/GtJk1pni0X4iRUbrb1WiO6IIog2aCxpphtE2kkdicTM/lAvwX20NHnyYlGU3BVu07yS73N2o/4wv8Ay6HlT1EIS2XE+m1JeC5vxfwSRu4Dw6YBM2mRBBBBkDKXQhZt2rZ4cWHBjRGNfEnQwkVOloPE1nsqwupqII4jjEMzIgOAlMcmgLzvf6BDtDnvYWi0wmiJBIHbAhns9rSYNx1JXzul9mvNrcscbfBG6clfFulXS1fVbtdlnRPUVjjxLd9nQ7m1b0ltsZY2QXyc2p0a4MaC1xaJ5klspc0/EfPG86laeztdaPs1pbGc2HQyIYTQ2mIXNBYXE3iVRwxW3DZryNZnWVY6bb4aknyUrfJcltXL92zfCPC38vA5jf6KBDgG/iNjcaEWmUnwgHAHk4FzP71EUWskydDF91zvkjfWAX8EtcAYQfEM9BMkDnKG71J2XIL732FCMNDjaStq337s8jWNvK0awwLV+OwdG/RVmwWg42s9zQPitv0WTWr2OI5KNQNkxDjaoncZfFT/AKIf+4jfqK258XKJc/YnEy8KNlD2ay7sXylMzw9aYh2VrcA0dAFxsTfV34f+f0VDt8X/AITf1H5Lij7Oguh1S1rfU7ubRi4dwCg2hg1K4I73P/DZ6yoO9sT7jPb81uWjS/Svka3qm+p3MW3AC5uF99642zbRfBjPFphupoiXnzYsKIJlgODyHHCYcAJyzSdp3sjNY6IYTC1rXOPZdgBM3zWggeUdkVr4cdhYXTkR2mTymMQFhmvFulvTpdr7/L5mWOsuzfVX08jQbR39ixHFzYMNszcHFzpDIAAha9+91oPowh0afi5Z2+3R4fmiG+FLsOdZ7PEFOQLnQyZjmUoN4HZwLKf/AFYI/wCIC1LFhyLjau/XaZyyZMb4bqvXYzdbK2ha4rof8ZsMxC8ww2Ex7ncMFznSMgG9kic7yMLjKi0717QYGvFpqY+dLgyHiPOaQW9lwmJjmDeCCsbBtiTmWiBCh/aIYcwMmGw2hznOrhwpiokPe2U7sZXiS9p2iIUNsGE1sjEMZ8JxbGhtdTQ0A53TMiTLszJISWj08vzY4v4JlWpyx5SfmZjfvaI//R/hB/8AlXN8oe0R/PaesOH8lpTtWJk2E3+mBAHtommbHta2E/wi8k3dlgI/SGyWp+z9GlbxR+MYlWrzv9b82d9uDv8A2uLa4UG0Br4cV1Bc2HS5pIJDgRccMF7ZaGwmjEUvaWOumRmLhfLEEdF415OtiWkxvtltqEgRCY+50yJOfwxczszAuBvPf222dtw4DDEjPENgumcSdGjEnovmtVrMOm1laPFFukr7974adbrZ1Xid+PTZMsLyya8dtjRRd3o7g2FDDIUGE9zWiJEdFJhCYbTmMpAykLlvd09yYLIjHxnGO+GXOZUAGMJwpYMZZEzXAbV8qzQSLNBLvzxCQOoaL/aF03kk37iWqLFZaGwwWMDm0TBILqTcScCWj+4Lthk9q5ZRlmqGNO5JUtlv2uXTlfijVPFpoWoO5dOv+j07b9rECyxov3Ybz3yMl4HtCK7/AFCOfRh8JvMAsDvaSV6l5RdrSscaVwLaQNZ4+wFefQIsIWq3GMAWugl4M+00mBDDHNGBkWOF/wB7mV62h1MNTx5cbuKaiu/h3bXc+JV4HHmg4JJ8939PoegbuWeizQGZNhQ2/pYB8E7bLU1ouulmcPHJax20WQobWzmQJABcpt9lstXZh2hsBhxIaTEM8pzFI6X89PlsPsLPlz5LXDBSdPq6b/L2J9vhV7npPU44pSe7rl9zU7U279tjWtkEkiGyCxgzdSXteZf1RfU0LvWNJxXGbqbhGzRRG+0FxAkWhgaCNDeTp6l3Qhy0X2mnxRwYo448kkl8DyMknOTl2mIasHeOSyeRgCJ+L1k2QzW8woqdICaW+0jwUttfaMhILn/tr9VUiGtc7mqzFCWLliXLrOUbbaAPQn1PyQ63H0Q1vMC/1kpF0RUuiqAat0V0RjmFzjU1zbycwQuIh7PiOFQbcbu8XELqXxVr48UwyXw4robvynE8wFz58bkk4umb8M1F1JWmbVzrNY4MJkSJE49M3shgGmcyA4kiRlK7FMbIsdntcOLFdUQwyHZhM/D85zmO+8fUuBivmSXEkkzJJmSTiZpmwbRiwTODFczWRIB6jNcOPT4o5HOStteO/bv/AB3I7p6nLKCgnSVfwegwt17HJrqCZ1k1vaGiQDhe2GJmREwMDqm4W6tkpLuE+Yc8Fo4RkGBxJLnQyAZtN08rp4Lhf92WuUjGJvPndoXiRuOs1dB3xtYEhEdjPs0tylLA5XdFulHE+cfkjTGeRcmekQd3bNChcWTmFplSeERKhjiTRDGT7ug6Ln4O/NibKYjnkGN+LguUt29lqitLXRotJulX2fVJaGTdPaFwar2fp89WuGuylfjsdmDX58KaTu+235bnu27e+NitLgyG8tfkyKKHH+m8h3QGa3m+FghW+ymzxBQR2ob5eY+UgZT7Q1C+c2hgvIbLQPv9gK6iBv1Ga0MESKWgAC8OP63Co+teRP2Nmw5OPSZeHtv7pO77K7mzf/WQyr/vW/d19eIWrybW5pNIhxBkWvkZdHAJ7yc2ONZdo0RWlriwsLb5ibmOE+XZB7kk7eqI4/8ARjRR/wCSNEcD/aBd0mUzC3utjWltnsXCndNkN/tMpn1r1McNbwuM3F3fRr5pu67OGPijnk9OmnG/XrtOy8q9uPBhwmzvdFiOlgGsgxAJ9S72Li7bVEbCisBJjQWQrr+0Jt9s/wDEpC0v2raGlrxEpdiAGQwRoZSmOq6bczZ1rhM4cRtAyNTSZHESE1n7M0X9HgWFO+bb7X/FKu7vNOpyrLPiXI6my2QvvvPuW4s1ga28pazuc0AAi5XGO7UL0jQP3KJju8XLX8RxvncgOcc/2VDHpjGUkpbLW1oVNojEDzlyu2NpG/tKpGNpE7St9bs/HgJKvkVrnWhY/aFs4TW5G1/29afuAdXt+BVUXdy0j0Aejm/GS7jjBTxBqnvGPdo4A7AtP4R/Uz5rE7vWk/yv8m/Neg1hBeE94x7tHnL92rV+H/kz5rX2ndG1n+X/AJs+a9UJCxcFg5NmSijyX/ZFqPoNHV7fgVk3cK1H8MdXH4BeqmSglYcKM7PMmeTyL6UZg6NcfeQmoG4AHnRiekNo95K9CMlF2icKFnIWbdCE3Gp3Wkf8QFsmbFhj+Wz9I963hKrdzSi2awWFowa3uACBZAtmGqeGEoWa5tlGaYhWMZ/RONgBWthgJRCqHZ2DJW1huSmQy9fyWIA8fD5qgDa2jFYC0tMyZho8SGpQYTcTcPGCHifIDLT6oDE26eRlkPh15qIm0gBeD9dOiz6XfAarX26IAPd0VIa/ae2W81zFrtdRTG1o1+C1dy2RRqky7io4qoULIxPVK0VpXirExdStJvGzEUF4ShjLDiIQbdFVTnzVRiKOL+3jBQFs+qxB5+pVRIoz/SPiVU+0XaDQYfVCjJi8/Hj91iY518eP3SZjqK/Hz0QDnHOvjx4KOMdfHj9kqHeMgsg76an5dUA6yIdfHf7zermxDr48d614fL5LIROeGJ0+qAeNpln33LEWsnkNLr+Z+SRMWfwHxKkxfGpQD4tDjl4+AUWi10AXTcbmtGJOnIc8lrYtrpvJnMyAGZ0HILGGTUST2j5x+63JoQG2s5di6ROJ0HIclnxPGp+S1joxwBx9g1KXiWkgEz5N5oDZxY5l7+fJaPaduOaWtdsIuqwx6rnrdayTislzMWwtceZVHESxilY8RZ2a6HDEWHFSxirDiK8Qo9NMdYcRLF6A7wfktJuGa0cRLl4GJVZj6fX6IBsvlie4XkrAx9Lh7e8/JJvjeB881gXkoBp0dVcRUz7+XjBAd3+4dAgGQ/xn3aID1SDr9B1UmJ3DXM9NAgGeLkL5eoddSpEX98ykw7uA9QU164aZu+QQDRi5zu1zPIKK/o3Icylq7+eQyaEGIAOWerjoEAzxgL8fidAqLVbacbybpDX7rfickraLTTefONwA/wCLeepyVEFuMR95wAGHJreXPNQDsJ5mHOve65oyaOWg9+KvEYNGoGJ+85KMBzPadifut0WJcMfRbhzOqAbdGJune69x0GiStVtvmMG3NHxVcWIWj8zsei1Vrj3yyHvVIwtdqynzK1UWNNRHie1LEqmJbWoqVU1KtgsLljNYVKKksUeiVZkqHRtPHQJUxfGfqyVTonj6rEzGTE8fVVmPkPYly0nEyGgxVjdAO4fEoC2vx9c1Id4zPQZKqfefYOiyB9vrKgLR6h4xKyrl4vPTQKqrLE6ZDrqgO0MzmfkgLJ69wyHXVE8ye/4BV1eMysXOvli7IZDqgLXxOXRvxKgE6zdmch0WDW5AzOZ0UGX9ox1JQGZfdy9pKqixqZE3uNzWj4LG0R6RURMm5jBiVhAguBm4ziOx0aPuhAQyGZkuPal2jk0fdb4vVrXekcBcwa80FoNw80Xk6lBf6UuTQgMjPzcze46DRRWD/S1VvmBL0nYpS1PwYMM+qAwj2ic3noFqrRFy9aZtEfLILWxok1SFb3rCaCgoQlE1jNE0ATUIUoU7EHxkpaf3PwCxdj0WbFCmU/GZRUcAO4fEqvnzVouEtUBLR0uzyHzUz7hmTieih/ngZDJGLuiAJ3aDTMqRpK/T5qRiSg3N6oCJmchjmch0UsGTe9yxdc3qsn3ABABOQuaMTqq3xQ2939rVm/EBLWLtRSXX04csUBcxpnW7zzcB90fNWy9FpFR846LBuJOixheaTqb1AXUjD0G4nUquv0zgLmhYRPNaFMXIKgriRZAuOJwWrivkCcynbb5y1tpxRAVjvySbjeromaoKpCAUBQVKAEEqCoKACslipQH/2Q==');
INSERT INTO [dbo].[Products](ProductId,Title,Description,CategoryId,OfferId,Price,Quantity,ImageName) VALUES (50,'car-6','this is car-6',4,2,5001,100,'data:image/jpeg;base64,/9j/4AAQSkZJRgABAQAAAQABAAD/2wCEAAkGBxISEhUSEhIVFRUVFRUXFhUWFRUVFxUVFRUWFxUVFRUZHSggGBolGxUVITEhJSkrLi4uFx8zODMsNygtLisBCgoKDg0OGhAQGi0fHx0tLS0rKystLSstLS0tLS0tLS0tLSstKy0tKy0tKy0tLS0tLS0tLS0tLS0tLS0tLS0tLf/AABEIAKgBLAMBIgACEQEDEQH/xAAbAAABBQEBAAAAAAAAAAAAAAACAAEDBAUGB//EAEgQAAIBAgIGBwUEBggFBQAAAAECAAMRBCEFEjFBUWEGEyJxgZGhMlKxwdEUQpLwBxVicuHxFiQzU4KTotIjQ2OD0xdzo8Li/8QAGgEAAwEBAQEAAAAAAAAAAAAAAAECAwQFBv/EADoRAAIBAgMFBgUBBQkAAAAAAAABAgMRBBIhMUFRYXEFIpGhsdETFIHB8DJCgtLh8QYVQ1JTcpKiwv/aAAwDAQACEQMRAD8A8hCyvjRslwCVdIDZ4/KUymUoo9opJI00NFjJvCULTT0QMm7x841tAtakqas0dXLz+EpASmMDVjFZLqxWiAh1YtWS6sa0AIdWLVkurHKwAgKxisnKxmWAFcrIyssMJGRBgQkRpKVg2iHYjIjSTVitALEcVpJaNqwFYC0Vodo1oBYC0VpJaNaIAYrR7QrRgBHtDtGtAALREQ7RoADaDDIjEQEBFDtBiA1xKuP3eMsAyvjdg8ZTGVIoo8kAZqaH9lu8fOZhmjorY3eI0CNAmVJaJylQGUAQj2jXivEMe0a0a8cGADWijxrQAYiCRDMFoDImEAiStAMQEREYiGRGtAALRWhWigANo1odo1oABaKHaMREANorQrRrQAa0QEe0VoAICPaK0K0YA2jFYdoiIAREQSJLaCRAkjtBtDMGAF8GQYrdDkdc7IAQx4MeIaGl7RpybvEoy5gDk3hBAXi2Urgwi2UiBlAHePeBHhcYV4wMGOIXAO8V4Aj3gARgsYrxjABjAMIiNEAEa0O0a0AAtFaFaNaA7DWjR7RWgArRRWj2iEDaK0K0a0AGtGh2gwAQj2itHjAVo0e0eAAwGh2gEQJYEaHaBaAEsCrEDGqQACPFGkjHljBnIyvJsNsMYFktIwYrwRGMkivBjwAKKNFeADwoAMOjSZyFRSzE2CqCSTwAGZMAFJ8FgqlZxTpIzudiqCxtxsN3OdTguidOgBUx9TVO0YemQah/9x9iDkLnmJLi+lWoppYVFoU+FMWLc3bax5kyHLgPQzn6FV0/t6lGjyZw7fhS8gOhsGvt4yq3Knh1Hq1X5SnXxbMbkkyAtFdlqUVuXn7mg+H0fufFnv6kfIyBsPgtz4jx6v8A2yCnq3uwNuRsfOxkS3va8evEuNZL9iL65v4kWWoYQf8AMqeK3+EEYfDHZVI/7dSV6mGD+A9ZlsljaCXMr5qP+lD/AL/xm/8AYaH9+viHX4iT4bQ6VGCo9Nz7oqfG42TmlBvbZOvwKDC0S7ZMRduIz7FP18yZMrpaHoYCnRxU2pUlGMVeUlKei+rlt57k3uIdL6EXDP1dcFCRcEMGVlOxlIOYlajoinUzSobcSAQDzlCjr4mqS5vvJ+AH54zRxGjHwyh0qHM5g7CBxsJaPInrLu7N2liOt0brj2QKlgDZSNax/Yvfce7faZVVCpswIPAggzqMClOqpcqHbNrNnmt9dBfYdUswO24HGWcDQ62qKN9em99UP2ypsTkxztl6xNtam9KFOo8j7r47V7rxZxVorTqtK9GQpOoSORnPVMC4NrXP54wU4sqrga1ParritSuBHtLf6srf3L+n1ibRtYbaZ8bD4mVdcSHhK6/w5f8AGXsVLRES6NHVOKL31Kf+6S09CVG2GmcicnvkNsWZGiwGKeynLwt62MuKFHlHERyOSkSGAhXjMY4MZomA0UeNAY0moHIyGS0YICa8EQpJhMHUqG1NGY8gSB3nYPGMpJt2RGI4mph9C9orWqilbKyqKpv4MF/1TawHQpKwY08YAFFyalEooA3ltc2HOTmRq8PVjtizkpe0fU1FJ1UJuM3RHtbgHBA27eUlfQj3IDBs7AhTZuYBsfMTV0V0RruwLUqrre9kptn3NsXvzkymrbTtpYDEU5Zp09OdkU8HoqrjKhI1VVQOsqkBKdMbtYgAE8FGZ7sxufrXD4JTTwQvUIs+JcDXa+0Ux9xeXnfbNSv0axdYCigSiii60idULfaSAWYk+8wPfKFT9G+N40j3VD81EV7nPVoVXJvKlfmvc5bFY1nJLMSTxlfWnUVOguJXa1PwcGQN0Pr7F7TE2Crq88763du38oZok/J13qoM50wCwnU/0BxtgTRa98xelkORNTONU6C4rdRccbvRN/ANl6x3RHy9X/Kzl+svlHNVQNufD5zof6IYldtAn/FTP/2lLEaGrqc6Nu90/wB8My4j+WrvZTk/3WZtDEAfyMr1MDUbtKpOsL23+A3zTXRlW+aN4Gn6dqalLobjKi9dSoPqja7ag2WN7BiTsG7dHmQpYLEx205LrFr1sY3R/Aa1Qswyp2LDbn9xfMX7lk3SOvrnU1vZILc2PPl85t4LCGkgQ2DX13LE5v3gE2sAPPjOf0lo5qbMe24vcsFHG9zbb5CQnmdz3K+Hq4XAKlCLzVHebSei3L3/AHjc0J0cdFu7AXIOWZtYWHxmhpvDItOz6zjYqIt2Y8BxykeBbEV7XxeFpm33jVJ8xTCDxMfSPRquhFSu/WLudCDT8Cp1fMxd7ezRLBKOWhTU5u1s+Vbd9pSV+kYmJoGnUpuQKTrch0QqxYFTlcWub926dfoLQDUa32hyFQFjTp3BftKbA2va19+eWyZSYll7K9kcMxO66KYvAIg/rKfaW/vDTXq+IppVYAn9o37oZm9EYV+y4YO1WtK7vsSsr/ZdF0Rj6coag16oCawuqn2mHFV225mcjiqAc5LYcTPTNJdE8K5NWpjKwJzNWrRZ08a4Gp6zIfodhSL09KUH9B5qzSMrWp6mGxOEcbOTb/2yt5J/nA4alhgv32PIZD+EkJG5R45/Ga2ktCikT/WaDDiHIv5gTGNRAbawY8sx5wWp6UXSSSja35x1Bcjh6CDSpC41AFJ7OsoF7HaLyfEaqi7HuG+ZwxRvlKaMq/w4SWa1/NGVi8KyG5BsTYHcZWaaeNVipIJ4kXyO/KZRabRd0fEYui6VRq2ju10vuBgQ4BlHIBEYo7RANFFGMBjSehvkMvaLwpqtqjZvPAQLp05VJqEFdt2SN7oboCniqoNep1dEPSpkjJqlSq4VKVPntYncqmdN0qw1PCYivQoIKa0Wpqigk+0gOuSdpN5UpLSXDrhyrBVqtUV0F2pswABIuCbBQL2JGfGaPSiuterTxIdXarh6HW6pv/xk10a+QzI1TYgbdgkzcXE9rsvC4nD9pKE4OLtJX3WttT2Pdz5X0OcwGjC7C++dtWNLDrSpgBgBrsm5n3F+KjcswcNWCZykarYglidVMzme09hsHlac7TbPq3hadOSSXu313JcfDU6Wp0vqX1aKqDwRQtu87oP61qtniK7t+wrFV8TtPpOfFUKNVRbu+Z3wLk9omw95tnhvPcIstx/LUY7kunvtOl/pYaa6tFFUchYd9htlSrpjEVM3qlQeJsPBQLny8ZgnGAf2akn3mHwXd8e6AFqN7TfnvjsRGnRv3I+XubR0kim7MXP7RKr+EG585J/S2qBq0gKY4KgT12mRaD6NPXXrBqrTuQajNqpcbQHPtHktyOE1NIDA4NCxL4hhlq07pT1vdNUqWPksqNNvYjz8Z2jgaDy1GpSX7K7zX/ldHqZjaVxj7XYX4sw9Ns0aWhsWyh6tRqSH79V+oHeDUILeAnOV+mWLOWFoU8OvGkn/ABLc676z37iJN0cxWtiRXxxqOqgscy71GGxCzNdQcrnPfa0tUoL9TPMqdq4qpphcPbg3Fy9EkvM7bC9FKIRDVxL1Gq36pKXaNTVF2NPrLa4HEqBznnOPx79ayUE1gGtquF1hYZmoyBV237uJ2za6Q6erYusKrVCoUEJSQ6qouywO3Zl931N8umAOyoAXgMhJlbNps/PI9DB4THztPEVXF8Fb0Syrq76eUtIGwJ1QbdrV9nwM6Tod01GDfVqFnotkQBcrzAO2chWp1agbqgNVRdnZgiAXA13Y7TcjIXPKZ1PQlSqSVxNGofdSq172Jt2lVRkCdu47Y4wb1Qu1u1MOk8O45+PLnfj9Np0WmtJpWxFSqihVZmIsLAC+WXG2feZTBmAVqU21HvcbLizA8GEunSdhkInFo2wXalKdO77qWngi3XwKvnax95c/xLvmZisE1PM2Ye8PmNsGpj3O+QMWPGUk0efj6mDrXcYNS4qy8VsfrzJqGkivNfdlitpRWGaa3JjeZooHhCNK22NpHNRxlelD4alpwevhfdyJMPpKrSa9GrUp/uOw9bx9JafxNawaqxIzBNixI4uRrHxNpUqsDsz7pDiMO+rrdWwA32MaZwVIaOUFqtdN3PTZ1LbYouuvvGTDnuPcZPojOpc7BnKeAou13t2LatRtgW5Gd+Nyptxl/CLqoTvI/kPhJkrHdga0qk1Um/06v6b/AK+ty9Rw7Yl2NwqILsxbVVc7C7buFhmTskOktGGivX0aqVqetqs1N2db7lYMAym2YuJLpKkj4XqUuHpBazm5s5qIWFxypjadjNYe2YGg7UqNNH2Yp9V9nsNdFP8Ahfq3v+0Jqoq1jya2LqVKrqtu/p+eeuhVrPl3i47jsmQZo17rZGFil0I5gkW+A8JlEyYbzo7QqfEyS5ewYkcUG0s84vClS4HzMLUpcD5mUtaPrySrlwU6PA/iMPqqHA/iP1lDWi1oAXjRocD5maejMVQp9kHUJzJOtmN2Z2Tng0sCuNVQQDa4yABtt279p2xSV0deCxcsLV+JFJvn9uB2SPfZeG5NgTrWOw2yNsjY785yBqhCNRyL3vdQLWGQzv8AnjJqGPq37TnvNj8ZnkZ9LD+0kLd+DXRp/dHRVc+z93730kVZjrCzlQFZdUcTs8pm08Y+zW7shIvtD+96RZGFXtzCzVu9u4rY7rVNGrTAXezfvNrR2a+3P87pkis/vRHENxv4n6x5GT/fmHSsk/A2A4jVDrCx2fvEfCYr4twL2U8t8ur1pUVKVSnbbmlrW4nlDLYqHasayair8Vps+u42HxNSuVVnL6osoZ9YKBuUMbAchElCrss9ttgHt38JhUukWkAC61qoCm2spsoPIjKVW01iWJLVXN+Y9YZThh2vTp6Qhbol9rHVjB1N4b0PwgVMORty7/pOQfG1jmar+e/wj08Q+3Xa/Mk/HK0Mhsu3o31i34fzOjq1lG+/dlIGxOR3SsKoYA8fTlK+MrlELDaLW3534RW3HdUxrVN1E9LX8iKtSq1ayUHbUF8lGYXWFybfea2+/cbCT0qHVUKqjtdusL2tragp0hl312kuisXTqsCSqlQzGm2tZCFJNSgy9sC+ZpjiSL7pQWZBQakqVGQlR2gQ5qioo1naxDgHffLMzotbYfE5s0ry3vV+oGjMV9oRqdW5qU0LIx9p0UjXpsdusoJYHPYRlrEzPrIdcrzl3AYN6WIWr1lAWdWKnEUSSD7YsrHaJPi8OlKpUJOSMVz36h1fM2kPVXOmhLLKUL3XHp9mVqdCA7AczwAvJaatUzPZXhv8ZcpUkX7pkXPcw3Z06qzSeVeZSppUbYNUcd8pY/R9dMyCw95c7d4nRIxPsqDJhSfbcKIHVWweCjDLKbT4r2/ocbg8e1I3Ug8QRkfpOq0dpWlWuCpvY3RrkHlrDdIsVhqPtOASOO+VK+k7DVpKFHIW+EZyYTE1sK3GEs0ODXpw9OQsbQYItFFVVGdgxZi3vN3bLSLEiyKL70Hl2j8IWCzFybk7bxsYbdXfZ1ig9xuD8YLVoHQjRwk3HS8WXadFmxWJYEKipVRrmxt2+rC393qgc8uyAdsjwVCvXajWp0g4RaKaiaps9OrSFzTBJAKqo1rWNpq6X6nC6zhizYjXqKw7PVmqrMjE3udXXCgC1rs9ydULlqXXFJh1CCy4amGKdpS1JS7q20GxbfawUHITVKysfN1JZm3+bCLTmG/rddbZCs587H5ykdHp7rTQ0pjQ9apUQe1UYg5ez7K7duQEhGLfl/pi3s0nLMkuCKX2BfdbzjfYF91pofaHO8eSxfaW4j8IjM7HOasfVh6scLJACwitJQkLUgBBYSxRoEgtwIy47j5AxxTljDMyewV23swVh3ENkd3lAqOW/e2citiKXZU7Pavla3s8fznKhyzVs7/nkZusKgAYtTQbR2ajbDvOqR6mW6ek9YENTwNa/vUdQ+DqUz8YJMqv8PN3HfRbVbZp9jGOJug1rC/hYjfntF+HCWFrhuXHv3num1gajCy08PTzIsqYio1+A6tjUvt2CPpCjUa2to1ksNq4Rxe+0m9MX8hHlMsxhrUBzBuN5GwSli8VY2U57zlNHEHO/wBnKchRUD1zmfXUFtaxX/Cttltl4WFcqNXf3j5/SaOhsYATSqE6lTIn3WOw/KT6KwOHfOtiGp52/s8uRLZ+onRaOwuiaY9sVG4sWP8Ap1dX0kSa2Wfgehg8PUzKpGUV1ktm/T3sZWI6MC3YY33a2yc/UpsjFWFiDmDPTRjMDuqX5WY/BRKWlKWBr2ubEZBlFQHzIz8ZkpvemenisHh6ivRlGL6qz8L2fM4NCDkR62lvCUKjjsqSBkSMlvzOybFTQeCFz1tXyFvgJWX7PTJKPUJO/qqZtu7PbyNt9rzXMea8FPdKL6SX3sUcLUsSNxzHh/D4QdIhmQ2Fwp7XIE2HqRGLU19lXPNyMu5BNDRWNVXKOxFOqpRyDYpsKVAd2q4U3zy1oltNqkpU8M6cmn04X/NmnMr6BpEU6g1F16w1EZ7gIqHWqVSBuXVXtHIFd9iJp4hqhqM2KVKq0EV1PV6pqgdkKjEAmlrVWJexuEuJQ07Xag5pBSjKV1shZghBpqhBN6VhccTmc9kmExiVqjBQyrYIoJvq0qgem4UDIANW1wudtUzXkeQRaKxGIqVUWjdVaooJRQtwMyGqAax7IJzJvN3G0hUqVLgFetdhcX2kn5zJ6NJ9nU4lxbsstEG4JcjtVbcFy5XsN8o43TZI1UJHFt9zuHKJ/psbU5rM5M2q70qftEX4G0zK+n1H9mFHMi5mbhsciA3opUYn26hY25aoNvOHU05W+7qU+VNET1UX9ZnlPQeLhk/XrwScvvFeF1zLI03iNoLW/dFvhGp6VrXuxvlYAkADwEyqmKds2cnvN5DrHjKynJLEq+jb8F7nSU0L51HUDgGic0F++PP6TCoYCq/sUqj/ALqM3wE0U6KY0i/UMP3iqejEQymix8ktI+bZZTHUVOTd9gxlTSuPWpqhNgzuRbPdJx0SxG/UH+K/wEtYfofUJ/tB4Lf5iOxNXG1qkHDYn19xV8LUx1NGpdqrTXUalrZslyVdAciVuVIvewQi+dtnSVA0qj16g1arLqU0v2lui03qsPu9lSq32kk7BnRo9F3Q5Yi3/b//AFLS9Hwc6tdiL5hQq387yrnJlZionMQyg4zqMNgMCm2m7Ee8SfQMB6S/Sr4RckRUP7gHrEWcdRwTt7KMeYXLzlsaDre6fxJ9Z1X2qmfvL5RtdOUQzzIU4YoSaEsRFiIUDCFAycAyRYDsRLh4T0iB2QpPOXKQbn5yxQzP8jAdjla9Krckq1+IBt4WlSoDvBHfPQqdhtC+Npap0VbcPz4x3JcDzCTpjKi+zUcdzMPnPSToJGzNJG8E+sdujOGP/LAP+H5GFych5ydJV/76p/mN9YBx9X+9f8bfWelJ0PwjbUPhrfJpapdAcEdob8ZHxaFx5GeWNj6h2uT39o+Zg/bH4j8K/Sewr+jXAnZrnuqH+Mdf0R4Q59ZXHIVKXzSFxZGeQDGsNy/hA+Ef9YPy9frPYf8A0hwe+pifx0v/ABwB+ijA+/iP8yn/AOOO4WZ499qPAev1ki4pd6nwM9gH6K8BxxH+Yn+ySD9F2j/+v/mr/ti0KTmjyJa9K2ZPdnKlat2rrsGye1j9GujV2rUI51vpLKdB9EpmKCn96pUYerWi2Dbk9p5JgtPKUWliaK1qaiyAko6clqAHs/skHlaEukMEh1qdB2axA6ypZVuCD2aYBYWPEHnPYRoPR65DCYY99Om3qQZLSoYan7GHw691NF+AlZhZGeHYvHV8WxsrOeCKTYblCqMlGeQ4k7STJMJ0Sx1T2cLV/wAS9WPN7T3B9JhdmqBwB+V5UraaXZcebfWJsfwzy/C/o5xjW1+rp8QzEkfhBHrNfCfo3prY1q5bkgC+Gd/lOrraaXiPM/OVammwcsu/KK5SplFOimCp7KAY8Xao3pe3pLNDA0afs0KK9yESGvpsfkynU0v+bxXKyI2zUW2rkPd9ry25CZuIOeR8Dn8pl1tLXyMq1dK58++FyrHR0HWwuufEMy+loFXF012D/wCQnPynP/rhtx9TK9fSLHfeMTjodD+sqe+mPx/WU62KQnsgDuaYH21tn0gmuTGQab4k8R+KD9pO9v8AVMrX74utHOAM0DXHH1lepic9/wCKVzUH5EG4jJuCFhheUGMZIyW0REitEBACUSVKp3G0rASZDAaLSVG4mGcURvkKyKosB2L9PSTDf5EyQaSO837zMmNeIdjoKOmyuy3nLadJmH85yJjhIrlKDO0o9KH/ACZcpdI6h3+YnD4ccpt4BL/yJktndh8MpvVnRjT1XiPh8oDdJKg+96mY9Qj8qR8pUqOPyDJTZ2VcDCMb5l4nQjpE53jzMD9fNvtMWiRJDbP+Eo5FQjfaaT9IG4nwP8JVrdIG5zJdBxlPFyVLUqpho5MyNt+kT8/MyKppwkD2vz3zl2aSVW7ItzmqPMkdANKE8++0iOkb/cHkswqVQxrm8bHE6D7UvujyEJMRT3qvkPpMJHhh5Jskjb66l/drIqz0rf2ajuv9Zm60heoYCcUXytH3R5t9YhQo+6PN/kZlmuYhXMZDsaow9L3f9TfWJsLR3g+DGZhxB5R/tR/IgF9DQ+y0Ds1vOGuAo/8AU/EJljENxliliD+RKMi6+jqO4uPEH5SL9WpuLnyHykRxLRde8AdkSDRS32v42Mf9Vj3/AIQOufj6xuvbjGRoU78vWP4fCKKSULw9Y1xwjxQYCvyhCKKDKJqfdfxjt3RooMaIz3QGJ3CKKSXYdQeENQeEeKIqOoaEzQwlYj+X8YoorHRTlJbyWpVG3VPp9ZWqVP2fhHigkaym2gVf9k+clWpy9YopRhdglzfIesq13B2gR4pm1qaZ5ZbXKTkcJGzDhHilo45ghuUYtyiijEOG5Qg/KPFGhtsRflImbkYoo0Q5MG/fHDRRQJuFcQWIGfnFFAGSKBwkyERRRiEWH5vHFUfm8UUBNi67v9Y3XDj6RRRkn//Z');
INSERT INTO [dbo].[Products](ProductId,Title,Description,CategoryId,OfferId,Price,Quantity,ImageName) VALUES (51,'car-7','this is car-7',4,3,120,1,'data:image/jpeg;base64,/9j/4AAQSkZJRgABAQAAAQABAAD/2wCEAAoHCBYWFRUVFhYZGRgaHBwaHBoaGhwaHBkZGhoeGhoaGhwcIS4lHB4tHxoaJzgnKzAxNTU1GiQ7QDszPy40NTEBDAwMEA8QHhISHzQrJSs0NDQ0MTY0NDQ0NDQ0NDQ0NDQ0NDY1NDQ0NjQ0NDQ0NDQ0NDQ0NDQ0NDQ0NDQ0NDQ0NP/AABEIANoA5wMBIgACEQEDEQH/xAAcAAABBQEBAQAAAAAAAAAAAAAAAgMEBQYBBwj/xAA9EAABAwEGAwcCBAUDBAMAAAABAAIRIQMEEjFBUQVhcQYigZGhwfCx0RQyQuEHE1Ji8RVDkkRTcoIWk6L/xAAaAQACAwEBAAAAAAAAAAAAAAAAAwIEBQEG/8QAKhEAAwACAgIBBAIBBQEAAAAAAAECAxESIQQxQQUiUWETkYEyQqHB8BT/2gAMAwEAAhEDEQA/APXkIQgAQhCABCEIAEIQgAQuPeBUkDqo778wfqnog6pb9ElCrn8VGjT5pv8A1kf0+v7Lm0TWG38FqhVv+sN1aUpvF2cwjkgeG/wWCFFZxGzP6x4qSx4ORB6LpBy17R1CEIOAhCEACEIQAIQhAAhCEACEIQAIQhAAhCEACEIQAISXuABJMAarO8U7QAS2zMbu16DYrjpL2Mx4ryPUou71fmM/Ma7Cp/ZU174w45ODB5u/ZZW34k6YmXTnmOvhuuWckd50DnmUmsv4NbF9PUrdFw694tXOO5OX2SDbbUKhstREjLwFNzslF4mPTFUemSXzLKwyvgki2dpXr90G3ef2iFFN4DRU1yhtdNzQIF+AFC0TOQLj9h5o5Ev4/wASOvxVqfH2TZcdJ6pQvYw1Jc7kASPEnJQX30f4lcdEph18DptXGkmnRO3biD2Gjj9PJQbS9CpaCP8AGu6itvNakeP7LiyNHK8aaXaNtc+0RoHV+qu7txFj8nQdjReWG9HSDz09Uqz4k5pmojPCZCasxSyfTk/XR64hYfg3alwADzib9Pstfcr+y0EsPhqnTSr0ZmXBeN6aJKEIUhIIQhAAhCEACEIQAIQhAAhCEACbvFs1jS5xgD5TmlPeACSYAqTsF532r7R4iQ12Foy56T1UapSh/j4KzVpE3jXHnOOeFoyE+pPzksqb2XuI2yFIiY6KpvvEcQmSSaDlAEk/N0xdrWZcHOnPOMmy8nlMx4KpkyHp/G8OYnov2hwq4kTnQ0bMZmh8P8K/1BuJsflFAKAuim9OpVA++OoMR6GTTKOlSnbBw/NExFYJBM1psMkjnsuLBpfcX7L2S4zRwNBnE77HrBUi9vdhAIgQDU4nOLic+fJVVxe0yBDczLjHOXHU/sp2MOJwwXYYGpJFCWnIRl4ZIl8hNyppdehdg45GYiKDTZAcQSaeNZ86KyutwBIoA2KSSa1JxHfmpFnwkHIgg5kiOdJrCfwehFeRCb2VNnIkOaCTlJNOcDNItWGpAECprT7rQvuQb+UATvGmSqL1YEz4/OiKnSOY8yp9Fbeb64tDQBr1gCYVdaXkjvtgxSjfUzICk3mzEUknXlkM8lX3gOxd04aAUJEiM/RV96L0xLXSOtvIqcXezFJB61+Qhts6GkgwZrvFJyy3VabAgy0xG2h5zlkmm3gjP0QqO1hXwXQt6gtBmKg50zgjRWnD+MPY4HFXcH5VZtt5Egtp5571Uj+dOYE5TWRsRumxk0Us3jqlpo9b4L2hZaANeQHb79VfLxK4X1zNVvuznaMEizeehPzJXItUef8AJ8Rw259GvQgFCYUQQhCABCEIAEIQgAQhV/Hb/wDybJ7p70EN6xn4Ib0SmXTSRQ9rONARZNdTEMUamcuYXl3Fr0HOkGm21Z91Lv3Eu9U4oInzyrzVLbuOI7OkZTrUqhlyN1o9T4XjTigQ58wMsp+6lfzAG4R++/kmbpZHECRQgiRnFU667OrSKEmtKHTwSaZfmkumMsrJ+bAKwZakN/NWBFaQaQNjn6qC6jI5zOuX0oPXdcspc4CgpFaCm6ix00q9k4WuINwjL80zDq8sgPVaDhrS6DNBXKh3zjI7rPta1rTIJOgkDxOvgpd2vziAGmCD4R8mqIrXo5kh1PRurpem0ANFaC2MABpry9lmeCtcXAOILpBADqTpJ6aLfWVy7oyB5T8/yr+Ncked8ypxUkyivLHgEwY3ptKpr0wEOl4jWIBC118uPdcXOpGWlJPzovOeO2YDy2ecAkCeihm3K2N8BrK9J/8AA1aCya6cZA01M66bqtvbqkB0tJEGImKGDuKLj7UmhNIHkMt0n+acQIJ7pkAUg0qK0JWfVv2bs43JCc41mp56ya1Huo72zypopb3y6pprqkPc2Pbwz6IVDGQHzp82UiwvBjKvNcGGHTn+mIznXw9lFcYTU9ibSZaPeRBIodsjHPfJSrpfy1za5ZclTsvFIM/NU6xocIJAO6djpozvIxprs9l7LcYxtDHGv6T7LSrxTs9xV7HtY+hmJ5jIr2Hhl7Foxr9cj1CvTW0eb8jFwr9EpCEKRXBCEIAEIQgAXm/8SeMFpDG1AoROp18/ovRbZ+FrnbAleF9q7cvtX97IiBqQdunulZa1JofTsXPLt/BRsGKHOI7xgnVuVSPGfBWjbAFlauaa7ERB9iq1tkcwDOR8FdcKb+l2op9lm3SXbPSU3E7O3ezA9vKCpIsBVp2p0p88E9YXWO75eGnkuHPw+lY9FGbmis8u96ZWX66hwaGDLSuR1PqoLWhpwtMumOm3itBenYbIkfmJI/8AWk+izgaYMAnXnHPzUm+/0WvHttDt3dXKYMwciefJW1hYEGYAOeFokAc/WigXZ0OmOmtdlNs7BxEgQc42A16pNV2XGzSdn7x3w5x6SRkN/VejXK8BzQ6eS8cNqQABTmOR16q5u/HnNbVx6A50jLX9ldweRKWmY/n/AE+s7VSbrjnEmNY8GSQ0EARHekAk6Ci8x4o9znucTygZAn3UocWD8brTE41c1rp/lgiAAGgjEYmXOMCkAqvtrZxpIAknCIiuyX5Gfl6GfT/G/g2vn/3ojFhiefty0TdoyIznxFU9Yt1j7dEm1lx1+sKjy7Nbl2RHskSI3itRqmLRve2rrtopjoBA6z4bJDxPp8JTFRx0QRZAugb5Tum7Vg29VOvETMDy109VBtXc5HTzTZbYpsYiuy6bwcR1qa5TzSmtnp88kg2WafNafZWzLa2iwut6BgzBEeMZeS9S7DcSxSwmjvQxP3C8cDCKhavshxMstGgmuh6V+kq1jrsxPLx7lntyEmyeHNa4ZEA+aUrBjAhCEACEIQBV9o7fBYP/ALu6vFr/AGAe8kugtJGm/Wq9Z7b2hFk2NyfSPdeS2tq57jNSJOceCrZzb+lzqWyV+F7uJhlzRpWvXX9l25uBo4QRrtvIUSwvzwfCPBOMtTpXWMj0qarPuU1o1qXWqLN1uW0fQ7+6Q68BxkieY+sJkXkEAFpBG/NVV9vEFVZjdaRlZftrou2gPx1kQAPVULrJ4OEAgGk5CM4TnBb2S9zZzE1+dFcW9iMQAbE/qNTzI2zKt19k9/Bd8XN9qINkwiQGmBEnUQdSKQnGgD3V6LkGtgEVia5qtvdkGmRQA0mDJz0VFZVbNDHlVPorRaPEgOzoaA0OgnLwSWuwmsmeql/yC6XiMzI/KFMuNnJq0Q0g8ttKmU9P4Y2siS2QbO0kkZRXKsRmUtrxirXnz8F2+Nbic7DAxEZECuUfNUxgcBWviNeYzRSTQtV8kt9sCG4WwRtmeoUa2dpH3Sru8DFuRv8AT/KYDSCQ4RHyFBTolNDds2lM0izsiY0jWfROkgwBQLps6tFJ66Ke9I66GLYGNBp1n3UUsmkaeZ+FTbWJpUTQkRrmnW2LYxTWST00p5qarihbroqmWIPI9Up7IzClvsiytJjLOh/ykuPdMip12U+WxFva6IVo0HL58ol8PvGB7Tq13omrRuulR5JvBhIHQ+it4mUMy6PoPsxesd3YdqfZWyxf8OLyXWb2nQA+y2iup7R5+5400CEIXSAIQhAGZ7ZuGBoORBXkrnMa8saSc6tO2Y51C9R7d2rcVhZlxaX4gHaNjUrBt7HF2NwtGYRJxEEDzyVLyMsy+L9mv4GbHjnVPRWkAAOaa6SPcarlm8xJINdjPmrgdj7bIWjCOQj3qmhwF7ScHfDQMRkCD0ImPkqnVJGp/wDRipdPYhzMTQRPss9xIVWss24AQ4DpOSgcQudk4SS4dBHqUjHaV/ozs+2+jOdn7aLwznI9Ft8Uu/Ua1A5fRY+5WTWW4cyoAOZmpotdw++sa4Yhmc/von+U042hviTSlvWy5Zcy9tCQqu+8JfTKm2ZrrzWtuZaW5zPoo96ux96lZkS0tobi8lzWjEt4e6XHC4EaV25fTmpbLGGyQASBQU6fM1Z3t9o0gYGkb6n3VXacTcaOFBHd8aeKsd67NBXVrfX9kSgkObipAE5HRRGsILi2g8K+asje7NxPcJjPFIJOuWVU82ybghonWCNeUFc5cfZ2qc+0UZBBiIqlXhxLiVKeKnEB5ZeSac1pEnJTT32SmiLbWZwj2TTWEET+6feG5yaaJTQ2KjxU09Invo6y64gTpFN07Z3cYCSctNUq7OG8VgAp99gZJNBkJ1SnT3or3fwVL2zXw8E3bvju06+Ss33YFpIzVZfLuXQBU6+OSdFKmLdJkV7KfNU23MSOiJImU7dGYnNHP59VexlbN6PUv4ayQ4/2+4W9WP7AWOFj+QA+eS2Cvz6PPZn97BCELosEIQgDH/xJuzX3bE4fklwOoIEiI6ZLzR3EHuAxOLWuaC6aTG/yq9k7TXfHY6GHAkETIyIg9V5TxrhBaGkVAAjwzJ2VDy5TabNHw8Ky6TegsuKMZEMcSQK1AI5Tn1UixvJtHQwYSRqZgcoHiqi72VBJMxABrlkTs3SEpl5wzhzOZy+BZzmV6W2atePhxrS22a2xu92s4xtxakl7i48gGkALO8d4vZSW2N3aJ0d3idqLjGvdABgalIvGFgwsbLzSYlxlE392tL/H/bKKxu60iksrB1XOhryZwgZNmBllr5Le8EurHsa/UAbZjT9+az1wujHO72dCdCZGXgVpOHNLMLRp5VO+v7p2XtF/hwx8U+y/s7HDkBHkR8KbtLy5pqQRpuPuh14r4KNb2jZOMiEiU/gqTLb7Rx95LiaAjLLSExb2IdDS0Ruli0BMNc06Tkn3sgLr20PT4ta6K614fZDr0FfZQLzYCYbT5krVt2cTnCi3y7OFdj8ol8S1N96b2Z28XctdUlGORGmWilW9pJINQfNI/CPExkPopeh7evZEsboXGAI56JeHCcDojzU6wMHP5RSH2QdQtA2yCjy/JF5NeyJd2MOsnQZCVJtAaAxGQ3C7aXdn9PzdPFoIFZUKW2V7pN7Ku8MLAearntjJXV4YDzUC1upAn00y13TscsimUFvt8qpfBWAvC7a3SSBkVccKugaQAPErRwoVna4np3ZGxDbLmYn50+qvlXcDu+CyG7od/wDkAegVitBHnre6YIQhBEEIQgBm92eJjm7heb8cexsNc2akQM5MV6L05ef9puHxaO3rHQ5Kr5Ucp2XvAtK9Mxt4syRDRn5Sda1gJLOH4c9Mz9StJcrq0nEQKSB4KPxRtCDQZ9RIn5zWHV0nxNblutEA3hrWuDdIA/8AI19KJm6WURauiJNDuRT6pTbIkNLhAPeIyjUjyhSr3dy5kYaEDIZGaa+HirmDEpXIZEzPS+SJc2EPcQcqkf20Mg/MlpLCCMQAimmUiZ22WcoKgzIoRkNj03HVWdxe4MBZEHNs5HnPyhUrWxuRbWy3tXHD3c9daa0Vc6Sc5kyRU/NV26XnuuBbUVk/Mkh8k0OGkyKVSOiEzraE3u1DIIoc4KesOJSMLtuseWiTaMMNJExqazyIPVMPu7TJb3Z0puu9DEppaf8AZcNdImU060jMzsqyzvD2iAaeyHW5cK0hQaIfxvY5bNbJIaKj4RzUW2s3Dom7xfcND57Jt/EqQDTmhJtDEqQq5jE8jX55qXbWOZmCFTMvBxAjefFWLL3iEaocaOWnvaHGOoAQnruGxUphjHAGQnbPLKvNCnYiuxD85LabjZNXizBkTQ/M1NLqQMqKK9knvZdNU6JIogvYGu+ivOEXEvexsfmI8k3d7mHFoj/Gi2fZzh2E4iMsuq0MM7KXlZlM6NDZswgNGQEeS6hCtmOCEIQAIQhAAqLtNcsbQ4Zih6aK9XLSzDgWnIiCo0trRPHTilSMBdLKGEHMFVfFWmjeU9agQPOVrb3dCw4edDuFm7/Y98bN33zI9Fk5MOr7NnDfN8v8lY9mIlo/pAbtUDyyTtleA8DFNWlum2fWnol3luF7CMiB5SRPgk3m7w5zsJiJjlGnROa+3ofLT9keysg3FoADJAzk0p4pd1dBhpEGJkZwNAPryTL3l7G1iDQ69CixxMM4QZ8RH2SqLaW09+xb6EmTyMZnOM0pl4w7FtOv7JIcDNK55wIG3NIe0GMNBrOvn8olOe9g/wBk20txkJ+sbwVMZdQWzibuRNeSp7EFpFaTPPwKmWLwBTy9lDog02umJvjCBIEjXIxOk5qK6XwGg5VAOXMKcy2ZWTBOX+FHe6KtgcxSnRc2TlvWiG5jYh2ajGyaZyPopwfikUE8vP6BNtueftWqF0d3r2R7tZAOBIPzmp92shNRXlKGNw5inupLHiKA4lx7Yu2SLW27oGGMlFbhLhAr5Jy9W7oBLZHzNRWXg5lpTJkUp0iS57e8PlKSoRtC50RFclIZY1mSJg/Cp12u4xUEzqd1ZxTtkLqZWyy4VdCSKbLb3eyDGho0VbwW6YRiVstGJ4ows+TlQIQhTEghCEACEIQAIQhAEe/XYPblUZLJcQuhqYW1LlTcZuZc0ub4gfVIzRyWyz4+bjWn6Mfe7sIYTPPoTX1qo7rSIBEuGhyIFBHUfVSnvIhrtPpPok3kAwfpkAqrZrz77KTB3nd7Pnkfun7CzMUOmUzT7SuWtgIJETNenLxXLIuaaSIqBGuyRVFtPa6JTrqThbuJ9wVX3m7lpoY9PLkrWyvMyDO0ZxXnknnubGHunl6iNkl1oFbT00UtjaNIgmHbHKdIKmWFloZ+bJNrdGgyf8JD2EGa1/pg+f7KDaG7TXRx9371M8+fIJGEmZA2mvmNFKsrXIT51Tr3t1gn09UbOcvgi2rWhoBEGcyiytGNBM15V80W1niGvhkeqhOsSNSKZETRdXYaTXbJjLxOn2TwtqTrsq99lQE/PBcNrAnTWf3UtIW5T9Fheb5jAgYQNVEdaA61+ZqLacRbEAeVfRNNvUnutJ5lTmSPFSi5Zu4+q0HZ+7F7u6KanYbqp4JwV9sZIwt1J0C9CuN1ZZMDGCmp1J3K0MGN+2ZPl+Qv9MkxjA0ADILqQHpYcrZmAhCEACEIQAIQhAAkuclJq1QAkuXC9R3vhMPvC5s7og8a4OHguZR2cc+SyFpaOYS00cKEGi2z75GqreImytRD2g88iOhVfJhVdz0y5g8ip6rtGU/FtdGm8/Kp1lo1wAk/Y+6i8T4QWmbN4cNnQHeeR9FRPvzmOh8tI3Ef56qhlxWvaNSM8UumaG2a8ZGZ13UO2tnZHzGaht4w1wh56EGJ66JL+IAa0+UVbVp+izFr5LAXp5EyXAe+6Qb2DkYOo08lCde2OEiJUa3t26geGgXFLfWhiuGTra9uP6hA+ZpLeIvycaKt/nNGUeNVHfeAMimLGyLpIvv9Tc2dPmaiWvE/7ifmyp33yNUg3lrqkpk4H7ZD+WUXQ4iefkh97JA166eCoxfIoFZ8H4dbXl0MBw6uNGDqfbNMnx22KvyYnsfu4JNMzoAtx2e7MEw+1oMwP1H7KZwDgFldwHE43/1HIdB7lX4tVdx4JntmV5HmVfU+iVYtaxoa0AAaBOB6iC0Sw9WSgSg5KD1GD10PXThLa9OByhtenWOQBIQuNK6uHQQhCABCEIA45gOYUS3uDHaR0UxCA2Zq/cGfUsdPIrL8RutsycTHdYkei9NISHWYKg536GTka9niV7tn7lUd+tnmhqOdV73euD2L/wA9mx3UD6qkvXYe6v8A0Fv/AIuP0MqHCl8jlll+zwS3c4ZCEx+LeN17Rev4Z2R/LaPHUB30hVN4/ha/9Nsw9WkfQlc4P5RNZF8UeWG/FdHEXbrf2/8ADC8jI2bv/Yj6tUC2/hxex/tg9Ht9yjjP4JfyV8UjGm/ndJdfJ1Wof2DvY/2H+GE/Qph/Yy9D/p7T/iT9EcZ/APJkf+5f2Zz8QpN2sy81cGjz9Arf/wCKXkf9Pa/8HfZLZ2avA/2LX/g77LvX4Obt+2S+FXK7tgul5/uo3yGfithduKgABsADICgHgFj7HgV5H+zaf/W77Kyu/B7z/wBq0/4FG/0Rqd+2a2y4pzUuz4nzWYsOD3n/ALT/ACVlYcFvP9BHUj7qSb/Aupn8mgs+IBSmXsbqmsOB3jUAeKsbDgdpq4KS2KaX5Jzbwnm2qRYcIjNxKnWVzaFIixFnJUuzYlMYAlhdOCmrqSF1cA6hCEACEIQAIQhAAhCEACIQhAHMK5hSkIAQbMJJsQnUIAZN3CT+GUhCAI/4Zc/C81JQg7sjfhea7+G5qQhAbI/4fmuiwT6EHBn+SlCyTiEAIwLoYlIQBzCjCuoQAQiEIQAIQhAH/9k=');
INSERT INTO [dbo].[Products](ProductId,Title,Description,CategoryId,OfferId,Price,Quantity,ImageName) VALUES (52,'car-8','this is car-8',11,3,2800,1,'data:image/jpeg;base64,/9j/4AAQSkZJRgABAQAAAQABAAD/2wCEAAoHCBUVFRgSFRUYGBgYGBgaGBkYGhgYGRkZGBgZGRgYGBgcIS4lHB4rHxgYJjgmKy8xNTU1GiQ7QDs0Py40NTEBDAwMEA8QHhISHjQsIys0NDY0NDQ0NDY2NDY0MTQ0NDQ0NDc0MTQ0NDQ0NDQ0NDQ0NDQ0NDQ0NDQ0NDQ0NDQ0NP/AABEIAMIBBAMBIgACEQEDEQH/xAAcAAABBQEBAQAAAAAAAAAAAAAEAAIDBQYBBwj/xAA+EAACAQIEAwYDBgQFBAMAAAABAgADEQQSITEFQVEGEyJhcYEykaEHQlKxwfBicoLRFCOSouEVM0PxNMLS/8QAGQEBAAMBAQAAAAAAAAAAAAAAAAECAwQF/8QAKhEAAgICAQMDAwQDAAAAAAAAAAECEQMhMQQSQRMyUWFxgZGhsfEFFCL/2gAMAwEAAhEDEQA/AMtSlhh5WUmh2HeXILrDy3wsosM8t8M8AvcNLXDymwrS0wzwC1pQlIJReFoZBKJ1jxGKY4QWHidjY6QQKKKKAKNjo2AciiigkaY1o6NaSgRNI2kjSNoIIHg1SEtBqkkqwSrAqsOqwKoIAFVgNaH1YDWgAFWBVYbVgNUwASrBKkKqGC1IIRBFFeKRZIJTaHUGgtOlDaVMyQG4d5bYZ5VUKcs8OkAuMLVlxhnlJhk2lthxtARcUKkPptKzDCWFOQAtDJQZCklWCSSKcnZBY6J2ctOwQKNjpy0A5OGOInLQBk40cwjSsWLInkTQhlkbJJsWCNB3EOdJA9OLKsrakEqiWlSlBamHMkgqKwlfWl1VowGrhvKCCkqwKsJc18NAauHgFPUgtSWtTDQSphjBNlbFCzhzFAsJTCwulhZymH6Qqkj9IJH0sLLDD4YSKjTfpLCjSfpACKFCWOHpQajSbpDqSNAC6SQymIIimEJeAF05IIOhkoaVskmE7Md2g+0DC4YmmrGvVGhSmQQp/jf4V+p8p5hx3t3j8U3do5phtqeHvmPq/wAbe1h5SQ2fQQinz/hcHxdVDpiqqn8DYhyR6g3X6wtO0vHsP8RaqB+KmlQfOmM31kURZ7rIMTiEpq1R2CooLMzEBQoFySTsJ49hftexKELiMIjEb5Wek3+lg0z/AG07f18ayqgajRQqwS4LM4N8zm1jY/CNhvvawmzbdrftNake7wqIWuNaiszZCPjyArkB0sGOYg3ygWJyj/aFxF73rmmdgFpUwAbdWBJ+cxiYkC51LE3LE6kkksxJ1J9et5dYTEUmdqYsqPSNO9rDOR4WtsDmA185G7FjsT254orAvinK3+7lUHyuqgg+s3KHGOiVUxlfK6q6+L7rKGF9Ohnm+HxSmiwdAx28wbi/qLEy0w3aRhTSixJVFVFU3AyqABcKRf3vOjDOMfcrX2Mc0ZNf8vZoMVx3HUzb/HOSOXgY/LLeS0O1vEbaVHYdTTQD5lRKvCcfoKLmkB5owzf7lB/3Qqpx3CsAVp1HJH38iC/TMzm/sJ0yyYZLSS/Bio5V/YYva3iB070j+imfmMkrcb2tx5+PEOg2tTSmpv6HK3vtBMT2kpo2VsMUP8TFjY8xYAESux3HnUDwABtrXGotcdQRcfMHYiYOcFx/BqlJ8/yGJ2uxSH/5Ff8Aqu36kSyw32g1x8VVG/nQD52AlJ2d4iK2IpUnpIVd7N8V7WJOt56HiOzOHYeDD02A0JPi16by8ZqXhflGcopfP4YFhO3If40Q/wAjEf3lxhuN0H/Ep87EfTX6TP1+x6cqKKfJbSBOEvT8Krb3JHtf8pf04y5VfZlO+UeH+ptXw4IuCCDsYHVwYmYXGYmmfC7C3KwKn1BEOw3aW9lqKFP4ht7g7TGWBra2bRyxfIbWwYgdTBw2piSdhBnrN0mBqBnBxSXvmnIAkNuUKp1PKJaUmSnBYmp1/KFU8VBkpydKcANpYuFU8UIAiQimkAsExIj6uMVEao3wopZueii5056CVWO4hSoJ3lV1Rf4jqfJRux8hPPu0Hb162ajhgaaWILn42G3L4B5fFrusCy4xv2gVP+4GCLe6U1VXdhyzk6C+9hb3mX7Q9tMXivAz93TOgp0rgvfSzN8TXPIaTN1cw0Fr2Jub201sLDc8o7gOO7qsK7oXKg5FvlAc6BibHQAn3tLSafCook1yzQ8K7JVagDVb0U5KLZz6jZPe58pq8NgsPhU8ISmvNmIBb+Zm1aZDFdqsTU0DLSXog1/1Nc+4tAGplmGYtVdhe1y7f1E7e5lSTX4rtTQTRA9U/wAIyr/qb9AZR4/tdiCCEyU+gUZ392bT6TPYiuxJXYAkWHlpvDezvBmxNTLsi2Lt5clHmf8AmUnOMIuUnpExjbpAOPp13X/EuHKMbd45Ora3AJNyND5aSbBcFrvkAw7lXy2fKwWzH4i2wAve56S77c4hS9LBoAEQZiq6AfdRR00v/qBh/ZPi7oww7eNGva5tksCxYX+7pt8vPm9bI8XqRX1r6GnalLtbMp2g4K2HcqUdUv4C9jm05OoCk+UqrWsduY9p7XVrhkGgdHF9sykaWuNbg36GZLjdLCpZQlKmxK6BUDAEjW24+kwxdfKdKUd/QvLFXkw9TOhKuti1mIYFTY+JT7g3vOGqltmB5km4/T9Yf2jx3fV2q5QoKooAN/CgyKSepAvLjs5whKarisSgcvfuKJ++VPidxyprcX/EbKN7N6CbcU3pmL5KSrwyuiLWek4pt8LlSFIN7G55aG195Lw3iKKHLKCWWyggEDXzH7uTvabTtHwnF1qJch3Zjcqj2ZFA2NP7xPQE5RoBe7Hzc4ZlfIfCdbhvCRbkytqDKLJCa07LdrXJY8RqipTTKbvTupsCfA3iW59Q0hw93Q0zqbDLzs6g5D6EZk906CR8JR2cpTQsxRjZQWIy+LMbcgRv5xtDMzAUyBc6bC+Vsy6eoB9pqt6Klp2KQLWaufhpqcp/icFR8lLTSngdbFMcRSdqTDQOrMrPblddSB19pJ2c7OZgC4yU7khNQ1QnW+uy7Ac7AT0DDYewAAAAFgALAAbADpO6KjGFefJxycpTu6PPxxHjGE+O2IQfjUNoP4hZh73l9W7QscPTrvQVKr3KUixay6jvXNgQCNl38R9rXjfE0ooWfUXsFvq7fgHkPvHltvMLV4iXc1HN2b5ADZVHICWxY+53WimTI0q8k+IqV62rvb+FBlA+WvzMrKvDm6S0p8Upjcyqx/anxWpUwVG7MLlutluLD5mbTkorejLFGUma3g5JpjNuGYe17j6GEMkE7MY9cRTLKLEWzAcjrt5aS3bDzzZqpM9GPtRXd3FDu4ilCRgWSos4I9TBYeokywdWlZxrjYojIlmcjnsgP3m8+gkwjKb7YorKSirZa4/ilKguao9uijVm9F/XaUD9qqj6ogRPulvE7eYHwqP9UzVFGrOajksL6ltc56eg/wCIfUnpYukity2edn6t8RAuNUXxAzFjnGoYkn2J5fpMTWoujFWBVhy/UdRPQ6dItty3J0AHUk6CB4/CU6gysA1tmsRb+W+snP0sZbhpmeDrHHU9ox1LFnZhceWkOSsh2a30/OFVOzg+4/sw/Uf2gFfhFVPu5h1XX6bzglgyR5R6Ec+OXDDKVZ6ZzI9j+/nOvjHzs+mdzd2tq2ml9tBYaeUpQ7LpcjyNx9DHpiTe5APzF/lM2vk1Lbh9OiWtXd0XqtPMT7k6fIza4DjuCootGgHbzC6sx3Zs2W5+mgnnaYzrt56/v5SVXRtyAfl+gnNl6eOXluvjwXjNx4D+IUagru9ZcjOc9rqbL8KC4J2F/pCuH4hEWs+YK3cutMcy7qVBFuQF9fMSqFIfdb8jFVNRvjCsALaWUWG3hAt1mvYu3t8Fe7ds0bdqCtNaNFB4UVA7G50W18o0HXczPAA6EBmIJLNqxJNyzE7m1x7iQlmXZR7lifrGUQ1RsgsosS7nVURfiY25ActzcAakSkMMIXS5Jc5S5DeD4VGLV6t+4psAFHxVHPwUUP4m3J+6LnpLocRqZlxQZMxIICgFE7s5VpKvJEGgHMktvtn8XjcwUU1KogK0FNrhWPjrP1qOefLYaAR3Ci4BpEalgU/r0+Wi/MzRpNbB6xgOImqiPYI7or5L3sGLAHrY5TaMrstS3eUFYgffRWsPUgj5GV2HqouIrd1aqVp0KVNUN0C00OZmcXA8bHTfScqcLxNa4quSp3RfCnpYaket55WH/GZMsm46j4buzTL1cYUnt/QHw2KPfFcNSVzlK+ABaYvuWYbgfLzln2e7G0sOoZwHqD3VT5A7nzMt+GYRsNTOYoiAXPhAJ9WFvmYDjO0VNEFTMACLg9b9BzntdL0fpKlt/Jx5ep7i88IGtpQ8d7UUMOpRSXf8CHT0dvuA+WvlMZxfta9QlULImuoPjPkD90emszT1S3pvblvf9nedvpJcmSk2WHFONVK753IvawAFlReSoOQle+KPWQERhSa97SpFey3bJHrk7nTn7cpNhK4c5FRVQC7O12f88voLe53iwFYI5GmbL4b2INviQg7hlzj3kNZkpoKSHM7MCzbDTQC3XW1vM33sPOz5HKR2Y4KKN39mKEnEEWy/5el+ZL623tYTdtTmK+yZPBiG6tTA9g+n1E37J5TKy1APdxQkr6RSRRQmpF30ramKEExPElQFidv3YQlZLdFpjeI5BlWxdr5QdhYEl26KACfbS+0xrZqr5CxYsSXe1iR1I5Hymj4ZhnYvWV0zlmpC4z3VMxrqim3NFF9NAL7i9NwtLLm+8/iP8u4HpbX3nb0aqTOPqpaQZlCrlAAAGnpE6hPjvfkg0b1Y/dHzPlzjKmIC/Dq34un8vn5/K28BZ56MU39EeVJb2T1sSzWBsANlGijlfzPmbmR3jLxrPLpJcFabJs9ox3vIiZGTINEtDqiqwswB9dfzgj8JR9lKn+E2t52OkLRCxsP+AOZJ5CNrVtMifDzPNv7DylHjhLTVmkZzjwyobha30c29Nfzkf/SW/EPkZaoJKqEzJ9Li+DX/AGsnyUn/AEt+RX6/2j14dV/F8mP9prsBwKrUswXKv4m8K+2lz7Xl3S4Rh6Iu5NRunwp8r3PufaYy6fCtKyy6rL5o8+wvAsVVOVELm/I7ep5e81eE+zqsaao1RUzENVC+JnIN1S4sAq76E3Yk8lmjw+Kqv4aSBEGgsMqj0AlxhEcC7MT1J0A/4mEsEUbQ6iUtUefYrsJkJIxGS+2encC2gAZDpYekr6/Z1kbvqmJSoqi3gzMxAIIHiNt56DxPjeFAK/4imT0DXHzGkwHFawLHKRZr7HTXb11tL4+nhLbTE804ukDU+JBmCoRTynWzsjuD/ELD20l01PU2xeKGgNxVNgCNj5zGocrXsD6wipi2YWvYdBtNo44rXgrJt8c/JYcTxSkgGtWrWO1RyyfLn7StxOKdzdjc/l5AcpHkJhOHwhblLrtj7UFF+QVKZJh6YI2ljTwaoudyBK2tx6mj5WQuttQHKa+bAE7dJnOUYq2aRTk6Qx8LaRGlbxdAT/pF/wBJZV+I4YoGTDOxO98Q9l6aBdR+9JBiab909QoqL8NrsW8R2u3/AL9plLJGtF1F3srKTGm3eWDeE301TOMitfqbmw/hiwWIZiy5nGVMxsFOi21uRe5uNt7i8Zj8TlRUA1bckaADTw9W215A+elnhqd1KIgz1HQEjbKMroinqzsCeVqY6zznydXg9K+zvD2wz1D/AOSqxH8qAIPqrTVadLwHg2HWlQp0VJyoircC9yB4m9zc+8Pv0DfIyxBESfwiKP8AF+H5jX8opIPF6/EmO0rsVimYqDte/v8Av84MXncuYW57j1HL9+U0xNKSbKzjcWX2E4tlYqgJd1UFyxARTZqiov8AEyhibjcdNZ1rWFv3ptKLhe7MfSWTPeephjGNyXk83NJuovwSs943PIcxjSxm/cjm7SYvGl5GTHCTdk1Q68ciFiANSY0CEhMq5Ru3xEchvkB6cz8uWpuiLRDWYWyKdPvN+M//AJHL5+ka05cYDglSprbKv4m0FuoG7fl5y+weGw1FwgdHqnYEhnuBc5UGo58r+czlljEtGMpcIo+G8AqVLMRkXq1x8hufp6zSYThlGiL2DsPvNyPkuw/PzjcJxUYgVP8ADq1Q0w5IFlzd2VD5SxF7Zl26yLB99VGdglJeYcMzi+ov8IRrW8JBbUXUDWcsuoUnV/oarBJK6r7hxd3NlBPpC6PCETxVmF9wpIHzgeK4tSoLYG5tYkm1/MqNPaY3i/a12uqHKPLSTUpcaREYr7s3mO4/hqIJJ0HID6Ceadou1NfFEqpyUhso2sObn73vp06ylxGJdz4mJvqTeEcSwndolwwDBvFZgjnKwOU7Na1h63nLmyKL7Ud+HFq2BtgWIzBmudQQ4J9coO0WCqMSUb4hqD1HWdfC1EpU65zZKmxtotS7Bcp53CH/AHCE4Wgwr0g6lS24Itoy5hp6gmZ4cr7tM1yRTjtEXdmT0sMTLM4LXaWGGwYUXa2nWegcdpAGD4bexhtevToDkW6f3g+O4vb/AC6YueVt/boPOQ4XgrP/AJlZgF/iNlHqTufL85Vyofcp8di6tY+EEjlyHoJDS4FXfUIAOZOgHmWbQTU4niOGw4sozv5j8l0PzyzPcS4/Vq7HKOQHL0tYKfMC/nOXLOD52bwjPxpEmCRcLm7x0fN9wAtr5Xtvz2B2vAOI8YeqfFoo+EDYD22/frH8L4PiMS+SkjOSdTbQebNPTez32XIoDYk5j+Fdh785zOXwb0eYUsVmTuyWIZgcq6kkdBz9PTpPQex/ZyvmWtVTIAPArDx6/eK8tNNdd56Twvs5hsP/ANqiiH8QUZj/AFWvLZaQHKQTRSU1YCwAkpDkWN5bZZwwCpyN0MUtcs5APmK8IotTUZ6jWUbKNWY7gADYdT/eCsbQDFpY25HxL6Ny9jceoMlOmSy+oOG8a7Nc9CNddP7SdakytGoVPP52I8weUsKHEG52f1OV/wDVs3uCZ24urS1JHJk6fudo0mHVCCWa2/W+gBA2sLkjfodDyhby285W0cem2Yqeji311H5Q9Dm1Go6ggj5idWKcG207vx8HLkhKKSoeiX/9mF0cKTzPtadwFEsdpqcDwxQAztby5+81lNIw2yowXB2c2W563tYeptCe0HB69CktWg6lr2YMimxJGXKW8I+9qw3yjS81lF0UAKBYbAaCdqUu8GV9VO6/dPqOc5ZyclV0bY0ou2rMfhcRUp4TvMVV/wA41GJZ3ByLZQFyDViVDkIouMwvbeRdn8bTernJVKJz573etV8BVVyIG7pA5DW3a2xG21w/CcMm1KmvoiD9IzivGqGGTMMrOdERSNT522Wcvo26ts6vXpaVFRQw1LDoKjZ0QZ+7Q+B2DsWKIo1pJr8R8e3wfDKHinaUnRAFUaKqiyqOgEpuLcXqV3NRySTt0A5BRyEqmVjvOrHijjXyzCTlke+CXG8QZzcn6ybA8CxFUd5kKIASzv4EAAuSCdW06AwegrKwdSQykEEaEEbEGTcRxFV0Zqju5OgzszfEbaXOml9pGSUqs1xwitAWFQt4gQCdRmyjkbfFYchpzlxxnjmJxLJ34ASkt1VbWJtlNRtSM2W9hoOlr3neD4E1ENJaaO58Sl8oUAWVrki++XY6Zh1lVh6xysFVUFU5Au6gob5bk6ZspF7++886Ts7Ugihi6pUDNdEYsuZMyIbMbqD8TAFrX00JtFwaqauIRjf4z8Ru2iObseZk9XHL/hqVJEb/ALlQ1wwO6rYKG81c7a6fODgjBHzgbK5A3sX8KknnYB9ZGH3cVsZODU4moiDM1vSVlR6lbUeBOp0v/KOcrcXxRFJYnvH9so/T8/aVeL4nUfdrDoLgehO5HltO2fUJaWzmjhfk0B4hh8OLIM78ydf+Pmf6ZUY7jVWodWKjyPLpfl7WHlDOB9kMXirFKZRD997qPYbmendnvszw9Kz1h3z/AMWiA+S8/eckskpcm8YRjweVcG7OYnFECjTZh+M+FB/Uf0npPZ77K6aWfEv3h/AuiD1O5no+HwioAqqqgbAC30EIFOVNECYHh9OkoSmioo2Ci0LE7lnLCAK8UU4TAONGGdJjGMAdeKR3iki0fNGPoFeUrKzm2Ui4BuDzF9wD02nqOL4IjAiwP1+sy3FezLDVB+shlTKd2rfCbH8Lf/U7H00PrInQjQi3rCMTg3QkMpEiWqw0PiHRtfkdx7QBquQLcuh1jlcA3F1PVT+/zjroeq/7h/cfWIUifhs38puf9O/0kgPwPFnQ37xjppqbjy8WlveWeG4+W0dmHmGJH0Nx9ZmWQjcEeuk4pM0hmkuGZzwxlyjfF2qr4MQ6ORpd2KP6Mp8J/ekz/E1xaG1R6g/rcg+hvKmjjWT4T6jcH1Bl/gO0SkZKqgr0b4f6W3X0Ok3WSE9PTMHjnDcdr9zN1KrnRmY+rE/rCOGhy4VGyk+YAbyIbQ+hmhxXCUqeKkb88h3Hp1HmJn8Tw90OxFpTJhnHa2aQyxlp6LlatjkrDI3I/dPL+kwhsNKRcczAJUUuALAnVh6nn+cNwFdlGo/y7HKGuGv0TqPoOvW+LNL2yRWeNcxD1pQfjPhRPNx9FJh1FmbXJlHVjb6WgHHagKoAb2Y7bbbX26y+ZrtZGP3IOwmPppQem+YNctTZQb58igAN92566WvM7ifCqruddPQklvUszAdMsKw75lt6XGh2OhHzI9zBxRfPn0A2FzewGwH785wNHVYRSUNTBBAvlLX+66HKWt5pm+QgL1GdiqXOYgBRfUDbwjc/3M9A7M9i62JIqOhSlbdhZnH8KnXL5z03gvZbDYbWnRRW5uQCx95DB47wH7OsXiCGcdyh5v8AER5J/een9nvs8wmGsxTvHH338WvkuwmzSmBJFkkkSUQNAAJJHGNkAUdFGkySUK0bETETBJwmMJiLSNmgHWaMZo1nkLPBVkmadgneRSSCnbBrvbn6QarQU3AF4Wzlr2F9fVQPMcved7sm19Tc+EajlsTtIJZm8fwNKoIKX05D9ZlOKdh9yht5NPTnoAbnbkup8rsY2wsSAAOp39QevygHh+L7M4hNSh9ZV1MKy6MCPWfQX+ELgXW/6+vl5wDH8CouCGRcw3A2HqR8Rgg8MRmGxuOh1Hyncinkw9LH856dW7BLUP8Alkjztvz26QN/s4qi+VwfK35nlAPPe7T8TD1UH8mnO5X8Y91YfkDNpiuxNZOanyH95X1OyWI/Bc+X6yQUuEZk1FVQBsPGflcC3zlu/H2KhXSi9ubh7++VtTOL2SxJ2TTa/n0HWG4fsHin3S3qZdZZRVJlJY4ydtFaeM8lSgvmtMsf994M3EXvcE36gAE+5zH6zbYD7NKjWzuB6Cavhv2bYZLF7ufOHlk+WFjiuEeOoteofChPnYsfm15ZYPsXjaxHgb1Yz3jA9n8PSFkpqPaWiIF0AAlG2+S9UeQcK+yeqbGviMg6IMzfM7Te8E7E4PDWZaedx/5KpzsPNQfCvsBNJYRwtIBxUj1jbxZookfeK8jzRZoBJmnLyPNFmkgeTFeRF5wtIJRIxkZaNZ5GzwB7vIneRtUkD1IIskd4O9SRPUg1SpJICO8igXeRQAl2TkL/ADCj25n5bziBmNjex2A0t+v73kqoijXlvqfqILUxljZCAvUC59r8vOQXJ6qqmn3+u5+XL0gz1bWJ+IeVgP5j18pAapANyNb3bQNfov8Az1kLuLA6H+Ecul+pgBdXFcxpfc6hm8h0X0iw+FZ7EgBN77AztFBo778gfLayjeEGsWIAvfQ3Ov02EEBWgG9/oum2m7QLEcQuLKL+uij2g1R7khWJa3iJNgAPM/v1kaAZSAbL95ubH8IH784B0Jckkj+JzsPQDf8AdpKlMWGnhOw0zuRzboIxANPDf8Ka79Wlvg8Nl8TasfoOg6CAOwWFA8TDxcgLZVHQQ9UHSRhxO95AJxadvB+8i7ySQE54jUg3eTnewAnPEXgxqRpqwAvvI3PBDVnDWkCw3vI0vAjWnO+gWGl43vIGa8Ya8kWH97GtUgBrRrVoAa1WRPVgbV5C1aCAt60HerBnqyF6sAnep5yB6kHerIHqQLCe8igPeRQRZY1sUz7mwHL6e5kBcWt+z6yK+kQ/PnINCcNb15eXpaSUKZvcb/vWLDINyfzhyGw8Igq2JKOxcn0vB8Tis10TReZ2keNqMTYaD1gm+mwHS1zJIJQ2m/hG/UkdJIAdOv3VtfTrI05E202HIf3heFNrnmdzIJD8NTC6nVjuYR30CzGNzGSQH97OirK/Mf2Ysx/ZgB/fTnewEsZwuYAf30Ya3nAi5jC5gB5rxvfwAuf2Y0uYAca/nGNXgLOY0uYAccROGvAC5nMxgB3fxpxEBzmNLmAHmvGGvAi5jC5gBxrSNq0DLmMZjACmrSB6shZjImJgEzVJGakiYyMmATZ4pBFALMTqxRSC5Y4eTtFFCKMrsTvIFiikgnWF0NoopAJzGxRSQIxRRQBRpiigDY0xRQDhkZiigDDFFFAGGciigDTGGKKAcM4YooIYwxpiigkY0jaKKARtOGKKAMiiigH/2Q==');

SET IDENTITY_INSERT [dbo].[Products] OFF
GO
SET IDENTITY_INSERT [dbo].[PaymentMethods] ON 

INSERT [dbo].[PaymentMethods] ([PaymentMethodId], [Type], [Provider], [Available], [Reason]) VALUES (1, N'Cash', N'', N'True', N'')
INSERT [dbo].[PaymentMethods] ([PaymentMethodId], [Type], [Provider], [Available], [Reason]) VALUES (2, N'Card Payment', N'Bank', N'True', N'')
INSERT [dbo].[PaymentMethods] ([PaymentMethodId], [Type], [Provider], [Available], [Reason]) VALUES (3, N'Net Banking', N'SBI', N'True', N'')
INSERT [dbo].[PaymentMethods] ([PaymentMethodId], [Type], [Provider], [Available], [Reason]) VALUES (4, N'Net Banking', N'ICICI', N'True', N'')
INSERT [dbo].[PaymentMethods] ([PaymentMethodId], [Type], [Provider], [Available], [Reason]) VALUES (5, N'Net Banking', N'Bank of Maharashtra', N'False', N'server down')
INSERT [dbo].[PaymentMethods] ([PaymentMethodId], [Type], [Provider], [Available], [Reason]) VALUES (6, N'UPI', N'Google Pay', N'True', N'')
INSERT [dbo].[PaymentMethods] ([PaymentMethodId], [Type], [Provider], [Available], [Reason]) VALUES (7, N'UPI', N'Phone Pay', N'True', N'')
INSERT [dbo].[PaymentMethods] ([PaymentMethodId], [Type], [Provider], [Available], [Reason]) VALUES (8, N'UPI', N'BHIM Pay', N'True', N'')
SET IDENTITY_INSERT [dbo].[PaymentMethods] OFF
GO
